,Unnamed: 0,filename,sr,cleaned_sr,length,cleaned_length,emotion,emo_label,intensity,int_label,stmt,stmt_label,repetition,sex,sex_label,actor,neutral,calm,happy,sad,angry,fearful,disgust,surprised,y_pred
0,0,01-01-01-01-01.wav,48000,16000,3.3032916666666665,1.5159375,neutral,0,1,normal,1,Kids are talking by the door,1,male,1,1,0.464253306388855,0.23780131340026855,0.03310900181531906,0.1430799812078476,0.02465682476758957,0.03275897353887558,0.04194258898496628,0.02239801548421383,neutral
1,1,01-01-01-02-01.wav,48000,16000,3.3366666666666664,1.6495625,neutral,0,1,normal,1,Kids are talking by the door,2,male,1,1,0.3371143639087677,0.2794480621814728,0.050273772329092026,0.1441630870103836,0.03929347172379494,0.04837677255272865,0.054599225521087646,0.046731218695640564,neutral
2,2,01-01-02-01-01.wav,48000,16000,3.2699166666666666,1.419875,neutral,0,1,normal,2,Dogs are sitting by the door,1,male,1,1,0.3673163950443268,0.32314106822013855,0.05143347382545471,0.14449799060821533,0.008527482859790325,0.042911142110824585,0.03180650249123573,0.03036593832075596,neutral
3,3,01-01-02-02-01.wav,48000,16000,3.169833333333333,1.3514375,neutral,0,1,normal,2,Dogs are sitting by the door,2,male,1,1,0.41242724657058716,0.24635489284992218,0.04599565267562866,0.1581680029630661,0.01106096338480711,0.047514937818050385,0.034210946410894394,0.0442674346268177,neutral
4,4,02-01-01-01-01.wav,48000,16000,3.536854166666666,1.7140625,calm,1,1,normal,1,Kids are talking by the door,1,male,1,1,0.24338626861572266,0.5079413652420044,0.020906157791614532,0.11912906914949417,0.011823749169707298,0.02393154427409172,0.05812079459428787,0.014761104248464108,calm
5,5,02-01-01-02-01.wav,48000,16000,3.603583333333333,1.82925,calm,1,1,normal,1,Kids are talking by the door,2,male,1,1,0.1872878223657608,0.5320298075675964,0.022694570943713188,0.1297798752784729,0.031439803540706635,0.03058091551065445,0.03973139822483063,0.026455845683813095,calm
6,6,02-01-02-01-01.wav,48000,16000,3.5035,1.8061875,calm,1,1,normal,2,Dogs are sitting by the door,1,male,1,1,0.2293449491262436,0.511009156703949,0.022519782185554504,0.1278645247220993,0.010226789861917496,0.02477169595658779,0.05712107941508293,0.01714194007217884,calm
7,7,02-01-02-02-01.wav,48000,16000,3.470145833333333,1.6786875,calm,1,1,normal,2,Dogs are sitting by the door,2,male,1,1,0.22733372449874878,0.51553875207901,0.017814477905631065,0.1513739675283432,0.0033346032723784447,0.01751946099102497,0.04956144839525223,0.017523568123579025,calm
8,8,02-02-01-01-01.wav,48000,16000,3.703708333333333,1.9084375,calm,1,2,strong,1,Kids are talking by the door,1,male,1,1,0.14322952926158905,0.5601372718811035,0.014917142689228058,0.1483404040336609,0.01593538001179695,0.03621042147278786,0.06167592480778694,0.01955396682024002,calm
9,9,02-02-01-02-01.wav,48000,16000,4.004,2.2853125,calm,1,2,strong,1,Kids are talking by the door,2,male,1,1,0.1322491466999054,0.5527064800262451,0.02871539071202278,0.11733972281217575,0.020856332033872604,0.034806620329618454,0.09476053714752197,0.018565770238637924,calm
10,10,02-02-02-01-01.wav,48000,16000,4.204208333333334,2.418,calm,1,2,strong,2,Dogs are sitting by the door,1,male,1,1,0.17025746405124664,0.48432350158691406,0.024346694350242615,0.18404905498027802,0.018434645608067513,0.04160558059811592,0.05303467437624931,0.023948432877659798,calm
11,11,02-02-02-02-01.wav,48000,16000,4.004,2.3378125,calm,1,2,strong,2,Dogs are sitting by the door,2,male,1,1,0.14443941414356232,0.4744122624397278,0.032640885561704636,0.17314288020133972,0.025625327602028847,0.04737154394388199,0.07704972475767136,0.025317998602986336,calm
12,12,03-01-01-01-01.wav,48000,16000,3.470145833333333,1.719875,happy,2,1,normal,1,Kids are talking by the door,1,male,1,1,0.2606930434703827,0.21889889240264893,0.15401719510555267,0.15768884122371674,0.022191224619746208,0.04130147024989128,0.0601089708507061,0.08510034531354904,neutral
13,13,03-01-01-02-01.wav,48000,16000,3.470125,1.8448125,happy,2,1,normal,1,Kids are talking by the door,2,male,1,1,0.22011052072048187,0.11947178840637207,0.19529937207698822,0.14380082488059998,0.043812695890665054,0.11595515161752701,0.06284156441688538,0.09870806336402893,neutral
14,14,03-01-02-01-01.wav,48000,16000,3.536854166666666,1.843875,happy,2,1,normal,2,Dogs are sitting by the door,1,male,1,1,0.272209495306015,0.11397530138492584,0.1852634996175766,0.16579128801822662,0.08225323259830475,0.03301331400871277,0.06831663101911545,0.07917723059654236,neutral
15,15,03-01-02-02-01.wav,48000,16000,3.703708333333333,1.9650625,happy,2,1,normal,2,Dogs are sitting by the door,2,male,1,1,0.21615299582481384,0.16975083947181702,0.19245941936969757,0.1715518981218338,0.07071612030267715,0.053828101605176926,0.07037092000246048,0.055169712752103806,neutral
16,16,03-02-01-01-01.wav,48000,16000,3.670333333333333,1.819875,happy,2,2,strong,1,Kids are talking by the door,1,male,1,1,0.09009118378162384,0.10056690126657486,0.20906482636928558,0.15845412015914917,0.04443375766277313,0.08288410305976868,0.12815934419631958,0.18634575605392456,happy
17,17,03-02-01-02-01.wav,48000,16000,3.636958333333333,2.0445,happy,2,2,strong,1,Kids are talking by the door,2,male,1,1,0.09604842960834503,0.04924158379435539,0.28936442732810974,0.15721556544303894,0.06866168975830078,0.11187386512756348,0.101462721824646,0.12613168358802795,happy
18,18,03-02-02-01-01.wav,48000,16000,3.93725,2.762875,happy,2,2,strong,2,Dogs are sitting by the door,1,male,1,1,0.06860388815402985,0.051964811980724335,0.2604345977306366,0.11140155792236328,0.14902900159358978,0.1277541220188141,0.0974937304854393,0.13331833481788635,happy
19,19,03-02-02-02-01.wav,48000,16000,3.937270833333333,2.4918125,happy,2,2,strong,2,Dogs are sitting by the door,2,male,1,1,0.07219821214675903,0.05023859068751335,0.227320596575737,0.1307249665260315,0.11158788204193115,0.1625451147556305,0.10309505462646484,0.14228956401348114,happy
20,20,04-01-01-01-01.wav,48000,16000,3.8371666666666666,1.950625,sad,3,1,normal,1,Kids are talking by the door,1,male,1,1,0.2008160799741745,0.31575143337249756,0.05757841467857361,0.24648267030715942,0.028515443205833435,0.04908914864063263,0.06691782176494598,0.034848954528570175,calm
21,21,04-01-01-02-01.wav,48000,16000,3.5702291666666666,1.7143125,sad,3,1,normal,1,Kids are talking by the door,2,male,1,1,0.24470876157283783,0.21889959275722504,0.06831430643796921,0.2546069622039795,0.0397525280714035,0.039207927882671356,0.09628517925739288,0.038224685937166214,sad
22,22,04-01-02-01-01.wav,48000,16000,3.5035,1.60275,sad,3,1,normal,2,Dogs are sitting by the door,1,male,1,1,0.24125491082668304,0.22294317185878754,0.05561988055706024,0.33315837383270264,0.012238364666700363,0.04698507487773895,0.054610058665275574,0.03319019824266434,sad
23,23,04-01-02-02-01.wav,48000,16000,3.370041666666667,1.6335,sad,3,1,normal,2,Dogs are sitting by the door,2,male,1,1,0.2282494455575943,0.2077811062335968,0.04458717629313469,0.36691078543663025,0.02763921022415161,0.05509086325764656,0.03824116289615631,0.03150028735399246,sad
24,24,04-02-01-01-01.wav,48000,16000,3.8037916666666662,1.98725,sad,3,2,strong,1,Kids are talking by the door,1,male,1,1,0.215606689453125,0.24700641632080078,0.06073668599128723,0.31100013852119446,0.029602175578475,0.03762994334101677,0.059545326977968216,0.038872554898262024,sad
25,25,04-02-01-02-01.wav,48000,16000,3.703708333333333,1.8730625,sad,3,2,strong,1,Kids are talking by the door,2,male,1,1,0.1784820705652237,0.13778528571128845,0.16263483464717865,0.2651074230670929,0.048068877309560776,0.05849476158618927,0.0686279833316803,0.08079875260591507,sad
26,26,04-02-02-01-01.wav,48000,16000,3.7370833333333335,1.8645,sad,3,2,strong,2,Dogs are sitting by the door,1,male,1,1,0.2263166904449463,0.1087765172123909,0.13967496156692505,0.34506648778915405,0.01748088002204895,0.06757780909538269,0.04204197973012924,0.053064633160829544,sad
27,27,04-02-02-02-01.wav,48000,16000,3.7370625,1.9661875,sad,3,2,strong,2,Dogs are sitting by the door,2,male,1,1,0.18447864055633545,0.10618582367897034,0.2383410483598709,0.19275300204753876,0.049699120223522186,0.07179684191942215,0.0694822296500206,0.08726327121257782,happy
28,28,05-01-01-01-01.wav,48000,16000,3.8705416666666665,2.2325,angry,4,1,normal,1,Kids are talking by the door,1,male,1,1,0.03714706376194954,0.08343961834907532,0.15519095957279205,0.08496782928705215,0.21431207656860352,0.1272607147693634,0.15469564497470856,0.14298602938652039,angry
29,29,05-01-01-02-01.wav,48000,16000,3.937270833333333,2.506125,angry,4,1,normal,1,Kids are talking by the door,2,male,1,1,0.08322122693061829,0.06805587559938431,0.11153455823659897,0.0936775952577591,0.20800597965717316,0.12144453823566437,0.1718202382326126,0.1422399878501892,angry
30,30,05-01-02-01-01.wav,48000,16000,3.5035,1.799375,angry,4,1,normal,2,Dogs are sitting by the door,1,male,1,1,0.10509134829044342,0.08612960577011108,0.13224200904369354,0.16303545236587524,0.11235705763101578,0.13940349221229553,0.12643711268901825,0.13530391454696655,sad
31,31,05-01-02-02-01.wav,48000,16000,3.7370625,2.1820625,angry,4,1,normal,2,Dogs are sitting by the door,2,male,1,1,0.09154880046844482,0.07590378075838089,0.16466659307479858,0.1164647713303566,0.15755386650562286,0.11049827933311462,0.10144232213497162,0.18192152678966522,surprised
32,32,05-02-01-01-01.wav,48000,16000,4.104104166666667,3.2521875,angry,4,2,strong,1,Kids are talking by the door,1,male,1,1,0.0033033862709999084,0.008650709874927998,0.09508653730154037,0.03428177535533905,0.4307917654514313,0.25393587350845337,0.08090981841087341,0.09304014593362808,angry
33,33,05-02-01-02-01.wav,48000,16000,4.371041666666667,3.491875,angry,4,2,strong,1,Kids are talking by the door,2,male,1,1,0.003198800375685096,0.014671741053462029,0.10502014309167862,0.05956091731786728,0.38857924938201904,0.17768985033035278,0.14544662833213806,0.10583271831274033,angry
34,34,05-02-02-01-01.wav,48000,16000,4.137458333333333,3.760375,angry,4,2,strong,2,Dogs are sitting by the door,1,male,1,1,0.015656033530831337,0.04027208685874939,0.08425997942686081,0.07751743495464325,0.39338013529777527,0.19289718568325043,0.11708531528711319,0.0789317786693573,angry
35,35,05-02-02-02-01.wav,48000,16000,4.437770833333333,4.307125,angry,4,2,strong,2,Dogs are sitting by the door,2,male,1,1,0.009276307187974453,0.03223249688744545,0.07709497213363647,0.03988640010356903,0.468673437833786,0.24399495124816895,0.0719713643193245,0.05686996877193451,angry
36,36,06-01-01-01-01.wav,48000,16000,3.670333333333333,2.210625,fearful,5,1,normal,1,Kids are talking by the door,1,male,1,1,0.11407973617315292,0.10584629327058792,0.12910467386245728,0.23543335497379303,0.06522385776042938,0.14454251527786255,0.07840670645236969,0.12736283242702484,sad
37,37,06-01-01-02-01.wav,48000,16000,3.636979166666667,1.81425,fearful,5,1,normal,1,Kids are talking by the door,2,male,1,1,0.15315598249435425,0.07830315828323364,0.20515187084674835,0.23325923085212708,0.053836628794670105,0.10477730631828308,0.08131448924541473,0.09020131826400757,sad
38,38,06-01-02-01-01.wav,48000,16000,3.4367708333333336,2.12375,fearful,5,1,normal,2,Dogs are sitting by the door,1,male,1,1,0.16688963770866394,0.1653025597333908,0.09177285432815552,0.2014060765504837,0.05690458416938782,0.13153110444545746,0.11069399118423462,0.07549919188022614,sad
39,39,06-01-02-02-01.wav,48000,16000,3.7036875,2.2473125,fearful,5,1,normal,2,Dogs are sitting by the door,2,male,1,1,0.1672235131263733,0.17601265013217926,0.1027720719575882,0.25060924887657166,0.04141925275325775,0.10148889571428299,0.07443064451217651,0.08604369312524796,sad
40,40,06-02-01-01-01.wav,48000,16000,5.005,4.9953125,fearful,5,2,strong,1,Kids are talking by the door,1,male,1,1,0.012056035920977592,0.02169664017856121,0.10134683549404144,0.07587917149066925,0.19063828885555267,0.3811244070529938,0.07281512767076492,0.14444339275360107,fearful
41,41,06-02-01-02-01.wav,48000,16000,4.2375625,4.127375,fearful,5,2,strong,1,Kids are talking by the door,2,male,1,1,0.01005795132368803,0.019950009882450104,0.11834061145782471,0.10522066801786423,0.17863626778125763,0.291555255651474,0.09582698345184326,0.18041229248046875,fearful
42,42,06-02-02-01-01.wav,48000,16000,3.970625,3.898875,fearful,5,2,strong,2,Dogs are sitting by the door,1,male,1,1,0.0031449333764612675,0.013894620351493359,0.09510723501443863,0.052785325795412064,0.18741850554943085,0.43338173627853394,0.07163797318935394,0.14262978732585907,fearful
43,43,06-02-02-02-01.wav,48000,16000,3.9039166666666665,3.7729375,fearful,5,2,strong,2,Dogs are sitting by the door,2,male,1,1,0.010988982394337654,0.029712283983826637,0.12847106158733368,0.0710248053073883,0.1826951950788498,0.3620283305644989,0.07560765743255615,0.13947169482707977,fearful
44,44,07-01-01-01-01.wav,48000,16000,3.870520833333333,2.404375,disgust,6,1,normal,1,Kids are talking by the door,1,male,1,1,0.1648765653371811,0.2488250881433487,0.039570152759552,0.1846410632133484,0.0547797828912735,0.05617360398173332,0.20290082693099976,0.048232968896627426,calm
45,45,07-01-01-02-01.wav,48000,16000,3.903895833333333,2.6015625,disgust,6,1,normal,1,Kids are talking by the door,2,male,1,1,0.1182560920715332,0.12925314903259277,0.08544750511646271,0.16188262403011322,0.10029494762420654,0.06938554346561432,0.2537204623222351,0.08175967633724213,disgust
46,46,07-01-02-01-01.wav,48000,16000,3.903895833333333,2.429125,disgust,6,1,normal,2,Dogs are sitting by the door,1,male,1,1,0.16072838008403778,0.29157742857933044,0.037562981247901917,0.2166665941476822,0.04333307221531868,0.04658441245555878,0.14338846504688263,0.06015865132212639,calm
47,47,07-01-02-02-01.wav,48000,16000,3.8371666666666666,2.0154375,disgust,6,1,normal,2,Dogs are sitting by the door,2,male,1,1,0.1737450510263443,0.2754213511943817,0.07019104808568954,0.23213283717632294,0.028365224599838257,0.04260195419192314,0.13480164110660553,0.042740896344184875,calm
48,48,07-02-01-01-01.wav,48000,16000,4.304291666666667,3.4276875,disgust,6,2,strong,1,Kids are talking by the door,1,male,1,1,0.02728579007089138,0.051218822598457336,0.10636879503726959,0.10096009820699692,0.1374635547399521,0.07039614021778107,0.27423396706581116,0.23207281529903412,disgust
49,49,07-02-01-02-01.wav,48000,16000,4.104104166666667,2.9226875,disgust,6,2,strong,1,Kids are talking by the door,2,male,1,1,0.037668947130441666,0.07561881095170975,0.12923401594161987,0.08331267535686493,0.11497297137975693,0.13380660116672516,0.23335477709770203,0.1920311599969864,disgust
50,50,07-02-02-01-01.wav,48000,16000,4.037375,2.7860625,disgust,6,2,strong,2,Dogs are sitting by the door,1,male,1,1,0.031113015487790108,0.07489687204360962,0.08064373582601547,0.1285565346479416,0.05419426038861275,0.10038870573043823,0.36464354395866394,0.16556327044963837,disgust
51,51,07-02-02-02-01.wav,48000,16000,4.371020833333334,2.5680625,disgust,6,2,strong,2,Dogs are sitting by the door,2,male,1,1,0.03515386953949928,0.05317102372646332,0.11096753180027008,0.12685054540634155,0.08565498143434525,0.11685017496347427,0.28810369968414307,0.1832481324672699,disgust
52,52,08-01-01-01-01.wav,48000,16000,3.403395833333333,1.5683125,surprised,7,1,normal,1,Kids are talking by the door,1,male,1,1,0.21692009270191193,0.24726146459579468,0.06964278221130371,0.20354965329170227,0.021707406267523766,0.05341611057519913,0.12575973570346832,0.061742767691612244,calm
53,53,08-01-01-02-01.wav,48000,16000,3.2699166666666666,1.41525,surprised,7,1,normal,1,Kids are talking by the door,2,male,1,1,0.23062007129192352,0.1540670543909073,0.13200321793556213,0.20051923394203186,0.04411834105849266,0.06005193665623665,0.07515042275190353,0.10346971452236176,neutral
54,54,08-01-02-01-01.wav,48000,16000,3.536875,1.882625,surprised,7,1,normal,2,Dogs are sitting by the door,1,male,1,1,0.2351147085428238,0.16313932836055756,0.08184324204921722,0.21827928721904755,0.049730200320482254,0.05710131675004959,0.08683217316865921,0.10795977711677551,neutral
55,55,08-01-02-02-01.wav,48000,16000,3.2699166666666666,1.43575,surprised,7,1,normal,2,Dogs are sitting by the door,2,male,1,1,0.22802625596523285,0.14955410361289978,0.08393732458353043,0.13522467017173767,0.030043456703424454,0.09638826549053192,0.09376071393489838,0.1830652505159378,neutral
56,56,08-02-01-01-01.wav,48000,16000,3.43675,1.8048125,surprised,7,2,strong,1,Kids are talking by the door,1,male,1,1,0.08227655291557312,0.04937218129634857,0.24498125910758972,0.11850627511739731,0.07506120949983597,0.13724692165851593,0.11171354353427887,0.1808421015739441,happy
57,57,08-02-01-02-01.wav,48000,16000,3.5702291666666666,1.7266875,surprised,7,2,strong,1,Kids are talking by the door,2,male,1,1,0.043850865215063095,0.05604308098554611,0.19062379002571106,0.10432831943035126,0.10403533279895782,0.18198716640472412,0.11041335016489029,0.20871807634830475,surprised
58,58,08-02-02-01-01.wav,48000,16000,3.5035,1.7945,surprised,7,2,strong,2,Dogs are sitting by the door,1,male,1,1,0.11305583268404007,0.07401228696107864,0.1708798110485077,0.12326129525899887,0.09518636018037796,0.13266833126544952,0.09928812086582184,0.1916479468345642,surprised
59,59,08-02-02-02-01.wav,48000,16000,3.2699375,1.7456875,surprised,7,2,strong,2,Dogs are sitting by the door,2,male,1,1,0.08967200666666031,0.05321894958615303,0.21339966356754303,0.10210826247930527,0.07815704494714737,0.10245164483785629,0.12020868062973022,0.24078375101089478,surprised
60,60,01-01-01-01-02.wav,48000,16000,3.636958333333333,1.7646875,neutral,0,1,normal,1,Kids are talking by the door,1,female,0,2,0.5364440679550171,0.15451177954673767,0.035943903028964996,0.09586308896541595,0.035088181495666504,0.04622051492333412,0.056461531668901443,0.039466939866542816,neutral
61,61,01-01-01-02-02.wav,48000,16000,3.6036041666666665,1.8585,neutral,0,1,normal,1,Kids are talking by the door,2,female,0,2,0.5500391125679016,0.18544191122055054,0.030270546674728394,0.09751275926828384,0.03188932314515114,0.027771415188908577,0.04194878414273262,0.03512616455554962,neutral
62,62,01-01-02-01-02.wav,48000,16000,3.7704166666666663,1.879125,neutral,0,1,normal,2,Dogs are sitting by the door,1,female,0,2,0.5469165444374084,0.17068670690059662,0.04433787986636162,0.10659248381853104,0.020901592448353767,0.021107371896505356,0.045618802309036255,0.04383857548236847,neutral
63,63,01-01-02-02-02.wav,48000,16000,3.603583333333333,1.908625,neutral,0,1,normal,2,Dogs are sitting by the door,2,female,0,2,0.5429879426956177,0.13267391920089722,0.06738109141588211,0.10891048610210419,0.03233629837632179,0.028549984097480774,0.037027448415756226,0.050132766366004944,neutral
64,64,02-01-01-01-02.wav,48000,16000,3.8371666666666666,2.1294375,calm,1,1,normal,1,Kids are talking by the door,1,female,0,2,0.3455066680908203,0.4092486798763275,0.035359520465135574,0.1152505874633789,0.012766637839376926,0.021192830055952072,0.028792912140488625,0.031882140785455704,calm
65,65,02-01-01-02-02.wav,48000,16000,4.004,2.1388125,calm,1,1,normal,1,Kids are talking by the door,2,female,0,2,0.26349902153015137,0.5430880784988403,0.02223239839076996,0.08655250817537308,0.009328029118478298,0.02389226295053959,0.02543266862630844,0.025975022464990616,calm
66,66,02-01-02-01-02.wav,48000,16000,3.8371666666666666,1.9545625,calm,1,1,normal,2,Dogs are sitting by the door,1,female,0,2,0.3155115842819214,0.48113420605659485,0.02326824888586998,0.11320090293884277,0.008539808914065361,0.016602151095867157,0.025609850883483887,0.01613321527838707,calm
67,67,02-01-02-02-02.wav,48000,16000,3.970625,2.1531875,calm,1,1,normal,2,Dogs are sitting by the door,2,female,0,2,0.2726719081401825,0.530585765838623,0.030569113790988922,0.09757007658481598,0.01178969070315361,0.017053719609975815,0.02276381477713585,0.016996007412672043,calm
68,68,02-02-01-01-02.wav,48000,16000,4.137479166666667,2.4349375,calm,1,2,strong,1,Kids are talking by the door,1,female,0,2,0.19871123135089874,0.5358681678771973,0.03176458552479744,0.11420335620641708,0.022510066628456116,0.02669258415699005,0.0420551635324955,0.028194883838295937,calm
69,69,02-02-01-02-02.wav,48000,16000,4.037375,2.1940625,calm,1,2,strong,1,Kids are talking by the door,2,female,0,2,0.2090558558702469,0.5652293562889099,0.03171033412218094,0.09585447609424591,0.016790714114904404,0.01916525512933731,0.04117555171251297,0.021018465980887413,calm
70,70,02-02-02-01-02.wav,48000,16000,4.104104166666667,2.4493125,calm,1,2,strong,2,Dogs are sitting by the door,1,female,0,2,0.2524004876613617,0.3938780725002289,0.05054169520735741,0.16743461787700653,0.02646738477051258,0.03663403168320656,0.04200480505824089,0.03063897043466568,calm
71,71,02-02-02-02-02.wav,48000,16000,4.104104166666667,2.2656875,calm,1,2,strong,2,Dogs are sitting by the door,2,female,0,2,0.23005610704421997,0.5656479001045227,0.020652752369642258,0.10449738800525665,0.008863847702741623,0.016914092004299164,0.034562744200229645,0.01880521886050701,calm
72,72,03-01-01-01-02.wav,48000,16000,3.6036041666666665,2.0156875,happy,2,1,normal,1,Kids are talking by the door,1,female,0,2,0.18373015522956848,0.09259887039661407,0.27977603673934937,0.09379938989877701,0.08298389613628387,0.07441308349370956,0.08133666217327118,0.11136193573474884,happy
73,73,03-01-01-02-02.wav,48000,16000,3.7036875,1.971125,happy,2,1,normal,1,Kids are talking by the door,2,female,0,2,0.2376907765865326,0.11657649278640747,0.3015078604221344,0.08695381879806519,0.06102628633379936,0.04196513816714287,0.06805996596813202,0.0862196609377861,happy
74,74,03-01-02-01-02.wav,48000,16000,3.7704375,2.00575,happy,2,1,normal,2,Dogs are sitting by the door,1,female,0,2,0.24700847268104553,0.14188861846923828,0.25478044152259827,0.11116079241037369,0.04364177584648132,0.031249726191163063,0.08836527168750763,0.08190490305423737,happy
75,75,03-01-02-02-02.wav,48000,16000,3.7370833333333335,2.1648125,happy,2,1,normal,2,Dogs are sitting by the door,2,female,0,2,0.26016107201576233,0.13404762744903564,0.25234106183052063,0.11863569915294647,0.04373853653669357,0.033078983426094055,0.07367032766342163,0.08432673662900925,neutral
76,76,03-02-01-01-02.wav,48000,16000,3.703708333333333,2.217875,happy,2,2,strong,1,Kids are talking by the door,1,female,0,2,0.01609458588063717,0.07098028063774109,0.3935844600200653,0.07473356276750565,0.11746013909578323,0.12449080497026443,0.06795313209295273,0.13470308482646942,happy
77,77,03-02-01-02-02.wav,48000,16000,3.670333333333333,2.398375,happy,2,2,strong,1,Kids are talking by the door,2,female,0,2,0.05216226354241371,0.04882809892296791,0.40436872839927673,0.07248526811599731,0.08783036470413208,0.13397030532360077,0.08384222537279129,0.1165127232670784,happy
78,78,03-02-02-01-02.wav,48000,16000,3.703708333333333,2.381875,happy,2,2,strong,2,Dogs are sitting by the door,1,female,0,2,0.05112607404589653,0.06933236867189407,0.36076173186302185,0.1026105061173439,0.06578657776117325,0.10067705810070038,0.11884918063879013,0.1308564990758896,happy
79,79,03-02-02-02-02.wav,48000,16000,3.870520833333333,2.3428125,happy,2,2,strong,2,Dogs are sitting by the door,2,female,0,2,0.050910498946905136,0.052990447729825974,0.35954707860946655,0.10442041605710983,0.1124504879117012,0.0689617395401001,0.08641400933265686,0.16430532932281494,happy
80,80,04-01-01-01-02.wav,48000,16000,3.8371666666666666,2.1295,sad,3,1,normal,1,Kids are talking by the door,1,female,0,2,0.3142538368701935,0.22862248122692108,0.044017523527145386,0.22931861877441406,0.023790018633008003,0.04048551991581917,0.06879721581935883,0.05071493610739708,neutral
81,81,04-01-01-02-02.wav,48000,16000,3.7704375,1.9355,sad,3,1,normal,1,Kids are talking by the door,2,female,0,2,0.2616643011569977,0.21126534044742584,0.04301496967673302,0.26167798042297363,0.024282485246658325,0.044115010648965836,0.08418891578912735,0.06979093700647354,sad
82,82,04-01-02-01-02.wav,48000,16000,3.7370625,1.86525,sad,3,1,normal,2,Dogs are sitting by the door,1,female,0,2,0.25455015897750854,0.1885879933834076,0.03485465794801712,0.33529773354530334,0.016263864934444427,0.040700629353523254,0.07525413483381271,0.05449077859520912,sad
83,83,04-01-02-02-02.wav,48000,16000,3.7704375,1.902625,sad,3,1,normal,2,Dogs are sitting by the door,2,female,0,2,0.32159537076950073,0.27227821946144104,0.03713148832321167,0.19857124984264374,0.019926685839891434,0.03308354690670967,0.07260971516370773,0.044803641736507416,neutral
84,84,04-02-01-01-02.wav,48000,16000,3.7370833333333335,1.8316875,sad,3,2,strong,1,Kids are talking by the door,1,female,0,2,0.13327020406723022,0.1931970715522766,0.08224096894264221,0.2584708631038666,0.04016910865902901,0.055313874036073685,0.18202444911003113,0.05531345307826996,sad
85,85,04-02-01-02-02.wav,48000,16000,3.7704166666666663,1.9099375,sad,3,2,strong,1,Kids are talking by the door,2,female,0,2,0.1905788630247116,0.20421379804611206,0.039955656975507736,0.28331834077835083,0.028003064915537834,0.035015806555747986,0.16329002380371094,0.055624473839998245,sad
86,86,04-02-02-01-02.wav,48000,16000,3.7036875,1.8285625,sad,3,2,strong,2,Dogs are sitting by the door,1,female,0,2,0.2653816044330597,0.19478827714920044,0.04442785680294037,0.2628929316997528,0.03285256400704384,0.033584702759981155,0.1190868616104126,0.04698514938354492,neutral
87,87,04-02-02-02-02.wav,48000,16000,3.670333333333333,1.99125,sad,3,2,strong,2,Dogs are sitting by the door,2,female,0,2,0.20743924379348755,0.13240163028240204,0.053564541041851044,0.2662339210510254,0.0354301743209362,0.06856033951044083,0.12125135958194733,0.11511881649494171,sad
88,88,05-01-01-01-02.wav,48000,16000,3.670333333333333,2.0050625,angry,4,1,normal,1,Kids are talking by the door,1,female,0,2,0.14388276636600494,0.05855385214090347,0.07781317830085754,0.09343575686216354,0.16979174315929413,0.08268073201179504,0.20249228179454803,0.1713496893644333,disgust
89,89,05-01-01-02-02.wav,48000,16000,3.670333333333333,2.16825,angry,4,1,normal,1,Kids are talking by the door,2,female,0,2,0.13323096930980682,0.03678014874458313,0.11131845414638519,0.08406238257884979,0.23345133662223816,0.07811099290847778,0.17930004000663757,0.14374566078186035,angry
90,90,05-01-02-01-02.wav,48000,16000,3.7704166666666663,2.15075,angry,4,1,normal,2,Dogs are sitting by the door,1,female,0,2,0.1762816607952118,0.056517284363508224,0.10089041292667389,0.11029732972383499,0.1262807995080948,0.07500679790973663,0.20456412434577942,0.15016157925128937,disgust
91,91,05-01-02-02-02.wav,48000,16000,3.8037916666666662,2.2398125,angry,4,1,normal,2,Dogs are sitting by the door,2,female,0,2,0.09966612607240677,0.07825876027345657,0.12123975902795792,0.09108281880617142,0.171421080827713,0.06439705193042755,0.24792662262916565,0.12600776553153992,disgust
92,92,05-02-01-01-02.wav,48000,16000,3.9039166666666665,2.465625,angry,4,2,strong,1,Kids are talking by the door,1,female,0,2,0.04054942727088928,0.013719860464334488,0.11498871445655823,0.03175964206457138,0.4016666114330292,0.14312529563903809,0.11915066838264465,0.1350397914648056,angry
93,93,05-02-01-02-02.wav,48000,16000,4.004,2.4205,angry,4,2,strong,1,Kids are talking by the door,2,female,0,2,0.04868451878428459,0.00840685609728098,0.13957121968269348,0.03144417330622673,0.37756815552711487,0.12878470122814178,0.10641404986381531,0.15912629663944244,angry
94,94,05-02-02-01-02.wav,48000,16000,4.004,2.3306875,angry,4,2,strong,2,Dogs are sitting by the door,1,female,0,2,0.015261253342032433,0.01253504864871502,0.11471401900053024,0.05177103355526924,0.4319640100002289,0.1272255927324295,0.10805396735668182,0.13847507536411285,angry
95,95,05-02-02-02-02.wav,48000,16000,4.004,2.248375,angry,4,2,strong,2,Dogs are sitting by the door,2,female,0,2,0.037531983107328415,0.017728861421346664,0.12564589083194733,0.04129936173558235,0.36811888217926025,0.16148251295089722,0.07846535742282867,0.16972716152668,angry
96,96,06-01-01-01-02.wav,48000,16000,3.636979166666667,2.549375,fearful,5,1,normal,1,Kids are talking by the door,1,female,0,2,0.03876443952322006,0.06314075738191605,0.14794926345348358,0.0902865007519722,0.12386404722929001,0.20683345198631287,0.12385112792253494,0.2053103893995285,fearful
97,97,06-01-01-02-02.wav,48000,16000,3.7370625,2.2590625,fearful,5,1,normal,1,Kids are talking by the door,2,female,0,2,0.026302384212613106,0.015195885673165321,0.139576256275177,0.06239677593111992,0.12978661060333252,0.2662576138973236,0.10564780980348587,0.25483664870262146,fearful
98,98,06-01-02-01-02.wav,48000,16000,3.670333333333333,2.4554375,fearful,5,1,normal,2,Dogs are sitting by the door,1,female,0,2,0.11026354879140854,0.054968371987342834,0.12106034904718399,0.1083400622010231,0.08743634074926376,0.23468045890331268,0.09900757670402527,0.18424327671527863,fearful
99,99,06-01-02-02-02.wav,48000,16000,3.7370625,2.4131875,fearful,5,1,normal,2,Dogs are sitting by the door,2,female,0,2,0.08321606367826462,0.030007274821400642,0.10876468569040298,0.10480576753616333,0.08342396467924118,0.26185157895088196,0.10361690074205399,0.22431375086307526,fearful
100,100,06-02-01-01-02.wav,48000,16000,3.8037916666666662,2.529625,fearful,5,2,strong,1,Kids are talking by the door,1,female,0,2,0.017077984288334846,0.01793467067182064,0.12171868234872818,0.10110341012477875,0.1058885008096695,0.36473584175109863,0.07258450239896774,0.1989564299583435,fearful
101,101,06-02-01-02-02.wav,48000,16000,3.636979166666667,2.6280625,fearful,5,2,strong,1,Kids are talking by the door,2,female,0,2,0.03126533702015877,0.012740139849483967,0.1279335916042328,0.07535385340452194,0.1138414591550827,0.37903261184692383,0.06372129172086716,0.19611167907714844,fearful
102,102,06-02-02-01-02.wav,48000,16000,3.6036041666666665,2.365125,fearful,5,2,strong,2,Dogs are sitting by the door,1,female,0,2,0.008441668935120106,0.018244817852973938,0.14886994659900665,0.11374211311340332,0.08745921403169632,0.28449249267578125,0.07419063150882721,0.2645590901374817,fearful
103,103,06-02-02-02-02.wav,48000,16000,3.6036041666666665,2.5666875,fearful,5,2,strong,2,Dogs are sitting by the door,2,female,0,2,0.04447327181696892,0.026360543444752693,0.1259559988975525,0.1231035515666008,0.06878672540187836,0.3564911186695099,0.0745461955666542,0.1802825927734375,fearful
104,104,07-01-01-01-02.wav,48000,16000,3.670333333333333,2.00725,disgust,6,1,normal,1,Kids are talking by the door,1,female,0,2,0.15981438755989075,0.16048482060432434,0.04983247444033623,0.16990749537944794,0.12049132585525513,0.04927894473075867,0.2193092405796051,0.07088132947683334,disgust
105,105,07-01-01-02-02.wav,48000,16000,3.636979166666667,1.8188125,disgust,6,1,normal,1,Kids are talking by the door,2,female,0,2,0.16325242817401886,0.13660840690135956,0.06538411974906921,0.18378673493862152,0.09615569561719894,0.03507201001048088,0.24586759507656097,0.07387302815914154,disgust
106,106,07-01-02-01-02.wav,48000,16000,3.8705416666666665,2.140875,disgust,6,1,normal,2,Dogs are sitting by the door,1,female,0,2,0.1534292846918106,0.12360793352127075,0.0654514953494072,0.15414388477802277,0.051364995539188385,0.07452366501092911,0.3036923110485077,0.07378638535737991,disgust
107,107,07-01-02-02-02.wav,48000,16000,3.8371666666666666,2.0528125,disgust,6,1,normal,2,Dogs are sitting by the door,2,female,0,2,0.17415940761566162,0.11320257186889648,0.05907408148050308,0.13127048313617706,0.06784240901470184,0.04498956352472305,0.32002636790275574,0.08943513035774231,disgust
108,108,07-02-01-01-02.wav,48000,16000,4.137458333333333,2.375625,disgust,6,2,strong,1,Kids are talking by the door,1,female,0,2,0.11456166207790375,0.07937637716531754,0.07443103939294815,0.11966270208358765,0.0931113213300705,0.0662960410118103,0.36770617961883545,0.08485469967126846,disgust
109,109,07-02-01-02-02.wav,48000,16000,4.137458333333333,2.4135,disgust,6,2,strong,1,Kids are talking by the door,2,female,0,2,0.08106990158557892,0.12038543820381165,0.06007273495197296,0.09543409198522568,0.12127413600683212,0.07096720486879349,0.34125760197639465,0.10953887552022934,disgust
110,110,07-02-02-01-02.wav,48000,16000,4.004,2.379875,disgust,6,2,strong,2,Dogs are sitting by the door,1,female,0,2,0.09187059104442596,0.07598056644201279,0.10079606622457504,0.10440418124198914,0.069300077855587,0.06960978358983994,0.3767707645893097,0.11126799881458282,disgust
111,111,07-02-02-02-02.wav,48000,16000,4.037375,2.6148125,disgust,6,2,strong,2,Dogs are sitting by the door,2,female,0,2,0.1093577966094017,0.07152482867240906,0.11319533735513687,0.10353250801563263,0.12158800661563873,0.0749436542391777,0.29311445355415344,0.11274341493844986,disgust
112,112,08-01-01-01-02.wav,48000,16000,3.536854166666666,2.045375,surprised,7,1,normal,1,Kids are talking by the door,1,female,0,2,0.08315993845462799,0.04930151626467705,0.12027402967214584,0.09038104861974716,0.11007638275623322,0.12246918678283691,0.122322678565979,0.3020152449607849,surprised
113,113,08-01-01-02-02.wav,48000,16000,3.536854166666666,1.7705625,surprised,7,1,normal,1,Kids are talking by the door,2,female,0,2,0.1445830762386322,0.07326804846525192,0.18517085909843445,0.09965603798627853,0.08644542843103409,0.10038240253925323,0.10064201802015305,0.20985214412212372,surprised
114,114,08-01-02-01-02.wav,48000,16000,3.6036041666666665,1.7044375,surprised,7,1,normal,2,Dogs are sitting by the door,1,female,0,2,0.21815022826194763,0.0613701269030571,0.1390325427055359,0.10068607330322266,0.06356331706047058,0.10358647257089615,0.10728377103805542,0.20632746815681458,neutral
115,115,08-01-02-02-02.wav,48000,16000,3.536875,1.952625,surprised,7,1,normal,2,Dogs are sitting by the door,2,female,0,2,0.1952444314956665,0.07306106388568878,0.16949109733104706,0.1049978956580162,0.06601955741643906,0.08054040372371674,0.08747435361146927,0.2231711894273758,surprised
116,116,08-02-01-01-02.wav,48000,16000,3.7370625,2.337,surprised,7,2,strong,1,Kids are talking by the door,1,female,0,2,0.06590484827756882,0.03053126111626625,0.12414439767599106,0.08610964566469193,0.1390908658504486,0.14257796108722687,0.15215052664279938,0.2594905197620392,surprised
117,117,08-02-01-02-02.wav,48000,16000,3.7704375,2.3406875,surprised,7,2,strong,1,Kids are talking by the door,2,female,0,2,0.08094611018896103,0.02119320072233677,0.1323731392621994,0.08256581425666809,0.15630488097667694,0.10415541380643845,0.15753178298473358,0.2649296224117279,surprised
118,118,08-02-02-01-02.wav,48000,16000,3.7370833333333335,2.1079375,surprised,7,2,strong,2,Dogs are sitting by the door,1,female,0,2,0.03169619292020798,0.02540285885334015,0.16408656537532806,0.09353161603212357,0.1387658268213272,0.10940679907798767,0.14561684429645538,0.2914932668209076,surprised
119,119,08-02-02-02-02.wav,48000,16000,3.8038125,2.3365,surprised,7,2,strong,2,Dogs are sitting by the door,2,female,0,2,0.07269344478845596,0.033847659826278687,0.1618650108575821,0.1430603712797165,0.10665763169527054,0.11074897646903992,0.10277105122804642,0.2683559060096741,surprised
120,120,01-01-01-01-03.wav,48000,16000,3.4367708333333336,1.7874375,neutral,0,1,normal,1,Kids are talking by the door,1,male,1,3,0.6026453971862793,0.123402439057827,0.02468097396194935,0.13735032081604004,0.01003874558955431,0.02909601293504238,0.04344161972403526,0.029344500973820686,neutral
121,121,01-01-01-02-03.wav,48000,16000,3.5035,1.98975,neutral,0,1,normal,1,Kids are talking by the door,2,male,1,3,0.4780128300189972,0.16836749017238617,0.03450698032975197,0.15845844149589539,0.026012856513261795,0.04507092759013176,0.04878458008170128,0.04078581556677818,neutral
122,122,01-01-02-01-03.wav,48000,16000,3.5035,1.752125,neutral,0,1,normal,2,Dogs are sitting by the door,1,male,1,3,0.42997321486473083,0.22600121796131134,0.03671618178486824,0.14553822576999664,0.02270703949034214,0.04511747881770134,0.04665828496217728,0.04728833958506584,neutral
123,123,01-01-02-02-03.wav,48000,16000,3.470145833333333,1.7690625,neutral,0,1,normal,2,Dogs are sitting by the door,2,male,1,3,0.5090402960777283,0.1306358128786087,0.04293166846036911,0.15980423986911774,0.015566070564091206,0.030390838161110878,0.06229960173368454,0.04933149740099907,neutral
124,124,02-01-01-01-03.wav,48000,16000,3.8371666666666666,2.13025,calm,1,1,normal,1,Kids are talking by the door,1,male,1,3,0.14819805324077606,0.6213066577911377,0.012191591784358025,0.13570500910282135,0.007372207008302212,0.024333065375685692,0.031063780188560486,0.019829561933875084,calm
125,125,02-01-01-02-03.wav,48000,16000,3.7370625,2.152125,calm,1,1,normal,1,Kids are talking by the door,2,male,1,3,0.10234476625919342,0.6351231336593628,0.02584356628358364,0.13054192066192627,0.011720898561179638,0.0303652323782444,0.040464334189891815,0.02359616383910179,calm
126,126,02-01-02-01-03.wav,48000,16000,3.8371666666666666,2.30575,calm,1,1,normal,2,Dogs are sitting by the door,1,male,1,3,0.08859880268573761,0.661085844039917,0.01298761460930109,0.13444490730762482,0.007421598304063082,0.019772471860051155,0.06004941835999489,0.015639306977391243,calm
127,127,02-01-02-02-03.wav,48000,16000,3.970625,2.6945625,calm,1,1,normal,2,Dogs are sitting by the door,2,male,1,3,0.10408448427915573,0.45765799283981323,0.06761069595813751,0.12974607944488525,0.03933435678482056,0.07493897527456284,0.0812782570719719,0.04534912109375,calm
128,128,02-02-01-01-03.wav,48000,16000,4.037375,3.4911875,calm,1,2,strong,1,Kids are talking by the door,1,male,1,3,0.06869479268789291,0.5902572274208069,0.04199299216270447,0.11516784131526947,0.03821694850921631,0.054018598049879074,0.05802587792277336,0.03362569957971573,calm
129,129,02-02-01-02-03.wav,48000,16000,3.970645833333333,2.9968125,calm,1,2,strong,1,Kids are talking by the door,2,male,1,3,0.1196693480014801,0.45028263330459595,0.0579025000333786,0.160613015294075,0.03327493369579315,0.07323826849460602,0.06279201060533524,0.042227279394865036,calm
130,130,02-02-02-01-03.wav,48000,16000,4.137458333333333,3.1694375,calm,1,2,strong,2,Dogs are sitting by the door,1,male,1,3,0.08474259078502655,0.5595273375511169,0.07206767797470093,0.11053668707609177,0.035674914717674255,0.05237153545022011,0.05478554219007492,0.030293617397546768,calm
131,131,02-02-02-02-03.wav,48000,16000,4.004,3.18725,calm,1,2,strong,2,Dogs are sitting by the door,2,male,1,3,0.08234839886426926,0.5372483730316162,0.055660031735897064,0.09844420105218887,0.03132559731602669,0.07088582217693329,0.06970556080341339,0.05438201501965523,calm
132,132,03-01-01-01-03.wav,48000,16000,3.7704166666666663,2.7145,happy,2,1,normal,1,Kids are talking by the door,1,male,1,3,0.12840718030929565,0.11343221366405487,0.17952178418636322,0.10877794772386551,0.06523348391056061,0.08335307240486145,0.12637107074260712,0.19490323960781097,surprised
133,133,03-01-01-02-03.wav,48000,16000,3.603583333333333,2.667875,happy,2,1,normal,1,Kids are talking by the door,2,male,1,3,0.06846613436937332,0.06973793357610703,0.2526932656764984,0.11397863179445267,0.08709908276796341,0.08996158093214035,0.09511212259531021,0.222951278090477,happy
134,134,03-01-02-01-03.wav,48000,16000,3.5035,2.428,happy,2,1,normal,2,Dogs are sitting by the door,1,male,1,3,0.1571578085422516,0.12401807308197021,0.2841480076313019,0.11873822659254074,0.06642115116119385,0.04578658565878868,0.09217686206102371,0.11155330389738083,happy
135,135,03-01-02-02-03.wav,48000,16000,3.5035,2.35875,happy,2,1,normal,2,Dogs are sitting by the door,2,male,1,3,0.14518217742443085,0.10273221135139465,0.20055517554283142,0.11972864717245102,0.06885811686515808,0.07735452800989151,0.13341282308101654,0.1521763652563095,happy
136,136,03-02-01-01-03.wav,48000,16000,4.3043125,3.5440625,happy,2,2,strong,1,Kids are talking by the door,1,male,1,3,0.027562759816646576,0.04684680700302124,0.4267306327819824,0.07653924077749252,0.04722555726766586,0.08667369931936264,0.08499270677566528,0.20342856645584106,happy
137,137,03-02-01-02-03.wav,48000,16000,4.404395833333333,3.92375,happy,2,2,strong,1,Kids are talking by the door,2,male,1,3,0.014609972946345806,0.02937416173517704,0.36734527349472046,0.0831228494644165,0.1110754981637001,0.12606868147850037,0.10122637450695038,0.16717718541622162,happy
138,138,03-02-02-01-03.wav,48000,16000,4.137458333333333,3.82775,happy,2,2,strong,2,Dogs are sitting by the door,1,male,1,3,0.019505968317389488,0.03146930783987045,0.2534389793872833,0.1102580800652504,0.12868326902389526,0.21235164999961853,0.1025809645652771,0.1417117714881897,happy
139,139,03-02-02-02-03.wav,48000,16000,3.8371666666666666,3.43425,happy,2,2,strong,2,Dogs are sitting by the door,2,male,1,3,0.01683674566447735,0.035570234060287476,0.45581549406051636,0.05242696404457092,0.058733414858579636,0.0919918492436409,0.07199269533157349,0.2166326493024826,happy
140,140,04-01-01-01-03.wav,48000,16000,3.6036041666666665,1.9514375,sad,3,1,normal,1,Kids are talking by the door,1,male,1,3,0.19069500267505646,0.1808052659034729,0.0279842521995306,0.4481477737426758,0.015693938359618187,0.03487439081072807,0.06361815333366394,0.03818123787641525,sad
141,141,04-01-01-02-03.wav,48000,16000,3.5702291666666666,2.48925,sad,3,1,normal,1,Kids are talking by the door,2,male,1,3,0.12391313165426254,0.19311200082302094,0.06635943055152893,0.37007197737693787,0.04269774258136749,0.058244477957487106,0.0797702744603157,0.06583099812269211,sad
142,142,04-01-02-01-03.wav,48000,16000,3.5702291666666666,2.608375,sad,3,1,normal,2,Dogs are sitting by the door,1,male,1,3,0.18091638386249542,0.219240203499794,0.060369823127985,0.2954961359500885,0.054745472967624664,0.08842197060585022,0.05825977027416229,0.04255020618438721,sad
143,143,04-01-02-02-03.wav,48000,16000,3.536875,2.4945,sad,3,1,normal,2,Dogs are sitting by the door,2,male,1,3,0.11885412782430649,0.21970607340335846,0.05065399408340454,0.3372991383075714,0.032559726387262344,0.07482155412435532,0.09106037020683289,0.07504497468471527,sad
144,144,04-02-01-01-03.wav,48000,16000,3.7704375,2.5514375,sad,3,2,strong,1,Kids are talking by the door,1,male,1,3,0.0515904575586319,0.03908031806349754,0.14174233376979828,0.3361109793186188,0.061225198209285736,0.08155778795480728,0.14702366292476654,0.14166921377182007,sad
145,145,04-02-01-02-03.wav,48000,16000,3.8371666666666666,2.9256875,sad,3,2,strong,1,Kids are talking by the door,2,male,1,3,0.07638923823833466,0.04231015220284462,0.13133428990840912,0.1748366802930832,0.06722408533096313,0.16146351397037506,0.17442427575588226,0.17201770842075348,sad
146,146,04-02-02-01-03.wav,48000,16000,3.470125,3.3946875,sad,3,2,strong,2,Dogs are sitting by the door,1,male,1,3,0.03905653953552246,0.04996415227651596,0.13962030410766602,0.21002620458602905,0.17469874024391174,0.18879005312919617,0.09102746844291687,0.10681656002998352,sad
147,147,04-02-02-02-03.wav,48000,16000,3.7036875,2.7875,sad,3,2,strong,2,Dogs are sitting by the door,2,male,1,3,0.03587636724114418,0.07108505815267563,0.14109598100185394,0.22340673208236694,0.09629872441291809,0.18843071162700653,0.10479213297367096,0.13901427388191223,sad
148,148,05-01-01-01-03.wav,48000,16000,4.004,2.74175,angry,4,1,normal,1,Kids are talking by the door,1,male,1,3,0.14716894924640656,0.2648904025554657,0.0354008749127388,0.11373484879732132,0.21865065395832062,0.061269596219062805,0.11176460236310959,0.047120075672864914,calm
149,149,05-01-01-02-03.wav,48000,16000,4.070729166666666,3.0728125,angry,4,1,normal,1,Kids are talking by the door,2,male,1,3,0.06806237250566483,0.04506267234683037,0.09494905918836594,0.10150783509016037,0.2536439597606659,0.09872250258922577,0.21426613628864288,0.12378548085689545,angry
150,150,05-01-02-01-03.wav,48000,16000,3.8038125,3.0786875,angry,4,1,normal,2,Dogs are sitting by the door,1,male,1,3,0.08069401234388351,0.09002839028835297,0.07859738171100616,0.12244460731744766,0.25113075971603394,0.09443561732769012,0.1706124246120453,0.11205673962831497,angry
151,151,05-01-02-02-03.wav,48000,16000,3.8371666666666666,3.0103125,angry,4,1,normal,2,Dogs are sitting by the door,2,male,1,3,0.052245281636714935,0.044436465948820114,0.0700974091887474,0.12280305474996567,0.22843320667743683,0.147487074136734,0.18886680901050568,0.14563067257404327,angry
152,152,05-02-01-01-03.wav,48000,16000,4.404395833333333,4.3640625,angry,4,2,strong,1,Kids are talking by the door,1,male,1,3,0.012436369433999062,0.04746490716934204,0.09743447601795197,0.048739124089479446,0.4535452723503113,0.14603781700134277,0.10004367679357529,0.09429838508367538,angry
153,153,05-02-01-02-03.wav,48000,16000,4.404416666666667,4.4044375,angry,4,2,strong,1,Kids are talking by the door,2,male,1,3,0.0229311715811491,0.033966049551963806,0.08221429586410522,0.05758881941437721,0.41083309054374695,0.17939461767673492,0.1006220281124115,0.1124500259757042,angry
154,154,05-02-02-01-03.wav,48000,16000,4.2375625,4.1911875,angry,4,2,strong,2,Dogs are sitting by the door,1,male,1,3,0.027276266366243362,0.021646562963724136,0.09370162338018417,0.06765247136354446,0.3893534243106842,0.20217372477054596,0.10692073404788971,0.0912751778960228,angry
155,155,05-02-02-02-03.wav,48000,16000,4.5045,4.2059375,angry,4,2,strong,2,Dogs are sitting by the door,2,male,1,3,0.018372248858213425,0.028500871732831,0.10876421630382538,0.04736823961138725,0.415508508682251,0.1930360049009323,0.08720903843641281,0.1012408584356308,angry
156,156,06-01-01-01-03.wav,48000,16000,3.7370833333333335,2.7698125,fearful,5,1,normal,1,Kids are talking by the door,1,male,1,3,0.09796352684497833,0.16747857630252838,0.05503908917307854,0.19543179869651794,0.06303959339857101,0.15880149602890015,0.15876023471355438,0.10348573327064514,sad
157,157,06-01-01-02-03.wav,48000,16000,3.8371666666666666,3.125875,fearful,5,1,normal,1,Kids are talking by the door,2,male,1,3,0.10148587077856064,0.17290019989013672,0.06988101452589035,0.17222318053245544,0.057740468531847,0.13229578733444214,0.14863283932209015,0.14484067261219025,calm
158,158,06-01-02-01-03.wav,48000,16000,3.5035,2.5975625,fearful,5,1,normal,2,Dogs are sitting by the door,1,male,1,3,0.031775716692209244,0.09598763287067413,0.09679099917411804,0.1675308793783188,0.08468709141016006,0.15721619129180908,0.17691229283809662,0.18909922242164612,surprised
159,159,06-01-02-02-03.wav,48000,16000,3.203208333333333,2.558375,fearful,5,1,normal,2,Dogs are sitting by the door,2,male,1,3,0.08244389295578003,0.09586448967456818,0.09110631793737411,0.18177205324172974,0.10485659539699554,0.1921427845954895,0.1240343451499939,0.1277795135974884,fearful
160,160,06-02-01-01-03.wav,48000,16000,3.3033125,3.2576875,fearful,5,2,strong,1,Kids are talking by the door,1,male,1,3,0.01562870666384697,0.03173959627747536,0.0937729924917221,0.0843987837433815,0.11661455780267715,0.42408013343811035,0.10520490258932114,0.12856028974056244,fearful
161,161,06-02-01-02-03.wav,48000,16000,3.903895833333333,3.9039375,fearful,5,2,strong,1,Kids are talking by the door,2,male,1,3,0.005782755557447672,0.008471312932670116,0.1015395075082779,0.07572353631258011,0.187251016497612,0.46130773425102234,0.050107408314943314,0.10981672257184982,fearful
162,162,06-02-02-01-03.wav,48000,16000,3.3033125,3.2505625,fearful,5,2,strong,2,Dogs are sitting by the door,1,male,1,3,0.016636377200484276,0.032772284001111984,0.12811531126499176,0.09079498797655106,0.2132955938577652,0.3067066967487335,0.10588538646697998,0.10579340904951096,fearful
163,163,06-02-02-02-03.wav,48000,16000,3.4367708333333336,3.4368125,fearful,5,2,strong,2,Dogs are sitting by the door,2,male,1,3,0.0026324011851102114,0.013387296348810196,0.13051092624664307,0.08551806956529617,0.11886955797672272,0.4980041980743408,0.04492611065506935,0.1061515212059021,fearful
164,164,07-01-01-01-03.wav,48000,16000,4.037375,3.5135625,disgust,6,1,normal,1,Kids are talking by the door,1,male,1,3,0.06756742298603058,0.08057121187448502,0.11739134043455124,0.09351005405187607,0.12066523730754852,0.0978713408112526,0.27651894092559814,0.14590446650981903,disgust
165,165,07-01-01-02-03.wav,48000,16000,3.970645833333333,3.17725,disgust,6,1,normal,1,Kids are talking by the door,2,male,1,3,0.11761181056499481,0.12825720012187958,0.07608409970998764,0.1140483170747757,0.11288454383611679,0.1252477765083313,0.22166399657726288,0.10420231521129608,disgust
166,166,07-01-02-01-03.wav,48000,16000,3.6036041666666665,2.5786875,disgust,6,1,normal,2,Dogs are sitting by the door,1,male,1,3,0.07364720106124878,0.13979990780353546,0.0657651349902153,0.1295366883277893,0.08025608211755753,0.13309699296951294,0.2488887906074524,0.1290091872215271,disgust
167,167,07-01-02-02-03.wav,48000,16000,3.7704375,3.2418125,disgust,6,1,normal,2,Dogs are sitting by the door,2,male,1,3,0.10322882980108261,0.09203214943408966,0.068449005484581,0.09696269035339355,0.146325945854187,0.08500876277685165,0.2656637728214264,0.14232884347438812,disgust
168,168,07-02-01-01-03.wav,48000,16000,4.104104166666667,3.3245,disgust,6,2,strong,1,Kids are talking by the door,1,male,1,3,0.0721966028213501,0.17939990758895874,0.10082725435495377,0.11715570837259293,0.07882070541381836,0.08970051258802414,0.24697159230709076,0.11492769420146942,disgust
169,169,07-02-01-02-03.wav,48000,16000,4.104104166666667,3.706375,disgust,6,2,strong,1,Kids are talking by the door,2,male,1,3,0.03971678018569946,0.19969838857650757,0.06833458691835403,0.1112503781914711,0.0924568623304367,0.08145781606435776,0.2957562208175659,0.11132900416851044,disgust
170,170,07-02-02-01-03.wav,48000,16000,3.8371666666666666,3.2335625,disgust,6,2,strong,2,Dogs are sitting by the door,1,male,1,3,0.03528405353426933,0.09439386427402496,0.08309964090585709,0.15532734990119934,0.07749080657958984,0.11544398963451385,0.2906266152858734,0.14833365380764008,disgust
171,171,07-02-02-02-03.wav,48000,16000,3.937270833333333,3.443125,disgust,6,2,strong,2,Dogs are sitting by the door,2,male,1,3,0.030535884201526642,0.040820568799972534,0.09903234988451004,0.1094907894730568,0.12919126451015472,0.11482776701450348,0.3163973391056061,0.1597040593624115,disgust
172,172,08-01-01-01-03.wav,48000,16000,3.2365625,2.05425,surprised,7,1,normal,1,Kids are talking by the door,1,male,1,3,0.08753065764904022,0.04987194389104843,0.13715726137161255,0.10728833824396133,0.06498273462057114,0.11582883447408676,0.11423937976360321,0.3231008052825928,surprised
173,173,08-01-01-02-03.wav,48000,16000,3.370041666666667,2.0886875,surprised,7,1,normal,1,Kids are talking by the door,2,male,1,3,0.12104836851358414,0.1006738692522049,0.12874957919120789,0.11986706405878067,0.06570567190647125,0.12546928226947784,0.11337064206600189,0.22511550784111023,surprised
174,174,08-01-02-01-03.wav,48000,16000,3.203208333333333,1.782875,surprised,7,1,normal,2,Dogs are sitting by the door,1,male,1,3,0.0974394753575325,0.06071878969669342,0.0894906148314476,0.1563342809677124,0.047182388603687286,0.08251599222421646,0.18412907421588898,0.28218933939933777,surprised
175,175,08-01-02-02-03.wav,48000,16000,3.5702291666666666,2.155625,surprised,7,1,normal,2,Dogs are sitting by the door,2,male,1,3,0.1100064218044281,0.08214600384235382,0.12319151312112808,0.12197358161211014,0.05828288570046425,0.09764856100082397,0.1121753379702568,0.2945757210254669,surprised
176,176,08-02-01-01-03.wav,48000,16000,3.2699375,2.2781875,surprised,7,2,strong,1,Kids are talking by the door,1,male,1,3,0.03500101715326309,0.03503549471497536,0.13027730584144592,0.0868469774723053,0.09948069602251053,0.07809355109930038,0.190308079123497,0.3449568748474121,surprised
177,177,08-02-01-02-03.wav,48000,16000,3.6036041666666665,2.3905625,surprised,7,2,strong,1,Kids are talking by the door,2,male,1,3,0.04796680808067322,0.0319591723382473,0.13809733092784882,0.11064295470714569,0.10899745672941208,0.11061453819274902,0.1675446629524231,0.2841770648956299,surprised
178,178,08-02-02-01-03.wav,48000,16000,3.5035,2.6255625,surprised,7,2,strong,2,Dogs are sitting by the door,1,male,1,3,0.03530040755867958,0.023207806050777435,0.17867358028888702,0.09093333780765533,0.10719472914934158,0.16079384088516235,0.12344939261674881,0.28044694662094116,surprised
179,179,08-02-02-02-03.wav,48000,16000,3.2365625,2.05025,surprised,7,2,strong,2,Dogs are sitting by the door,2,male,1,3,0.09071551263332367,0.055130552500486374,0.1286865919828415,0.10937856137752533,0.09126519411802292,0.11553509533405304,0.14928773045539856,0.2600007951259613,surprised
180,180,01-01-01-01-04.wav,48000,16000,3.3032916666666665,1.574,neutral,0,1,normal,1,Kids are talking by the door,1,female,0,4,0.5587385892868042,0.1988995224237442,0.036061108112335205,0.09597421437501907,0.018812960013747215,0.024782948195934296,0.037864066660404205,0.02886655367910862,neutral
181,181,01-01-01-02-04.wav,48000,16000,3.370041666666667,1.53025,neutral,0,1,normal,1,Kids are talking by the door,2,female,0,4,0.548791766166687,0.21830950677394867,0.03638284653425217,0.08298061788082123,0.017574714496731758,0.01958991028368473,0.036612119525671005,0.03975851833820343,neutral
182,182,01-01-02-01-04.wav,48000,16000,3.2699375,1.406,neutral,0,1,normal,2,Dogs are sitting by the door,1,female,0,4,0.5091818571090698,0.23386536538600922,0.035230815410614014,0.11676480621099472,0.015285939909517765,0.023339031264185905,0.025436419993638992,0.04089582711458206,neutral
183,183,01-01-02-02-04.wav,48000,16000,3.2365625,1.357,neutral,0,1,normal,2,Dogs are sitting by the door,2,female,0,4,0.4877246618270874,0.2952427268028259,0.02018168196082115,0.12194767594337463,0.007777784485369921,0.019861165434122086,0.0181399155408144,0.029124362394213676,neutral
184,184,02-01-01-01-04.wav,48000,16000,3.8037916666666662,2.207,calm,1,1,normal,1,Kids are talking by the door,1,female,0,4,0.2607247531414032,0.31801968812942505,0.09713127464056015,0.1298806518316269,0.04937184229493141,0.038896940648555756,0.06362463533878326,0.04235018044710159,calm
185,185,02-01-01-02-04.wav,48000,16000,3.7370625,2.184125,calm,1,1,normal,1,Kids are talking by the door,2,female,0,4,0.23719069361686707,0.33362793922424316,0.10978652536869049,0.12497765570878983,0.04580042138695717,0.04327264428138733,0.06105755642056465,0.044286493211984634,calm
186,186,02-01-02-01-04.wav,48000,16000,3.636979166666667,2.3855625,calm,1,1,normal,2,Dogs are sitting by the door,1,female,0,4,0.23226329684257507,0.3210649788379669,0.04552329704165459,0.12241110950708389,0.0654456689953804,0.059928856790065765,0.0839262530207634,0.06943648308515549,calm
187,187,02-01-02-02-04.wav,48000,16000,3.57025,1.9088125,calm,1,1,normal,2,Dogs are sitting by the door,2,female,0,4,0.25386080145835876,0.4383298456668854,0.06257456541061401,0.10089101642370224,0.02535809949040413,0.03464687988162041,0.06206139177083969,0.022277429699897766,calm
188,188,02-02-01-01-04.wav,48000,16000,3.970625,2.33325,calm,1,2,strong,1,Kids are talking by the door,1,female,0,4,0.20257975161075592,0.35100579261779785,0.035200897604227066,0.15919911861419678,0.0687294751405716,0.03865950182080269,0.0974549800157547,0.04717047140002251,calm
189,189,02-02-01-02-04.wav,48000,16000,3.8038125,2.436625,calm,1,2,strong,1,Kids are talking by the door,2,female,0,4,0.2452666163444519,0.4002443253993988,0.06455830484628677,0.1269623190164566,0.0330771841108799,0.04679983854293823,0.04989396035671234,0.03319748863577843,calm
190,190,02-02-02-01-04.wav,48000,16000,3.8037916666666662,2.8729375,calm,1,2,strong,2,Dogs are sitting by the door,1,female,0,4,0.1773069202899933,0.4305400550365448,0.06217002868652344,0.1340683251619339,0.05238322541117668,0.0636850893497467,0.0521426759660244,0.027703741565346718,calm
191,191,02-02-02-02-04.wav,48000,16000,4.037375,2.2275625,calm,1,2,strong,2,Dogs are sitting by the door,2,female,0,4,0.15691886842250824,0.47738897800445557,0.032654955983161926,0.1508173793554306,0.033421918749809265,0.052831973880529404,0.07196217030286789,0.02400384098291397,calm
192,192,03-01-01-01-04.wav,48000,16000,3.5035,1.6721875,happy,2,1,normal,1,Kids are talking by the door,1,female,0,4,0.2117275893688202,0.15175673365592957,0.2351992428302765,0.1500810831785202,0.05123136565089226,0.030727779492735863,0.08344375342130661,0.08583249896764755,happy
193,193,03-01-01-02-04.wav,48000,16000,3.536854166666666,1.7365625,happy,2,1,normal,1,Kids are talking by the door,2,female,0,4,0.071102574467659,0.08524557948112488,0.2978285849094391,0.18144088983535767,0.05741596221923828,0.07858481258153915,0.08264397084712982,0.14573761820793152,happy
194,194,03-01-02-01-04.wav,48000,16000,3.5035,1.768125,happy,2,1,normal,2,Dogs are sitting by the door,1,female,0,4,0.11876605451107025,0.16583369672298431,0.24223531782627106,0.13170863687992096,0.06544087082147598,0.0602324977517128,0.08958696573972702,0.1261959671974182,happy
195,195,03-01-02-02-04.wav,48000,16000,3.4367708333333336,1.604125,happy,2,1,normal,2,Dogs are sitting by the door,2,female,0,4,0.11068463325500488,0.09209702163934708,0.2989484667778015,0.12098653614521027,0.05377194285392761,0.040146853774785995,0.13212767243385315,0.1512369066476822,happy
196,196,03-02-01-01-04.wav,48000,16000,3.8705416666666665,2.6598125,happy,2,2,strong,1,Kids are talking by the door,1,female,0,4,0.02235732227563858,0.027931224554777145,0.282561331987381,0.12758757174015045,0.12154875695705414,0.1548822969198227,0.08978915959596634,0.17334233224391937,happy
197,197,03-02-01-02-04.wav,48000,16000,3.5702291666666666,1.75275,happy,2,2,strong,1,Kids are talking by the door,2,female,0,4,0.025250183418393135,0.01314917579293251,0.28092291951179504,0.15464361011981964,0.094048872590065,0.1533409208059311,0.07237913459539413,0.2062651515007019,happy
198,198,03-02-02-01-04.wav,48000,16000,3.6036041666666665,1.84025,happy,2,2,strong,2,Dogs are sitting by the door,1,female,0,4,0.053414713591337204,0.0763450339436531,0.2595619261264801,0.10110236704349518,0.11236681044101715,0.1081492230296135,0.09699155390262604,0.19206839799880981,happy
199,199,03-02-02-02-04.wav,48000,16000,3.7704166666666663,2.5983125,happy,2,2,strong,2,Dogs are sitting by the door,2,female,0,4,0.014984569512307644,0.025870876386761665,0.2494240701198578,0.10257630050182343,0.12704309821128845,0.2276330441236496,0.056004129350185394,0.19646388292312622,happy
200,200,04-01-01-01-04.wav,48000,16000,3.370041666666667,1.533875,sad,3,1,normal,1,Kids are talking by the door,1,female,0,4,0.2518764138221741,0.26362743973731995,0.03126825392246246,0.24653157591819763,0.020110981538891792,0.04139914736151695,0.09432875365018845,0.050857413560152054,calm
201,201,04-01-01-02-04.wav,48000,16000,3.403395833333333,1.6874375,sad,3,1,normal,1,Kids are talking by the door,2,female,0,4,0.15739238262176514,0.08401297777891159,0.1356058120727539,0.15375658869743347,0.08720822632312775,0.08983684331178665,0.11455671489238739,0.1776304841041565,surprised
202,202,04-01-02-01-04.wav,48000,16000,3.4367708333333336,1.915125,sad,3,1,normal,2,Dogs are sitting by the door,1,female,0,4,0.16228336095809937,0.06457646936178207,0.15091870725154877,0.13862121105194092,0.09321390837430954,0.11047449707984924,0.10640639811754227,0.17350545525550842,surprised
203,203,04-01-02-02-04.wav,48000,16000,3.470125,1.9388125,sad,3,1,normal,2,Dogs are sitting by the door,2,female,0,4,0.13584759831428528,0.07387211173772812,0.11556500941514969,0.19382289052009583,0.08001845329999924,0.10571786016225815,0.10977805405855179,0.18537801504135132,sad
204,204,04-02-01-01-04.wav,48000,16000,3.670333333333333,2.172875,sad,3,2,strong,1,Kids are talking by the door,1,female,0,4,0.060772091150283813,0.03833673521876335,0.17640511691570282,0.2999487817287445,0.06835214048624039,0.12052830308675766,0.06513438373804092,0.17052242159843445,sad
205,205,04-02-01-02-04.wav,48000,16000,3.7704375,2.0105625,sad,3,2,strong,1,Kids are talking by the door,2,female,0,4,0.037775568664073944,0.04326299577951431,0.09523072838783264,0.3337886333465576,0.06288723647594452,0.11432582139968872,0.09645062685012817,0.21627838909626007,sad
206,206,04-02-02-01-04.wav,48000,16000,3.7704375,2.429125,sad,3,2,strong,2,Dogs are sitting by the door,1,female,0,4,0.05201699212193489,0.03078014962375164,0.13105113804340363,0.3379777669906616,0.08669882267713547,0.2007392793893814,0.05116556957364082,0.10957027226686478,sad
207,207,04-02-02-02-04.wav,48000,16000,3.7704375,2.2021875,sad,3,2,strong,2,Dogs are sitting by the door,2,female,0,4,0.02074780873954296,0.023921729996800423,0.15681816637516022,0.38933736085891724,0.056945111602544785,0.15348786115646362,0.059883616864681244,0.13885842263698578,sad
208,208,05-01-01-01-04.wav,48000,16000,3.703708333333333,2.05125,angry,4,1,normal,1,Kids are talking by the door,1,female,0,4,0.1403268277645111,0.06899955868721008,0.1283428966999054,0.10878647863864899,0.12720200419425964,0.09506885707378387,0.14335188269615173,0.18792149424552917,surprised
209,209,05-01-01-02-04.wav,48000,16000,3.6036041666666665,1.872875,angry,4,1,normal,1,Kids are talking by the door,2,female,0,4,0.13799408078193665,0.10219306498765945,0.09205421805381775,0.10149747878313065,0.2013908475637436,0.07600636035203934,0.15231437981128693,0.13654948770999908,angry
210,210,05-01-02-01-04.wav,48000,16000,3.470125,1.8538125,angry,4,1,normal,2,Dogs are sitting by the door,1,female,0,4,0.07131479680538177,0.03216772899031639,0.15893203020095825,0.07428991049528122,0.18781009316444397,0.1308119297027588,0.125266894698143,0.2194065898656845,surprised
211,211,05-01-02-02-04.wav,48000,16000,3.7370625,2.0426875,angry,4,1,normal,2,Dogs are sitting by the door,2,female,0,4,0.1603456735610962,0.1173497810959816,0.09210745245218277,0.1341305524110794,0.11381401866674423,0.06637801229953766,0.18255464732646942,0.13331985473632812,disgust
212,212,05-02-01-01-04.wav,48000,16000,3.7704375,2.7829375,angry,4,2,strong,1,Kids are talking by the door,1,female,0,4,0.03267199918627739,0.023386113345623016,0.1382794827222824,0.04818658530712128,0.37942901253700256,0.16952544450759888,0.06259341537952423,0.14592799544334412,angry
213,213,05-02-01-02-04.wav,48000,16000,3.870520833333333,2.271875,angry,4,2,strong,1,Kids are talking by the door,2,female,0,4,0.0546635277569294,0.015892844647169113,0.11259198188781738,0.04860119894146919,0.304109662771225,0.13016480207443237,0.11128990352153778,0.22268611192703247,angry
214,214,05-02-02-01-04.wav,48000,16000,3.7036875,2.4705,angry,4,2,strong,2,Dogs are sitting by the door,1,female,0,4,0.026282986626029015,0.0397665910422802,0.11268837004899979,0.05613098666071892,0.36107590794563293,0.19055193662643433,0.07902167737483978,0.1344814896583557,angry
215,215,05-02-02-02-04.wav,48000,16000,3.8371666666666666,2.4185625,angry,4,2,strong,2,Dogs are sitting by the door,2,female,0,4,0.059284914284944534,0.030287951231002808,0.1494685560464859,0.07852570712566376,0.3055848777294159,0.1438789814710617,0.09395556896924973,0.13901345431804657,angry
216,216,06-01-01-01-04.wav,48000,16000,3.3032916666666665,1.9866875,fearful,5,1,normal,1,Kids are talking by the door,1,female,0,4,0.02436826005578041,0.01526695303618908,0.10381442308425903,0.11750821024179459,0.1492622196674347,0.18050198256969452,0.13574929535388947,0.27352869510650635,surprised
217,217,06-01-01-02-04.wav,48000,16000,3.2365833333333334,1.8793125,fearful,5,1,normal,1,Kids are talking by the door,2,female,0,4,0.014863166958093643,0.013506750576198101,0.08807898312807083,0.09017407894134521,0.11558514088392258,0.3113860487937927,0.10100775212049484,0.26539814472198486,fearful
218,218,06-01-02-01-04.wav,48000,16000,3.470125,2.0106875,fearful,5,1,normal,2,Dogs are sitting by the door,1,female,0,4,0.026610437780618668,0.01488687563687563,0.10861708968877792,0.09650810062885284,0.16012075543403625,0.22160449624061584,0.11461170017719269,0.2570405602455139,surprised
219,219,06-01-02-02-04.wav,48000,16000,3.470125,2.0508125,fearful,5,1,normal,2,Dogs are sitting by the door,2,female,0,4,0.02681046724319458,0.02503097429871559,0.11310584843158722,0.08298680186271667,0.15823671221733093,0.22714121639728546,0.09699465334415436,0.2696933150291443,surprised
220,220,06-02-01-01-04.wav,48000,16000,3.937270833333333,3.0843125,fearful,5,2,strong,1,Kids are talking by the door,1,female,0,4,0.0033268590923398733,0.007922152988612652,0.10789115726947784,0.13400991261005402,0.06721711903810501,0.5195670127868652,0.07416277378797531,0.08590301871299744,fearful
221,221,06-02-01-02-04.wav,48000,16000,3.403395833333333,2.0128125,fearful,5,2,strong,1,Kids are talking by the door,2,female,0,4,0.005475776270031929,0.0050752912648022175,0.13072817027568817,0.15861159563064575,0.08853684365749359,0.34310734272003174,0.06145739555358887,0.20700760185718536,fearful
222,222,06-02-02-01-04.wav,48000,16000,3.6036041666666665,2.197,fearful,5,2,strong,2,Dogs are sitting by the door,1,female,0,4,0.0035242456942796707,0.008910005912184715,0.10924811661243439,0.0878429189324379,0.16053228080272675,0.3487268090248108,0.03420122340321541,0.24701440334320068,fearful
223,223,06-02-02-02-04.wav,48000,16000,3.5702291666666666,2.123875,fearful,5,2,strong,2,Dogs are sitting by the door,2,female,0,4,0.07273266464471817,0.021140575408935547,0.15599897503852844,0.12640149891376495,0.0790240541100502,0.33349305391311646,0.04063953831791878,0.17056962847709656,fearful
224,224,07-01-01-01-04.wav,48000,16000,3.9039166666666665,2.034125,disgust,6,1,normal,1,Kids are talking by the door,1,female,0,4,0.1582414209842682,0.12723489105701447,0.08312314003705978,0.165475532412529,0.06202590465545654,0.06983289122581482,0.20308546721935272,0.1309807300567627,disgust
225,225,07-01-01-02-04.wav,48000,16000,3.903895833333333,2.344625,disgust,6,1,normal,1,Kids are talking by the door,2,female,0,4,0.10038615018129349,0.09272366017103195,0.07828789204359055,0.1495683640241623,0.07313687354326248,0.09852608293294907,0.21013502776622772,0.19723595678806305,disgust
226,226,07-01-02-01-04.wav,48000,16000,3.7704375,1.9065,disgust,6,1,normal,2,Dogs are sitting by the door,1,female,0,4,0.0850023478269577,0.07690032571554184,0.11511123925447464,0.12570935487747192,0.08443506807088852,0.07090778648853302,0.2599344849586487,0.18199940025806427,disgust
227,227,07-01-02-02-04.wav,48000,16000,3.8038125,1.915125,disgust,6,1,normal,2,Dogs are sitting by the door,2,female,0,4,0.11668024212121964,0.06249048933386803,0.11147195100784302,0.11822406947612762,0.08395794034004211,0.10797687619924545,0.20733480155467987,0.19186362624168396,disgust
228,228,07-02-01-01-04.wav,48000,16000,4.004,2.296875,disgust,6,2,strong,1,Kids are talking by the door,1,female,0,4,0.03626461327075958,0.044758234173059464,0.09866729378700256,0.08675039559602737,0.14324736595153809,0.09226170182228088,0.2985675036907196,0.19948291778564453,disgust
229,229,07-02-01-02-04.wav,48000,16000,4.037375,2.6531875,disgust,6,2,strong,1,Kids are talking by the door,2,female,0,4,0.10143651068210602,0.0538545660674572,0.07812586426734924,0.10844869166612625,0.11400853842496872,0.08710555732250214,0.2782473862171173,0.17877285182476044,disgust
230,230,07-02-02-01-04.wav,48000,16000,3.8705416666666665,2.4059375,disgust,6,2,strong,2,Dogs are sitting by the door,1,female,0,4,0.14048241078853607,0.10721347481012344,0.0704505518078804,0.13322900235652924,0.0890730693936348,0.14969076216220856,0.16637910902500153,0.14348164200782776,disgust
231,231,07-02-02-02-04.wav,48000,16000,3.937270833333333,2.678875,disgust,6,2,strong,2,Dogs are sitting by the door,2,female,0,4,0.05826948583126068,0.059895582497119904,0.09607960283756256,0.0877930223941803,0.1668926328420639,0.09349412471055984,0.22276145219802856,0.21481412649154663,disgust
232,232,08-01-01-01-04.wav,48000,16000,3.2365833333333334,1.6361875,surprised,7,1,normal,1,Kids are talking by the door,1,female,0,4,0.13609075546264648,0.05500361695885658,0.1762089878320694,0.12493617087602615,0.07842729240655899,0.09458192437887192,0.13147808611392975,0.20327314734458923,surprised
233,233,08-01-01-02-04.wav,48000,16000,3.3366666666666664,1.6383125,surprised,7,1,normal,1,Kids are talking by the door,2,female,0,4,0.09591774642467499,0.05461852625012398,0.12667572498321533,0.18173913657665253,0.0878201499581337,0.09588967263698578,0.10717132687568665,0.25016769766807556,surprised
234,234,08-01-02-01-04.wav,48000,16000,3.636958333333333,1.99925,surprised,7,1,normal,2,Dogs are sitting by the door,1,female,0,4,0.20468387007713318,0.10537005960941315,0.10502562671899796,0.11937746405601501,0.06543146818876266,0.08917279541492462,0.09664590656757355,0.21429277956485748,surprised
235,235,08-01-02-02-04.wav,48000,16000,3.43675,1.9298125,surprised,7,1,normal,2,Dogs are sitting by the door,2,female,0,4,0.15125803649425507,0.07299730181694031,0.11204030364751816,0.10279383510351181,0.13958802819252014,0.07982199639081955,0.08683183044195175,0.2546686828136444,surprised
236,236,08-02-01-01-04.wav,48000,16000,3.670333333333333,1.991,surprised,7,2,strong,1,Kids are talking by the door,1,female,0,4,0.014111015014350414,0.017281988635659218,0.141366645693779,0.14297053217887878,0.16404962539672852,0.15892253816127777,0.08860781043767929,0.2726898193359375,surprised
237,237,08-02-01-02-04.wav,48000,16000,3.5702291666666666,2.0329375,surprised,7,2,strong,1,Kids are talking by the door,2,female,0,4,0.06636783480644226,0.02611655369400978,0.09751185774803162,0.1049589067697525,0.110917828977108,0.16460278630256653,0.09708614647388458,0.3324381411075592,surprised
238,238,08-02-02-01-04.wav,48000,16000,3.470125,1.74475,surprised,7,2,strong,2,Dogs are sitting by the door,1,female,0,4,0.07557163387537003,0.019229888916015625,0.1917070597410202,0.1263631135225296,0.09176474809646606,0.14068631827831268,0.08259182423353195,0.27208542823791504,surprised
239,239,08-02-02-02-04.wav,48000,16000,3.536854166666666,2.0070625,surprised,7,2,strong,2,Dogs are sitting by the door,2,female,0,4,0.06496111303567886,0.06808038055896759,0.18064387142658234,0.08756998181343079,0.10517044365406036,0.15020310878753662,0.10754440724849701,0.235826775431633,surprised
240,240,01-01-01-01-05.wav,48000,16000,3.6036041666666665,1.76325,neutral,0,1,normal,1,Kids are talking by the door,1,male,1,5,0.34696316719055176,0.2802533209323883,0.03229599818587303,0.19667629897594452,0.019016630947589874,0.03177230432629585,0.05965937674045563,0.03336289897561073,neutral
241,241,01-01-01-02-05.wav,48000,16000,3.636979166666667,1.87675,neutral,0,1,normal,1,Kids are talking by the door,2,male,1,5,0.3822835385799408,0.31374701857566833,0.030077792704105377,0.1417030394077301,0.010899221524596214,0.024323219433426857,0.07019367814064026,0.026772549375891685,neutral
242,242,01-01-02-01-05.wav,48000,16000,3.103083333333333,1.7049375,neutral,0,1,normal,2,Dogs are sitting by the door,1,male,1,5,0.4017590880393982,0.13564559817314148,0.05937959998846054,0.16775986552238464,0.06302401423454285,0.03287484496831894,0.08568725734949112,0.05386974290013313,neutral
243,243,01-01-02-02-05.wav,48000,16000,3.6036041666666665,1.6643125,neutral,0,1,normal,2,Dogs are sitting by the door,2,male,1,5,0.48835310339927673,0.21380256116390228,0.0201788991689682,0.17812877893447876,0.00590607151389122,0.0315108560025692,0.029500029981136322,0.032619658857584,neutral
244,244,02-01-01-01-05.wav,48000,16000,4.037354166666667,2.1839375,calm,1,1,normal,1,Kids are talking by the door,1,male,1,5,0.2091982662677765,0.4579184055328369,0.02932085655629635,0.14706943929195404,0.024019848555326462,0.029066823422908783,0.06954523921012878,0.03386110067367554,calm
245,245,02-01-01-02-05.wav,48000,16000,4.104104166666667,2.1378125,calm,1,1,normal,1,Kids are talking by the door,2,male,1,5,0.1303849071264267,0.617220401763916,0.02110089175403118,0.09504988044500351,0.017459014430642128,0.018704012036323547,0.07584105432033539,0.02423987165093422,calm
246,246,02-01-02-01-05.wav,48000,16000,4.137479166666667,2.155,calm,1,1,normal,2,Dogs are sitting by the door,1,male,1,5,0.21244387328624725,0.4640878140926361,0.02458305098116398,0.1496964395046234,0.029754886403679848,0.028687700629234314,0.06063530966639519,0.030110904946923256,calm
247,247,02-01-02-02-05.wav,48000,16000,4.2375625,2.348,calm,1,1,normal,2,Dogs are sitting by the door,2,male,1,5,0.133697047829628,0.5264711976051331,0.018998945131897926,0.15320482850074768,0.02961314283311367,0.021160004660487175,0.0751413032412529,0.04171352833509445,calm
248,248,02-02-01-01-05.wav,48000,16000,4.7380625,2.8801875,calm,1,2,strong,1,Kids are talking by the door,1,male,1,5,0.14806829392910004,0.4938594400882721,0.034344639629125595,0.11401396244764328,0.044421784579753876,0.02972811460494995,0.10407257825136185,0.0314912311732769,calm
249,249,02-02-01-02-05.wav,48000,16000,4.5045,2.2085625,calm,1,2,strong,1,Kids are talking by the door,2,male,1,5,0.10255997627973557,0.5291224122047424,0.031384970992803574,0.11409463733434677,0.03782988339662552,0.0291913989931345,0.10736627131700516,0.04845040664076805,calm
250,250,02-02-02-01-05.wav,48000,16000,4.7714375,2.618875,calm,1,2,strong,2,Dogs are sitting by the door,1,male,1,5,0.07143940031528473,0.6467962265014648,0.02022942714393139,0.10036693513393402,0.011446048505604267,0.031568411737680435,0.09773577749729156,0.020417679101228714,calm
251,251,02-02-02-02-05.wav,48000,16000,4.304291666666667,2.286875,calm,1,2,strong,2,Dogs are sitting by the door,2,male,1,5,0.10751824080944061,0.615062415599823,0.012851446866989136,0.12433341145515442,0.008747034706175327,0.039322879165410995,0.07461535185575485,0.017549188807606697,calm
252,252,03-01-01-01-05.wav,48000,16000,4.004,2.1955625,happy,2,1,normal,1,Kids are talking by the door,1,male,1,5,0.17325732111930847,0.19440653920173645,0.20270875096321106,0.2093484252691269,0.034226611256599426,0.026110101491212845,0.06567508727312088,0.09426712989807129,sad
253,253,03-01-01-02-05.wav,48000,16000,3.2365625,1.725875,happy,2,1,normal,1,Kids are talking by the door,2,male,1,5,0.1982218623161316,0.14459368586540222,0.19351372122764587,0.2053442895412445,0.036163244396448135,0.05804896727204323,0.08158700913190842,0.08252722769975662,sad
254,254,03-01-02-01-05.wav,48000,16000,3.370020833333333,1.514625,happy,2,1,normal,2,Dogs are sitting by the door,1,male,1,5,0.1418805569410324,0.12432730197906494,0.10796350985765457,0.2754761278629303,0.04221942648291588,0.06759896874427795,0.1269654780626297,0.11356861144304276,sad
255,255,03-01-02-02-05.wav,48000,16000,3.7704375,2.23775,happy,2,1,normal,2,Dogs are sitting by the door,2,male,1,5,0.12721003592014313,0.140302374958992,0.15001684427261353,0.16936977207660675,0.06480953097343445,0.07904691249132156,0.14128358662128448,0.1279609352350235,sad
256,256,03-02-01-01-05.wav,48000,16000,4.137479166666667,2.418375,happy,2,2,strong,1,Kids are talking by the door,1,male,1,5,0.09251397848129272,0.11419431120157242,0.13838443160057068,0.2082623690366745,0.08296822756528854,0.054794397205114365,0.18736685812473297,0.1215154305100441,sad
257,257,03-02-01-02-05.wav,48000,16000,3.8705416666666665,2.455875,happy,2,2,strong,1,Kids are talking by the door,2,male,1,5,0.054507821798324585,0.03840434178709984,0.2366439700126648,0.11104295402765274,0.14614063501358032,0.09829462319612503,0.14612717926502228,0.16883845627307892,happy
258,258,03-02-02-01-05.wav,48000,16000,3.603583333333333,2.3786875,happy,2,2,strong,2,Dogs are sitting by the door,1,male,1,5,0.1042444109916687,0.0679815262556076,0.25694745779037476,0.14030896127223969,0.09526875615119934,0.07607711106538773,0.12954390048980713,0.12962788343429565,happy
259,259,03-02-02-02-05.wav,48000,16000,3.403395833333333,2.1250625,happy,2,2,strong,2,Dogs are sitting by the door,2,male,1,5,0.09336063265800476,0.05768237262964249,0.17858374118804932,0.1613513082265854,0.09803161025047302,0.09480077773332596,0.14172698557376862,0.17446258664131165,happy
260,260,04-01-01-01-05.wav,48000,16000,3.2699375,1.4658125,sad,3,1,normal,1,Kids are talking by the door,1,male,1,5,0.16897639632225037,0.3673217296600342,0.023109639063477516,0.2859785854816437,0.008282423950731754,0.06187457963824272,0.0561644621193409,0.02829219400882721,calm
261,261,04-01-01-02-05.wav,48000,16000,3.636958333333333,1.901,sad,3,1,normal,1,Kids are talking by the door,2,male,1,5,0.13178500533103943,0.3571067154407501,0.04433926194906235,0.22993913292884827,0.047537267208099365,0.04282257705926895,0.10662835836410522,0.03984172269701958,calm
262,262,04-01-02-01-05.wav,48000,16000,3.1031041666666668,1.393125,sad,3,1,normal,2,Dogs are sitting by the door,1,male,1,5,0.18032370507717133,0.24273815751075745,0.03010571002960205,0.32841306924819946,0.02724202163517475,0.06742294877767563,0.07098061591386795,0.05277378857135773,sad
263,263,04-01-02-02-05.wav,48000,16000,3.7036875,1.932875,sad,3,1,normal,2,Dogs are sitting by the door,2,male,1,5,0.1326225996017456,0.32190844416618347,0.022143900394439697,0.29831457138061523,0.028022583574056625,0.06440956890583038,0.09548120200634003,0.037097129970788956,calm
264,264,04-02-01-01-05.wav,48000,16000,3.536854166666666,1.7545625,sad,3,2,strong,1,Kids are talking by the door,1,male,1,5,0.10957697033882141,0.2212119698524475,0.029035598039627075,0.38000673055648804,0.021600564941763878,0.060631245374679565,0.1253119707107544,0.052625011652708054,sad
265,265,04-02-01-02-05.wav,48000,16000,3.2699375,1.59475,sad,3,2,strong,1,Kids are talking by the door,2,male,1,5,0.13058587908744812,0.12186048179864883,0.028221769258379936,0.4178944528102875,0.042709965258836746,0.09248318523168564,0.11019071936607361,0.05605356767773628,sad
266,266,04-02-02-01-05.wav,48000,16000,3.2699166666666666,1.5788125,sad,3,2,strong,2,Dogs are sitting by the door,1,male,1,5,0.11755935102701187,0.12735779583454132,0.041385550051927567,0.3987239599227905,0.03147004172205925,0.10743965208530426,0.12104098498821259,0.0550227053463459,sad
267,267,04-02-02-02-05.wav,48000,16000,3.1364791666666667,1.317375,sad,3,2,strong,2,Dogs are sitting by the door,2,male,1,5,0.12396824359893799,0.08917589485645294,0.06110771745443344,0.46305832266807556,0.02041027881205082,0.09502144902944565,0.09223047643899918,0.055027641355991364,sad
268,268,05-01-01-01-05.wav,48000,16000,3.8705416666666665,2.3519375,angry,4,1,normal,1,Kids are talking by the door,1,male,1,5,0.09504669904708862,0.06148090586066246,0.1818477213382721,0.09138612449169159,0.1383695751428604,0.08020184934139252,0.20722012221813202,0.1444469690322876,disgust
269,269,05-01-01-02-05.wav,48000,16000,3.8037916666666662,2.2575,angry,4,1,normal,1,Kids are talking by the door,2,male,1,5,0.11015585064888,0.04641054943203926,0.10438723117113113,0.09016574174165726,0.20133115351200104,0.0951993465423584,0.22998562455177307,0.12236452847719193,disgust
270,270,05-01-02-01-05.wav,48000,16000,4.070729166666666,2.67575,angry,4,1,normal,2,Dogs are sitting by the door,1,male,1,5,0.17525410652160645,0.18612734973430634,0.08744024485349655,0.15417183935642242,0.07235584408044815,0.062353041023015976,0.18592487275600433,0.0763726681470871,calm
271,271,05-01-02-02-05.wav,48000,16000,4.404395833333333,2.8505,angry,4,1,normal,2,Dogs are sitting by the door,2,male,1,5,0.12190451472997665,0.07723180204629898,0.09873197227716446,0.11852066963911057,0.17263151705265045,0.07325867563486099,0.24510283768177032,0.09261804819107056,disgust
272,272,05-02-01-01-05.wav,48000,16000,3.403395833333333,2.036875,angry,4,2,strong,1,Kids are talking by the door,1,male,1,5,0.047422029078006744,0.0314793661236763,0.08945658057928085,0.04618256911635399,0.41239872574806213,0.24300655722618103,0.04694611206650734,0.08310806006193161,angry
273,273,05-02-01-02-05.wav,48000,16000,3.5702291666666666,2.3626875,angry,4,2,strong,1,Kids are talking by the door,2,male,1,5,0.03942149505019188,0.021468402817845345,0.11360764503479004,0.05348098650574684,0.39423999190330505,0.19766727089881897,0.07599905133247375,0.10411512106657028,angry
274,274,05-02-02-01-05.wav,48000,16000,3.636958333333333,2.1925625,angry,4,2,strong,2,Dogs are sitting by the door,1,male,1,5,0.02629326842725277,0.015108606778085232,0.0861637219786644,0.02299233339726925,0.5264682769775391,0.18548454344272614,0.06407571583986282,0.07341352105140686,angry
275,275,05-02-02-02-05.wav,48000,16000,3.636979166666667,2.2378125,angry,4,2,strong,2,Dogs are sitting by the door,2,male,1,5,0.05078104883432388,0.008392649702727795,0.05977843701839447,0.030557220801711082,0.6106975078582764,0.1765454113483429,0.03221779316663742,0.03102988190948963,angry
276,276,06-01-01-01-05.wav,48000,16000,3.1364791666666667,1.4768125,fearful,5,1,normal,1,Kids are talking by the door,1,male,1,5,0.13806121051311493,0.14113636314868927,0.06360606849193573,0.21437223255634308,0.04507562890648842,0.15703369677066803,0.127971351146698,0.11274344474077225,sad
277,277,06-01-01-02-05.wav,48000,16000,3.370020833333333,1.6115625,fearful,5,1,normal,1,Kids are talking by the door,2,male,1,5,0.15674127638339996,0.0972246304154396,0.06464949995279312,0.22975444793701172,0.05481443926692009,0.13123060762882233,0.14460121095180511,0.12098386883735657,sad
278,278,06-01-02-01-05.wav,48000,16000,3.136458333333333,1.3318125,fearful,5,1,normal,2,Dogs are sitting by the door,1,male,1,5,0.1190052479505539,0.12530682981014252,0.07932699471712112,0.2468671053647995,0.04119016230106354,0.14118120074272156,0.1532575935125351,0.09386490285396576,sad
279,279,06-01-02-02-05.wav,48000,16000,3.069729166666667,1.4705625,fearful,5,1,normal,2,Dogs are sitting by the door,2,male,1,5,0.12970395386219025,0.08241728693246841,0.12785200774669647,0.14174890518188477,0.06547169387340546,0.17517884075641632,0.12494934350252151,0.1526779979467392,fearful
280,280,06-02-01-01-05.wav,48000,16000,3.2365625,2.4666875,fearful,5,2,strong,1,Kids are talking by the door,1,male,1,5,0.051308710128068924,0.06129293143749237,0.1382637470960617,0.0833381712436676,0.22091765701770782,0.21796880662441254,0.08730492740869522,0.1396050602197647,angry
281,281,06-02-01-02-05.wav,48000,16000,3.5702291666666666,3.0254375,fearful,5,2,strong,1,Kids are talking by the door,2,male,1,5,0.031954508274793625,0.08847790211439133,0.1442399024963379,0.09146863967180252,0.1362956315279007,0.2888752818107605,0.08350292593240738,0.13518518209457397,fearful
282,282,06-02-02-01-05.wav,48000,16000,3.2365625,2.4705,fearful,5,2,strong,2,Dogs are sitting by the door,1,male,1,5,0.09640657901763916,0.04431603476405144,0.09683841466903687,0.0983688235282898,0.1800314337015152,0.2916416525840759,0.06902435421943665,0.12337270379066467,fearful
283,283,06-02-02-02-05.wav,48000,16000,3.1031041666666668,2.3869375,fearful,5,2,strong,2,Dogs are sitting by the door,2,male,1,5,0.050272148102521896,0.061982668936252594,0.144175723195076,0.12800799310207367,0.11789578944444656,0.24535347521305084,0.09147482365369797,0.16083738207817078,fearful
284,284,07-01-01-01-05.wav,48000,16000,4.337666666666666,2.417,disgust,6,1,normal,1,Kids are talking by the door,1,male,1,5,0.1549181193113327,0.2453322410583496,0.034336742013692856,0.11542501300573349,0.05679665878415108,0.04590139910578728,0.29374954104423523,0.05354034900665283,disgust
285,285,07-01-01-02-05.wav,48000,16000,4.104104166666667,2.331375,disgust,6,1,normal,1,Kids are talking by the door,2,male,1,5,0.0913834348320961,0.17315559089183807,0.0713047906756401,0.1555829495191574,0.0516185387969017,0.09144968539476395,0.3008616268634796,0.06464339792728424,disgust
286,286,07-01-02-01-05.wav,48000,16000,3.903895833333333,2.0815,disgust,6,1,normal,2,Dogs are sitting by the door,1,male,1,5,0.08409218490123749,0.300315260887146,0.027867475524544716,0.1493224948644638,0.056270889937877655,0.0399356484413147,0.3027462363243103,0.03944980725646019,disgust
287,287,07-01-02-02-05.wav,48000,16000,3.7370625,1.8405,disgust,6,1,normal,2,Dogs are sitting by the door,2,male,1,5,0.11968465894460678,0.27287793159484863,0.0455443300306797,0.15227966010570526,0.04590853676199913,0.03238492086529732,0.2504287362098694,0.08089122176170349,calm
288,288,07-02-01-01-05.wav,48000,16000,4.337666666666666,2.4823125,disgust,6,2,strong,1,Kids are talking by the door,1,male,1,5,0.13437555730342865,0.18720029294490814,0.05348341539502144,0.14713385701179504,0.04143659770488739,0.05523126944899559,0.30846479535102844,0.07267417758703232,disgust
289,289,07-02-01-02-05.wav,48000,16000,3.903895833333333,2.2760625,disgust,6,2,strong,1,Kids are talking by the door,2,male,1,5,0.12123439460992813,0.05642811208963394,0.06980691105127335,0.18724079430103302,0.0745372474193573,0.07299180328845978,0.29377713799476624,0.12398359179496765,disgust
290,290,07-02-02-01-05.wav,48000,16000,4.2709375,2.5975625,disgust,6,2,strong,2,Dogs are sitting by the door,1,male,1,5,0.10930156707763672,0.11706198006868362,0.05436154827475548,0.21590234339237213,0.04371661692857742,0.06997498869895935,0.29093417525291443,0.09874675422906876,disgust
291,291,07-02-02-02-05.wav,48000,16000,4.537875,3.371125,disgust,6,2,strong,2,Dogs are sitting by the door,2,male,1,5,0.11391158401966095,0.173989936709404,0.036099765449762344,0.16662169992923737,0.038487400859594345,0.052624765783548355,0.34144291281700134,0.07682201266288757,disgust
292,292,08-01-01-01-05.wav,48000,16000,3.7370625,2.026875,surprised,7,1,normal,1,Kids are talking by the door,1,male,1,5,0.12281997501850128,0.0995163843035698,0.0943966954946518,0.1503569334745407,0.06634017080068588,0.11275976896286011,0.18631558120250702,0.1674945056438446,disgust
293,293,08-01-01-02-05.wav,48000,16000,3.670333333333333,1.9371875,surprised,7,1,normal,1,Kids are talking by the door,2,male,1,5,0.1541915386915207,0.09309641271829605,0.11304783821105957,0.1703292429447174,0.06480922549962997,0.08363334834575653,0.16295619308948517,0.1579362154006958,sad
294,294,08-01-02-01-05.wav,48000,16000,3.069729166666667,1.3305,surprised,7,1,normal,2,Dogs are sitting by the door,1,male,1,5,0.10630723088979721,0.046987827867269516,0.2056587040424347,0.23803967237472534,0.04879939556121826,0.10470737516880035,0.10965919494628906,0.13984054327011108,sad
295,295,08-01-02-02-05.wav,48000,16000,3.7036875,2.0895,surprised,7,1,normal,2,Dogs are sitting by the door,2,male,1,5,0.08168740570545197,0.10894311964511871,0.13957804441452026,0.19141460955142975,0.034107547253370285,0.06786798685789108,0.1796911656856537,0.19671007990837097,surprised
296,296,08-02-01-01-05.wav,48000,16000,4.137479166666667,2.3234375,surprised,7,2,strong,1,Kids are talking by the door,1,male,1,5,0.08496173471212387,0.09905200451612473,0.09018077701330185,0.1056385263800621,0.09413384646177292,0.094984270632267,0.19324369728565216,0.23780515789985657,surprised
297,297,08-02-01-02-05.wav,48000,16000,4.104104166666667,2.468625,surprised,7,2,strong,1,Kids are talking by the door,2,male,1,5,0.06981886178255081,0.06612323969602585,0.12654413282871246,0.10294535011053085,0.09569168090820312,0.11861223727464676,0.19211535155773163,0.2281491756439209,surprised
298,298,08-02-02-01-05.wav,48000,16000,3.670333333333333,1.914,surprised,7,2,strong,2,Dogs are sitting by the door,1,male,1,5,0.05828450247645378,0.05448742210865021,0.16306337714195251,0.12960709631443024,0.10604425519704819,0.07986968755722046,0.1723601073026657,0.23628349602222443,surprised
299,299,08-02-02-02-05.wav,48000,16000,3.536875,2.0135,surprised,7,2,strong,2,Dogs are sitting by the door,2,male,1,5,0.059131186455488205,0.07446320354938507,0.13170400261878967,0.15364840626716614,0.05472302436828613,0.06980446726083755,0.1745043694972992,0.28202134370803833,surprised
300,300,01-01-01-01-06.wav,48000,16000,3.3366666666666664,1.630375,neutral,0,1,normal,1,Kids are talking by the door,1,female,0,6,0.5094742774963379,0.1475054919719696,0.046792712062597275,0.13351529836654663,0.030032234266400337,0.02423984371125698,0.07206377387046814,0.03637639060616493,neutral
301,301,01-01-01-02-06.wav,48000,16000,3.6036041666666665,1.9639375,neutral,0,1,normal,1,Kids are talking by the door,2,female,0,6,0.5441347360610962,0.1237550675868988,0.04549059271812439,0.10782186686992645,0.03265585005283356,0.02173188515007496,0.07533525675535202,0.04907475411891937,neutral
302,302,01-01-02-01-06.wav,48000,16000,3.403395833333333,1.6073125,neutral,0,1,normal,2,Dogs are sitting by the door,1,female,0,6,0.5084080100059509,0.19357794523239136,0.039661865681409836,0.12851016223430634,0.01628984324634075,0.015321741811931133,0.057420652359724045,0.04080980643630028,neutral
303,303,01-01-02-02-06.wav,48000,16000,3.4367708333333336,1.636875,neutral,0,1,normal,2,Dogs are sitting by the door,2,female,0,6,0.6049584150314331,0.12668605148792267,0.02943267673254013,0.10317149758338928,0.01178155466914177,0.01853215880692005,0.06412844359874725,0.041309211403131485,neutral
304,304,02-01-01-01-06.wav,48000,16000,4.037354166666667,2.265125,calm,1,1,normal,1,Kids are talking by the door,1,female,0,6,0.09822911769151688,0.620550274848938,0.025625871494412422,0.1277988851070404,0.013416123576462269,0.032158978283405304,0.05664278194308281,0.025578003376722336,calm
305,305,02-01-01-02-06.wav,48000,16000,4.104104166666667,2.76575,calm,1,1,normal,1,Kids are talking by the door,2,female,0,6,0.16142334043979645,0.37844616174697876,0.06900456547737122,0.18388451635837555,0.018816472962498665,0.05813160538673401,0.0920349657535553,0.03825845569372177,calm
306,306,02-01-02-01-06.wav,48000,16000,3.970625,2.6971875,calm,1,1,normal,2,Dogs are sitting by the door,1,female,0,6,0.15049460530281067,0.42163485288619995,0.026748402044177055,0.22791726887226105,0.04610372334718704,0.03196093812584877,0.05471830815076828,0.04042188823223114,calm
307,307,02-01-02-02-06.wav,48000,16000,4.2041875,2.304375,calm,1,1,normal,2,Dogs are sitting by the door,2,female,0,6,0.2136382907629013,0.38673529028892517,0.03964407742023468,0.16671745479106903,0.0139707550406456,0.04061727225780487,0.08821187913417816,0.05046499893069267,calm
308,308,02-02-01-01-06.wav,48000,16000,4.5045,3.044375,calm,1,2,strong,1,Kids are talking by the door,1,female,0,6,0.10561667382717133,0.5523809790611267,0.03755805268883705,0.12504629790782928,0.01988411508500576,0.047207869589328766,0.08372780680656433,0.028578203171491623,calm
309,309,02-02-01-02-06.wav,48000,16000,4.637979166666667,2.7995625,calm,1,2,strong,1,Kids are talking by the door,2,female,0,6,0.19172845780849457,0.5140538215637207,0.02445278875529766,0.14516030251979828,0.03107532300055027,0.02159798890352249,0.05013837665319443,0.021792897954583168,calm
310,310,02-02-02-01-06.wav,48000,16000,4.337666666666666,2.5035,calm,1,2,strong,2,Dogs are sitting by the door,1,female,0,6,0.256059467792511,0.430258572101593,0.016737528145313263,0.159978985786438,0.013492364436388016,0.017147744074463844,0.07168646156787872,0.0346388965845108,calm
311,311,02-02-02-02-06.wav,48000,16000,4.7714375,3.039625,calm,1,2,strong,2,Dogs are sitting by the door,2,female,0,6,0.2030496597290039,0.5636712312698364,0.019296467304229736,0.09859580546617508,0.037442874163389206,0.011973323300480843,0.04931814968585968,0.01665249653160572,calm
312,312,03-01-01-01-06.wav,48000,16000,3.536854166666666,2.33775,happy,2,1,normal,1,Kids are talking by the door,1,female,0,6,0.22037559747695923,0.07193620502948761,0.31147143244743347,0.11577410250902176,0.04938545450568199,0.05272416025400162,0.0810927003622055,0.09724031388759613,happy
313,313,03-01-01-02-06.wav,48000,16000,3.6036041666666665,2.7560625,happy,2,1,normal,1,Kids are talking by the door,2,female,0,6,0.09512031823396683,0.030278004705905914,0.459728479385376,0.09514907002449036,0.09225142747163773,0.05002425238490105,0.07384872436523438,0.10359971970319748,happy
314,314,03-01-02-01-06.wav,48000,16000,3.470125,2.149625,happy,2,1,normal,2,Dogs are sitting by the door,1,female,0,6,0.14772622287273407,0.0533914752304554,0.2861565053462982,0.1352153867483139,0.07648959010839462,0.041199665516614914,0.09094246476888657,0.1688787043094635,happy
315,315,03-01-02-02-06.wav,48000,16000,3.4367708333333336,2.1835625,happy,2,1,normal,2,Dogs are sitting by the door,2,female,0,6,0.1303631067276001,0.04204457253217697,0.3789568841457367,0.10891091078519821,0.06841165572404861,0.0363016277551651,0.09925508499145508,0.13575617969036102,happy
316,316,03-02-01-01-06.wav,48000,16000,3.5035,3.144875,happy,2,2,strong,1,Kids are talking by the door,1,female,0,6,0.009697447530925274,0.00718997186049819,0.38051310181617737,0.16268715262413025,0.11232003569602966,0.22651152312755585,0.03435822203755379,0.06672250479459763,happy
317,317,03-02-01-02-06.wav,48000,16000,3.470125,2.5691875,happy,2,2,strong,1,Kids are talking by the door,2,female,0,6,0.002337578684091568,0.004883480258285999,0.37267395853996277,0.13705530762672424,0.1460084170103073,0.21932969987392426,0.05350560322403908,0.06420593708753586,happy
318,318,03-02-02-01-06.wav,48000,16000,3.5702291666666666,2.733375,happy,2,2,strong,2,Dogs are sitting by the door,1,female,0,6,0.00948098860681057,0.028146913275122643,0.3787893056869507,0.1540549099445343,0.15161524713039398,0.1654518097639084,0.037543173879384995,0.07491764426231384,happy
319,319,03-02-02-02-06.wav,48000,16000,3.603583333333333,3.4145,happy,2,2,strong,2,Dogs are sitting by the door,2,female,0,6,0.027502769604325294,0.021216101944446564,0.3688162863254547,0.10658663511276245,0.14831840991973877,0.20246705412864685,0.0467875711619854,0.0783051997423172,happy
320,320,04-01-01-01-06.wav,48000,16000,3.5702291666666666,1.930125,sad,3,1,normal,1,Kids are talking by the door,1,female,0,6,0.2969481647014618,0.2915073335170746,0.020736882463097572,0.247410848736763,0.024547593668103218,0.030939295887947083,0.049655236303806305,0.038254689425230026,neutral
321,321,04-01-01-02-06.wav,48000,16000,3.6036041666666665,2.1933125,sad,3,1,normal,1,Kids are talking by the door,2,female,0,6,0.21354952454566956,0.2726786732673645,0.030526893213391304,0.25049200654029846,0.05114119499921799,0.03377854824066162,0.05122796818614006,0.09660518914461136,calm
322,322,04-01-02-01-06.wav,48000,16000,3.470145833333333,1.728375,sad,3,1,normal,2,Dogs are sitting by the door,1,female,0,6,0.3009353280067444,0.22067975997924805,0.03907670080661774,0.26317355036735535,0.01618318445980549,0.023482268676161766,0.08328734338283539,0.05318185314536095,neutral
323,323,04-01-02-02-06.wav,48000,16000,3.4367708333333336,1.68175,sad,3,1,normal,2,Dogs are sitting by the door,2,female,0,6,0.26748141646385193,0.2703661024570465,0.021115625277161598,0.2998185455799103,0.012991556897759438,0.026306353509426117,0.07102812081575394,0.030892299488186836,sad
324,324,04-02-01-01-06.wav,48000,16000,4.2041875,3.0116875,sad,3,2,strong,1,Kids are talking by the door,1,female,0,6,0.03704329580068588,0.021517883986234665,0.2048167586326599,0.3098268210887909,0.11096987128257751,0.13104771077632904,0.10529051721096039,0.07948711514472961,sad
325,325,04-02-01-02-06.wav,48000,16000,4.104104166666667,2.583375,sad,3,2,strong,1,Kids are talking by the door,2,female,0,6,0.18672487139701843,0.10473625361919403,0.08217150717973709,0.30380183458328247,0.06363578885793686,0.06921805441379547,0.08148328959941864,0.108228400349617,sad
326,326,04-02-02-01-06.wav,48000,16000,4.604583333333333,3.3319375,sad,3,2,strong,2,Dogs are sitting by the door,1,female,0,6,0.07384610176086426,0.04986129701137543,0.12492824345827103,0.31674206256866455,0.05624043568968773,0.16112005710601807,0.06968868523836136,0.1475730985403061,sad
327,327,04-02-02-02-06.wav,48000,16000,4.037354166666667,3.0545,sad,3,2,strong,2,Dogs are sitting by the door,2,female,0,6,0.023990321904420853,0.023549040779471397,0.21825096011161804,0.41019347310066223,0.06873651593923569,0.07687225192785263,0.0777783915400505,0.10062901675701141,sad
328,328,05-01-01-01-06.wav,48000,16000,3.7704375,2.4540625,angry,4,1,normal,1,Kids are talking by the door,1,female,0,6,0.1991356611251831,0.07598593086004257,0.06121350824832916,0.11037056893110275,0.17331141233444214,0.06475911289453506,0.1756552904844284,0.1395685225725174,neutral
329,329,05-01-01-02-06.wav,48000,16000,3.970625,2.6048125,angry,4,1,normal,1,Kids are talking by the door,2,female,0,6,0.23004944622516632,0.07220467180013657,0.09403873980045319,0.12308531254529953,0.11637739837169647,0.06506034731864929,0.2116147130727768,0.08756938576698303,neutral
330,330,05-01-02-01-06.wav,48000,16000,4.2041875,2.9941875,angry,4,1,normal,2,Dogs are sitting by the door,1,female,0,6,0.24104583263397217,0.0771055519580841,0.0639568641781807,0.09037652611732483,0.15108631551265717,0.059275247156620026,0.16038116812705994,0.15677252411842346,neutral
331,331,05-01-02-02-06.wav,48000,16000,3.903895833333333,2.6495,angry,4,1,normal,2,Dogs are sitting by the door,2,female,0,6,0.2152344435453415,0.062337476760149,0.07992548495531082,0.08205841481685638,0.1855018138885498,0.07003583759069443,0.1613461971282959,0.14356034994125366,neutral
332,332,05-02-01-01-06.wav,48000,16000,4.104104166666667,3.03375,angry,4,2,strong,1,Kids are talking by the door,1,female,0,6,0.03354721516370773,0.014586483128368855,0.2001647800207138,0.048077281564474106,0.31439274549484253,0.27148815989494324,0.06338366121053696,0.05435965955257416,angry
333,333,05-02-01-02-06.wav,48000,16000,4.2041875,3.254625,angry,4,2,strong,1,Kids are talking by the door,2,female,0,6,0.005103120114654303,0.010505364276468754,0.1891503483057022,0.0458565391600132,0.3591054081916809,0.24058593809604645,0.06636808812618256,0.08332519233226776,angry
334,334,05-02-02-01-06.wav,48000,16000,4.437770833333333,3.2459375,angry,4,2,strong,2,Dogs are sitting by the door,1,female,0,6,0.008777798153460026,0.014057900756597519,0.2246902585029602,0.06776858866214752,0.32475876808166504,0.22701042890548706,0.05372772365808487,0.07920850068330765,angry
335,335,05-02-02-02-06.wav,48000,16000,4.471125,3.8140625,angry,4,2,strong,2,Dogs are sitting by the door,2,female,0,6,0.02120453119277954,0.020920677110552788,0.15592019259929657,0.11028596013784409,0.2967568635940552,0.20370090007781982,0.09141562134027481,0.09979528188705444,angry
336,336,06-01-01-01-06.wav,48000,16000,3.636958333333333,1.9235,fearful,5,1,normal,1,Kids are talking by the door,1,female,0,6,0.23986797034740448,0.23992398381233215,0.06424317508935928,0.19920524954795837,0.031690217554569244,0.0766020342707634,0.08431421965360641,0.06415321677923203,calm
337,337,06-01-01-02-06.wav,48000,16000,3.4367708333333336,2.1874375,fearful,5,1,normal,1,Kids are talking by the door,2,female,0,6,0.1599096953868866,0.20015299320220947,0.08616800606250763,0.1879601776599884,0.06115684658288956,0.09398726373910904,0.1293032467365265,0.08136173337697983,calm
338,338,06-01-02-01-06.wav,48000,16000,3.57025,1.8435,fearful,5,1,normal,2,Dogs are sitting by the door,1,female,0,6,0.3082588016986847,0.16148021817207336,0.07905068248510361,0.17258910834789276,0.027901679277420044,0.06282512843608856,0.0926039069890976,0.09529049694538116,neutral
339,339,06-01-02-02-06.wav,48000,16000,3.5035,1.9624375,fearful,5,1,normal,2,Dogs are sitting by the door,2,female,0,6,0.19811491668224335,0.23140060901641846,0.06974295526742935,0.1552322655916214,0.034985851496458054,0.07292155176401138,0.09073427319526672,0.1468675583600998,calm
340,340,06-02-01-01-06.wav,48000,16000,3.636979166666667,3.637,fearful,5,2,strong,1,Kids are talking by the door,1,female,0,6,0.013509594835340977,0.026414765045046806,0.1468459516763687,0.11270976066589355,0.11191853880882263,0.5058550834655762,0.04176264628767967,0.040983736515045166,fearful
341,341,06-02-01-02-06.wav,48000,16000,3.6036041666666665,3.5384375,fearful,5,2,strong,1,Kids are talking by the door,2,female,0,6,0.0027536889538168907,0.012356158345937729,0.09434758871793747,0.09072700142860413,0.14725106954574585,0.5497344732284546,0.04549317806959152,0.057336825877428055,fearful
342,342,06-02-02-01-06.wav,48000,16000,3.7370625,3.63275,fearful,5,2,strong,2,Dogs are sitting by the door,1,female,0,6,0.007245040498673916,0.028944313526153564,0.15440618991851807,0.11373135447502136,0.12277060002088547,0.4602135121822357,0.035023484379053116,0.0776655524969101,fearful
343,343,06-02-02-02-06.wav,48000,16000,3.7370625,3.6816875,fearful,5,2,strong,2,Dogs are sitting by the door,2,female,0,6,0.0023361044004559517,0.010711170732975006,0.09376270323991776,0.08637215197086334,0.16696907579898834,0.5342459678649902,0.03236151859164238,0.07324130088090897,fearful
344,344,07-01-01-01-06.wav,48000,16000,3.5035,2.4248125,disgust,6,1,normal,1,Kids are talking by the door,1,female,0,6,0.11473063379526138,0.21735332906246185,0.06104348972439766,0.1988847851753235,0.029982423409819603,0.0478825680911541,0.27658888697624207,0.053533900529146194,disgust
345,345,07-01-01-02-06.wav,48000,16000,4.2709375,2.4740625,disgust,6,1,normal,1,Kids are talking by the door,2,female,0,6,0.08226919919252396,0.2835732400417328,0.023636288940906525,0.16206271946430206,0.03204531595110893,0.052297983318567276,0.3198966979980469,0.04421858489513397,disgust
346,346,07-01-02-01-06.wav,48000,16000,3.7370625,1.883,disgust,6,1,normal,2,Dogs are sitting by the door,1,female,0,6,0.1819026917219162,0.2194976508617401,0.01673083007335663,0.19409815967082977,0.01985899917781353,0.04132021218538284,0.2765672206878662,0.05002419650554657,disgust
347,347,07-01-02-02-06.wav,48000,16000,3.937270833333333,2.331625,disgust,6,1,normal,2,Dogs are sitting by the door,2,female,0,6,0.13030172884464264,0.21555067598819733,0.03446140140295029,0.16186676919460297,0.022362621501088142,0.042752962559461594,0.33129677176475525,0.06140706688165665,disgust
348,348,07-02-01-01-06.wav,48000,16000,4.3043125,2.88225,disgust,6,2,strong,1,Kids are talking by the door,1,female,0,6,0.04005694016814232,0.05591496452689171,0.12479894608259201,0.10829772800207138,0.07700754702091217,0.11720592528581619,0.263527512550354,0.21319040656089783,disgust
349,349,07-02-01-02-06.wav,48000,16000,3.937270833333333,2.15875,disgust,6,2,strong,1,Kids are talking by the door,2,female,0,6,0.17464202642440796,0.1391373723745346,0.05706753209233284,0.09713118523359299,0.05746525898575783,0.057825371623039246,0.3215066194534302,0.09522467851638794,disgust
350,350,07-02-02-01-06.wav,48000,16000,4.037354166666667,2.45725,disgust,6,2,strong,2,Dogs are sitting by the door,1,female,0,6,0.15078186988830566,0.09639764577150345,0.08274025470018387,0.09919953346252441,0.05432090163230896,0.07888924330472946,0.3381330072879791,0.09953749179840088,disgust
351,351,07-02-02-02-06.wav,48000,16000,3.970625,2.532875,disgust,6,2,strong,2,Dogs are sitting by the door,2,female,0,6,0.19800056517124176,0.13847874104976654,0.04509614408016205,0.11166512221097946,0.03481872007250786,0.04615562781691551,0.3482719659805298,0.07751311361789703,disgust
352,352,08-01-01-01-06.wav,48000,16000,3.2365625,1.49275,surprised,7,1,normal,1,Kids are talking by the door,1,female,0,6,0.20276851952075958,0.19878482818603516,0.05538308620452881,0.21212394535541534,0.025871163234114647,0.053452976047992706,0.11434650421142578,0.13726899027824402,sad
353,353,08-01-01-02-06.wav,48000,16000,3.2365625,1.4829375,surprised,7,1,normal,1,Kids are talking by the door,2,female,0,6,0.37552517652511597,0.12948070466518402,0.08036686480045319,0.14235159754753113,0.01842811331152916,0.04207346960902214,0.10256818681955338,0.10920591652393341,neutral
354,354,08-01-02-01-06.wav,48000,16000,3.203208333333333,1.479375,surprised,7,1,normal,2,Dogs are sitting by the door,1,female,0,6,0.21436186134815216,0.17162810266017914,0.07919596880674362,0.12998948991298676,0.021874235942959785,0.05289098620414734,0.14036890864372253,0.18969044089317322,neutral
355,355,08-01-02-02-06.wav,48000,16000,3.136458333333333,1.6965,surprised,7,1,normal,2,Dogs are sitting by the door,2,female,0,6,0.15331102907657623,0.13298694789409637,0.03315332904458046,0.14152032136917114,0.03519103303551674,0.05783490091562271,0.15245477855205536,0.2935476005077362,surprised
356,356,08-02-01-01-06.wav,48000,16000,3.2365625,1.821125,surprised,7,2,strong,1,Kids are talking by the door,1,female,0,6,0.12827026844024658,0.20403936505317688,0.0947742909193039,0.10814328491687775,0.05109647661447525,0.05808880552649498,0.136258065700531,0.21932943165302277,surprised
357,357,08-02-01-02-06.wav,48000,16000,3.370041666666667,1.914625,surprised,7,2,strong,1,Kids are talking by the door,2,female,0,6,0.13320417702198029,0.014563260599970818,0.11807630211114883,0.11554751545190811,0.09106641262769699,0.12244267016649246,0.10049725323915482,0.30460238456726074,surprised
358,358,08-02-02-01-06.wav,48000,16000,3.3033125,2.02925,surprised,7,2,strong,2,Dogs are sitting by the door,1,female,0,6,0.10740780830383301,0.06790673732757568,0.1344813108444214,0.13251206278800964,0.06693132221698761,0.08526603877544403,0.09742434322834015,0.3080703914165497,surprised
359,359,08-02-02-02-06.wav,48000,16000,3.203208333333333,2.0875625,surprised,7,2,strong,2,Dogs are sitting by the door,2,female,0,6,0.08376239985227585,0.02939184382557869,0.09418986737728119,0.12372441589832306,0.06516386568546295,0.09345056861639023,0.07312969863414764,0.4371872842311859,surprised
360,360,01-01-01-01-07.wav,48000,16000,3.9039166666666665,2.1298125,neutral,0,1,normal,1,Kids are talking by the door,1,male,1,7,0.3258397877216339,0.30862924456596375,0.03385080024600029,0.1752232164144516,0.017820071429014206,0.03794723004102707,0.06682116538286209,0.03386849910020828,neutral
361,361,01-01-01-02-07.wav,48000,16000,3.8038125,2.1278125,neutral,0,1,normal,1,Kids are talking by the door,2,male,1,7,0.32609403133392334,0.3238435983657837,0.02559327706694603,0.16041719913482666,0.013828937895596027,0.0369882807135582,0.07616599649190903,0.03706870600581169,neutral
362,362,01-01-02-01-07.wav,48000,16000,4.137458333333333,2.09525,neutral,0,1,normal,2,Dogs are sitting by the door,1,male,1,7,0.3446241319179535,0.2896541953086853,0.026003945618867874,0.15350241959095,0.010875851847231388,0.034861959517002106,0.09684527665376663,0.04363211989402771,neutral
363,363,01-01-02-02-07.wav,48000,16000,3.7370625,2.1541875,neutral,0,1,normal,2,Dogs are sitting by the door,2,male,1,7,0.36105963587760925,0.35565105080604553,0.02241680771112442,0.12127667665481567,0.01576462760567665,0.03065929189324379,0.06032251566648483,0.03284945338964462,neutral
364,364,02-01-01-01-07.wav,48000,16000,3.470125,1.7098125,calm,1,1,normal,1,Kids are talking by the door,1,male,1,7,0.2805161774158478,0.45522913336753845,0.020658180117607117,0.12996938824653625,0.0077157458290457726,0.024325856938958168,0.058385998010635376,0.02319948747754097,calm
365,365,02-01-01-02-07.wav,48000,16000,3.7370625,1.93375,calm,1,1,normal,1,Kids are talking by the door,2,male,1,7,0.24011139571666718,0.467119961977005,0.03596469759941101,0.1390284299850464,0.012093208730220795,0.034677594900131226,0.04633253067731857,0.02467220462858677,calm
366,366,02-01-02-01-07.wav,48000,16000,3.5035,2.3954375,calm,1,1,normal,2,Dogs are sitting by the door,1,male,1,7,0.26575955748558044,0.3138405680656433,0.06338974833488464,0.15176822245121002,0.04280503839254379,0.04216063395142555,0.06444234400987625,0.05583389475941658,calm
367,367,02-01-02-02-07.wav,48000,16000,3.536875,1.76225,calm,1,1,normal,2,Dogs are sitting by the door,2,male,1,7,0.25975871086120605,0.31418007612228394,0.035595931112766266,0.2208033949136734,0.012138474732637405,0.027659663930535316,0.0854341983795166,0.04442952200770378,calm
368,368,02-02-01-01-07.wav,48000,16000,4.004,3.2356875,calm,1,2,strong,1,Kids are talking by the door,1,male,1,7,0.17697592079639435,0.45574766397476196,0.04785926267504692,0.08739344030618668,0.03485695272684097,0.056529998779296875,0.10364009439945221,0.036996666342020035,calm
369,369,02-02-01-02-07.wav,48000,16000,3.8705416666666665,2.7961875,calm,1,2,strong,1,Kids are talking by the door,2,male,1,7,0.2554115951061249,0.3836326599121094,0.026288380846381187,0.13761776685714722,0.08409181237220764,0.022980503737926483,0.061517149209976196,0.028460176661610603,calm
370,370,02-02-02-01-07.wav,48000,16000,4.2709375,2.648375,calm,1,2,strong,2,Dogs are sitting by the door,1,male,1,7,0.16835704445838928,0.5316242575645447,0.032101891934871674,0.11698579788208008,0.01308493223041296,0.026795510202646255,0.08264733105897903,0.02840319089591503,calm
371,371,02-02-02-02-07.wav,48000,16000,4.104104166666667,2.58125,calm,1,2,strong,2,Dogs are sitting by the door,2,male,1,7,0.19548875093460083,0.5852901935577393,0.009209365583956242,0.13008442521095276,0.0075645833276212215,0.030443524941802025,0.028939547017216682,0.012979504652321339,calm
372,372,03-01-01-01-07.wav,48000,16000,3.5035,2.1343125,happy,2,1,normal,1,Kids are talking by the door,1,male,1,7,0.19764895737171173,0.22078357636928558,0.09876910597085953,0.13857875764369965,0.06663861125707626,0.05813680216670036,0.13672296702861786,0.08272121846675873,calm
373,373,03-01-01-02-07.wav,48000,16000,3.470125,1.7741875,happy,2,1,normal,1,Kids are talking by the door,2,male,1,7,0.21402251720428467,0.14758457243442535,0.10560386627912521,0.14918678998947144,0.02887548692524433,0.06848803907632828,0.1541682630777359,0.13207043707370758,neutral
374,374,03-01-02-01-07.wav,48000,16000,3.403395833333333,2.0464375,happy,2,1,normal,2,Dogs are sitting by the door,1,male,1,7,0.10985686630010605,0.13197371363639832,0.16386444866657257,0.17586316168308258,0.05649203807115555,0.11354058980941772,0.13904353976249695,0.10936564207077026,sad
375,375,03-01-02-02-07.wav,48000,16000,3.403395833333333,2.0464375,happy,2,1,normal,2,Dogs are sitting by the door,2,male,1,7,0.10985686630010605,0.13197371363639832,0.16386444866657257,0.17586316168308258,0.05649203807115555,0.11354058980941772,0.13904353976249695,0.10936564207077026,sad
376,376,03-02-01-01-07.wav,48000,16000,4.104104166666667,3.237875,happy,2,2,strong,1,Kids are talking by the door,1,male,1,7,0.024665752425789833,0.03598305583000183,0.22031815350055695,0.14651067554950714,0.17170041799545288,0.15294039249420166,0.10233210772275925,0.14554943144321442,happy
377,377,03-02-01-02-07.wav,48000,16000,4.037354166666667,4.02825,happy,2,2,strong,1,Kids are talking by the door,2,male,1,7,0.04366140812635422,0.08837274461984634,0.1864165961742401,0.07644882053136826,0.1909806728363037,0.1557963341474533,0.10508675873279572,0.15323667228221893,angry
378,378,03-02-02-01-07.wav,48000,16000,4.037375,3.305875,happy,2,2,strong,2,Dogs are sitting by the door,1,male,1,7,0.047617603093385696,0.0402909517288208,0.20049139857292175,0.16889071464538574,0.1263066828250885,0.13233046233654022,0.1369219273328781,0.14715027809143066,happy
379,379,03-02-02-02-07.wav,48000,16000,3.8371666666666666,3.8080625,happy,2,2,strong,2,Dogs are sitting by the door,2,male,1,7,0.04417579621076584,0.07389285415410995,0.22999140620231628,0.08900319039821625,0.14251355826854706,0.14704982936382294,0.09933235496282578,0.17404094338417053,happy
380,380,04-01-01-01-07.wav,48000,16000,3.536875,1.7301875,sad,3,1,normal,1,Kids are talking by the door,1,male,1,7,0.17937934398651123,0.30543091893196106,0.029523685574531555,0.29016098380088806,0.01837616041302681,0.03610840439796448,0.09754049777984619,0.04347999393939972,calm
381,381,04-01-01-02-07.wav,48000,16000,3.603583333333333,1.7443125,sad,3,1,normal,1,Kids are talking by the door,2,male,1,7,0.17850437760353088,0.2818089425563812,0.04161253571510315,0.3035465180873871,0.0337810218334198,0.031692977994680405,0.08191884309053421,0.04713476449251175,sad
382,382,04-01-02-01-07.wav,48000,16000,3.536875,1.8035,sad,3,1,normal,2,Dogs are sitting by the door,1,male,1,7,0.18796125054359436,0.2839663028717041,0.028535405173897743,0.302635133266449,0.014796235598623753,0.036851029843091965,0.10582675039768219,0.03942786529660225,sad
383,383,04-01-02-02-07.wav,48000,16000,3.870520833333333,2.1106875,sad,3,1,normal,2,Dogs are sitting by the door,2,male,1,7,0.18230676651000977,0.14111681282520294,0.07454248517751694,0.2617400586605072,0.05407361313700676,0.056876637041568756,0.12091853469610214,0.1084250807762146,sad
384,384,04-02-01-01-07.wav,48000,16000,3.93725,2.9406875,sad,3,2,strong,1,Kids are talking by the door,1,male,1,7,0.08774638175964355,0.10847927629947662,0.11134431511163712,0.4095103144645691,0.05147995799779892,0.063786581158638,0.10196223109960556,0.06569097936153412,sad
385,385,04-02-01-02-07.wav,48000,16000,3.8371666666666666,2.8835,sad,3,2,strong,1,Kids are talking by the door,2,male,1,7,0.1043189987540245,0.14823631942272186,0.12927749752998352,0.2663547098636627,0.0600166842341423,0.08437766134738922,0.11524339765310287,0.09217476844787598,sad
386,386,04-02-02-01-07.wav,48000,16000,3.636979166666667,2.655375,sad,3,2,strong,2,Dogs are sitting by the door,1,male,1,7,0.08234056085348129,0.124149389564991,0.10357781499624252,0.27972477674484253,0.051540181040763855,0.16681474447250366,0.10466833412647247,0.08718415349721909,sad
387,387,04-02-02-02-07.wav,48000,16000,3.8371666666666666,2.408375,sad,3,2,strong,2,Dogs are sitting by the door,2,male,1,7,0.12884138524532318,0.1485644429922104,0.0787845328450203,0.3051663339138031,0.036498792469501495,0.08900409191846848,0.13261523842811584,0.0805252268910408,sad
388,388,05-01-01-01-07.wav,48000,16000,4.004,3.2119375,angry,4,1,normal,1,Kids are talking by the door,1,male,1,7,0.0741826519370079,0.03274189308285713,0.13507314026355743,0.09786251187324524,0.2661454677581787,0.1123230904340744,0.14249911904335022,0.13917209208011627,angry
389,389,05-01-01-02-07.wav,48000,16000,3.970645833333333,3.0493125,angry,4,1,normal,1,Kids are talking by the door,2,male,1,7,0.016315674409270287,0.022381922230124474,0.11734506487846375,0.08862678706645966,0.37822362780570984,0.1527072936296463,0.11969003081321716,0.10470955818891525,angry
390,390,05-01-02-01-07.wav,48000,16000,4.004,2.2789375,angry,4,1,normal,2,Dogs are sitting by the door,1,male,1,7,0.14759275317192078,0.11828572303056717,0.08481892198324203,0.15890692174434662,0.14483444392681122,0.07221657782793045,0.1681228131055832,0.10522188991308212,disgust
391,391,05-01-02-02-07.wav,48000,16000,4.004,2.500125,angry,4,1,normal,2,Dogs are sitting by the door,2,male,1,7,0.10790324956178665,0.0960235521197319,0.08103559166193008,0.10383091866970062,0.15414361655712128,0.08835478127002716,0.2350006103515625,0.1337076723575592,disgust
392,392,05-02-01-01-07.wav,48000,16000,3.6036041666666665,3.491375,angry,4,2,strong,1,Kids are talking by the door,1,male,1,7,0.030453696846961975,0.04881765693426132,0.09612066298723221,0.11935879290103912,0.35523760318756104,0.152628093957901,0.09579190611839294,0.10159153491258621,angry
393,393,05-02-01-02-07.wav,48000,16000,4.004,3.6951875,angry,4,2,strong,1,Kids are talking by the door,2,male,1,7,0.0798182487487793,0.016159867867827415,0.08722719550132751,0.07424959540367126,0.39221349358558655,0.11923231184482574,0.13719135522842407,0.09390795230865479,angry
394,394,05-02-02-01-07.wav,48000,16000,3.8371666666666666,2.9475,angry,4,2,strong,2,Dogs are sitting by the door,1,male,1,7,0.035440001636743546,0.021873973309993744,0.09337438642978668,0.04987742751836777,0.4770980775356293,0.18682321906089783,0.06911101192235947,0.06640191376209259,angry
395,395,05-02-02-02-07.wav,48000,16000,4.337666666666666,4.19875,angry,4,2,strong,2,Dogs are sitting by the door,2,male,1,7,0.04521738737821579,0.022260775789618492,0.09021928161382675,0.09541302919387817,0.449249267578125,0.14037182927131653,0.07605663686990738,0.08121171593666077,angry
396,396,06-01-01-01-07.wav,48000,16000,3.4367708333333336,2.5101875,fearful,5,1,normal,1,Kids are talking by the door,1,male,1,7,0.13962021470069885,0.1214803010225296,0.08905590325593948,0.24505683779716492,0.06650908291339874,0.1444573551416397,0.09076318144798279,0.10305710881948471,sad
397,397,06-01-01-02-07.wav,48000,16000,3.5035,2.2721875,fearful,5,1,normal,1,Kids are talking by the door,2,male,1,7,0.1415800005197525,0.1025753989815712,0.13488829135894775,0.2083684504032135,0.046930886805057526,0.12382907420396805,0.11937917023897171,0.12244872748851776,sad
398,398,06-01-02-01-07.wav,48000,16000,3.4367708333333336,1.7930625,fearful,5,1,normal,2,Dogs are sitting by the door,1,male,1,7,0.13318492472171783,0.14538848400115967,0.07627738267183304,0.25530102849006653,0.05861801281571388,0.09882231801748276,0.12397564202547073,0.10843219608068466,sad
399,399,06-01-02-02-07.wav,48000,16000,3.370041666666667,1.605875,fearful,5,1,normal,2,Dogs are sitting by the door,2,male,1,7,0.16385579109191895,0.1854696124792099,0.0745946615934372,0.23798446357250214,0.03120758943259716,0.07110139727592468,0.11157561093568802,0.1242109015583992,sad
400,400,06-02-01-01-07.wav,48000,16000,3.636979166666667,2.6164375,fearful,5,2,strong,1,Kids are talking by the door,1,male,1,7,0.017697079107165337,0.022342950105667114,0.1336640566587448,0.08715445548295975,0.19434332847595215,0.2253166139125824,0.12232337892055511,0.19715817272663116,fearful
401,401,06-02-01-02-07.wav,48000,16000,3.470125,2.064375,fearful,5,2,strong,1,Kids are talking by the door,2,male,1,7,0.06090051680803299,0.050195492804050446,0.13506841659545898,0.11415181308984756,0.13599568605422974,0.18502305448055267,0.11943934857845306,0.19922566413879395,surprised
402,402,06-02-02-01-07.wav,48000,16000,3.403395833333333,2.1451875,fearful,5,2,strong,2,Dogs are sitting by the door,1,male,1,7,0.008228449150919914,0.02055242285132408,0.12936128675937653,0.05899728089570999,0.22830036282539368,0.29498639702796936,0.08448442071676254,0.17508938908576965,fearful
403,403,06-02-02-02-07.wav,48000,16000,3.5035,2.299625,fearful,5,2,strong,2,Dogs are sitting by the door,2,male,1,7,0.03149718418717384,0.010758701711893082,0.1444949060678482,0.10589249432086945,0.20737585425376892,0.23819231986999512,0.10149171203374863,0.16029678285121918,fearful
404,404,07-01-01-01-07.wav,48000,16000,3.536854166666666,1.8991875,disgust,6,1,normal,1,Kids are talking by the door,1,male,1,7,0.15247267484664917,0.20281001925468445,0.034869465976953506,0.14761097729206085,0.04507221281528473,0.055137600749731064,0.2861076891422272,0.07591929286718369,disgust
405,405,07-01-01-02-07.wav,48000,16000,3.5035,1.9525,disgust,6,1,normal,1,Kids are talking by the door,2,male,1,7,0.15535299479961395,0.15847934782505035,0.05545620620250702,0.14778468012809753,0.059826768934726715,0.0708855465054512,0.26756271719932556,0.08465170860290527,disgust
406,406,07-01-02-01-07.wav,48000,16000,3.4367708333333336,1.668125,disgust,6,1,normal,2,Dogs are sitting by the door,1,male,1,7,0.16794350743293762,0.2762191593647003,0.029650826007127762,0.1914142370223999,0.018550612032413483,0.03954225033521652,0.19798780977725983,0.07869160175323486,calm
407,407,07-01-02-02-07.wav,48000,16000,3.536854166666666,1.8501875,disgust,6,1,normal,2,Dogs are sitting by the door,2,male,1,7,0.16180193424224854,0.1365489959716797,0.05642108619213104,0.1433848738670349,0.04059983417391777,0.05427730083465576,0.3034234344959259,0.10354254394769669,disgust
408,408,07-02-01-01-07.wav,48000,16000,4.137479166666667,2.3625,disgust,6,2,strong,1,Kids are talking by the door,1,male,1,7,0.022175008431077003,0.05027981474995613,0.070911705493927,0.07263006269931793,0.16569599509239197,0.05974771827459335,0.43716612458229065,0.12139355391263962,disgust
409,409,07-02-01-02-07.wav,48000,16000,4.404395833333333,2.741125,disgust,6,2,strong,1,Kids are talking by the door,2,male,1,7,0.03229577839374542,0.14398877322673798,0.08885268867015839,0.09273473173379898,0.08142475038766861,0.06091691926121712,0.41702499985694885,0.08276133984327316,disgust
410,410,07-02-02-01-07.wav,48000,16000,4.137458333333333,3.0170625,disgust,6,2,strong,2,Dogs are sitting by the door,1,male,1,7,0.07971514761447906,0.12471432238817215,0.09281910210847855,0.09981516748666763,0.09869914501905441,0.08279036730527878,0.28817805647850037,0.13326865434646606,disgust
411,411,07-02-02-02-07.wav,48000,16000,4.771416666666667,3.1841875,disgust,6,2,strong,2,Dogs are sitting by the door,2,male,1,7,0.06746263056993484,0.10661080479621887,0.06902392208576202,0.10181336849927902,0.08281878381967545,0.06674791127443314,0.3696221709251404,0.13590040802955627,disgust
412,412,08-01-01-01-07.wav,48000,16000,3.470125,1.76375,surprised,7,1,normal,1,Kids are talking by the door,1,male,1,7,0.16845646500587463,0.15539568662643433,0.055440813302993774,0.17656463384628296,0.03199107572436333,0.07625838369131088,0.17959114909172058,0.15630172193050385,disgust
413,413,08-01-01-02-07.wav,48000,16000,3.536875,1.85125,surprised,7,1,normal,1,Kids are talking by the door,2,male,1,7,0.1648997664451599,0.10853893309831619,0.06618796288967133,0.14284835755825043,0.03906835615634918,0.06567469239234924,0.22316700220108032,0.18961495161056519,disgust
414,414,08-01-02-01-07.wav,48000,16000,3.4367708333333336,1.7626875,surprised,7,1,normal,2,Dogs are sitting by the door,1,male,1,7,0.2315940260887146,0.16954219341278076,0.06289584934711456,0.16060402989387512,0.036080170422792435,0.05829133093357086,0.1369343250989914,0.14405807852745056,neutral
415,415,08-01-02-02-07.wav,48000,16000,3.4367708333333336,1.7695,surprised,7,1,normal,2,Dogs are sitting by the door,2,male,1,7,0.25657209753990173,0.12847189605236053,0.07138801366090775,0.156852126121521,0.03545030951499939,0.05523942783474922,0.1438818722963333,0.15214422345161438,neutral
416,416,08-02-01-01-07.wav,48000,16000,3.8705416666666665,3.362875,surprised,7,2,strong,1,Kids are talking by the door,1,male,1,7,0.053364358842372894,0.037599220871925354,0.09028144925832748,0.10108240693807602,0.12131723016500473,0.15344558656215668,0.22529618442058563,0.2176136076450348,disgust
417,417,08-02-01-02-07.wav,48000,16000,3.636958333333333,1.939875,surprised,7,2,strong,1,Kids are talking by the door,2,male,1,7,0.11631303280591965,0.12149407714605331,0.04136545956134796,0.1619008481502533,0.06574896723031998,0.11460433155298233,0.1958245486021042,0.1827487349510193,disgust
418,418,08-02-02-01-07.wav,48000,16000,3.4367708333333336,2.1396875,surprised,7,2,strong,2,Dogs are sitting by the door,1,male,1,7,0.03212342783808708,0.020627934485673904,0.1209699884057045,0.07077714800834656,0.12028004229068756,0.17073142528533936,0.18534733355045319,0.2791427969932556,surprised
419,419,08-02-02-02-07.wav,48000,16000,3.470125,1.8081875,surprised,7,2,strong,2,Dogs are sitting by the door,2,male,1,7,0.1446451097726822,0.11581970751285553,0.08529309928417206,0.12919367849826813,0.052144262939691544,0.08441238105297089,0.17191867530345917,0.21657304465770721,surprised
420,420,01-01-01-01-08.wav,48000,16000,3.5035,1.7780625,neutral,0,1,normal,1,Kids are talking by the door,1,female,0,8,0.5016798973083496,0.2593412399291992,0.02551364153623581,0.12969648838043213,0.01899551972746849,0.018695903941988945,0.02834184281527996,0.0177354346960783,neutral
421,421,01-01-01-02-08.wav,48000,16000,3.636979166666667,1.9081875,neutral,0,1,normal,1,Kids are talking by the door,2,female,0,8,0.4481520354747772,0.26863375306129456,0.03297998756170273,0.1252003312110901,0.02880994603037834,0.01820967346429825,0.033889040350914,0.04412516951560974,neutral
422,422,01-01-02-01-08.wav,48000,16000,3.536854166666666,1.8555,neutral,0,1,normal,2,Dogs are sitting by the door,1,female,0,8,0.4901638627052307,0.24195647239685059,0.022540418431162834,0.12912598252296448,0.029808517545461655,0.018252907320857048,0.034999944269657135,0.03315189108252525,neutral
423,423,01-01-02-02-08.wav,48000,16000,3.5035,1.8630625,neutral,0,1,normal,2,Dogs are sitting by the door,2,female,0,8,0.4355919659137726,0.2106478363275528,0.03167283535003662,0.16090011596679688,0.03963771089911461,0.030690308660268784,0.041817061603069305,0.049042195081710815,neutral
424,424,02-01-01-01-08.wav,48000,16000,3.6036041666666665,1.8805625,calm,1,1,normal,1,Kids are talking by the door,1,female,0,8,0.2968047857284546,0.5250753164291382,0.01598351262509823,0.09960546344518661,0.016461433842778206,0.010987487621605396,0.01946374401450157,0.015618281438946724,calm
425,425,02-01-01-02-08.wav,48000,16000,3.4034166666666668,1.661625,calm,1,1,normal,1,Kids are talking by the door,2,female,0,8,0.16822737455368042,0.5437846183776855,0.03838914632797241,0.14762286841869354,0.026685168966650963,0.02089761383831501,0.03277788311243057,0.02161528915166855,calm
426,426,02-01-02-01-08.wav,48000,16000,3.470125,1.6944375,calm,1,1,normal,2,Dogs are sitting by the door,1,female,0,8,0.16131706535816193,0.5821277499198914,0.010833068750798702,0.147328719496727,0.010988009162247181,0.01897171139717102,0.04242313653230667,0.026010505855083466,calm
427,427,02-01-02-02-08.wav,48000,16000,3.470125,1.7915,calm,1,1,normal,2,Dogs are sitting by the door,2,female,0,8,0.23476430773735046,0.5355712175369263,0.018993843346834183,0.13112710416316986,0.01820017211139202,0.015580280683934689,0.027254469692707062,0.018508585169911385,calm
428,428,02-02-01-01-08.wav,48000,16000,3.636958333333333,2.0925625,calm,1,2,strong,1,Kids are talking by the door,1,female,0,8,0.19183549284934998,0.5186022520065308,0.02531665563583374,0.11893181502819061,0.04398132115602493,0.021546754986047745,0.04783483222126961,0.03195084631443024,calm
429,429,02-02-01-02-08.wav,48000,16000,3.7370625,2.175125,calm,1,2,strong,1,Kids are talking by the door,2,female,0,8,0.15426218509674072,0.5150094628334045,0.021327205002307892,0.1507686823606491,0.036750584840774536,0.026956958696246147,0.05923916772007942,0.03568579629063606,calm
430,430,02-02-02-01-08.wav,48000,16000,3.670333333333333,1.991125,calm,1,2,strong,2,Dogs are sitting by the door,1,female,0,8,0.18902479112148285,0.4958285689353943,0.015475300140678883,0.15919740498065948,0.02006894163787365,0.016379650682210922,0.05829482898116112,0.045730460435152054,calm
431,431,02-02-02-02-08.wav,48000,16000,3.8038125,2.0806875,calm,1,2,strong,2,Dogs are sitting by the door,2,female,0,8,0.13638603687286377,0.5299695134162903,0.018991192802786827,0.175754576921463,0.018283633515238762,0.03767026960849762,0.04028070718050003,0.04266395792365074,calm
432,432,03-01-01-01-08.wav,48000,16000,3.5035,1.9245,happy,2,1,normal,1,Kids are talking by the door,1,female,0,8,0.2898563742637634,0.25078824162483215,0.10526064038276672,0.11546679586172104,0.056934136897325516,0.0344490222632885,0.08919057995080948,0.05805419757962227,neutral
433,433,03-01-01-02-08.wav,48000,16000,3.43675,1.740125,happy,2,1,normal,1,Kids are talking by the door,2,female,0,8,0.25420594215393066,0.22057291865348816,0.2397434264421463,0.13071541488170624,0.02727540023624897,0.02571226842701435,0.06425181031227112,0.0375228226184845,neutral
434,434,03-01-02-01-08.wav,48000,16000,3.470125,1.8040625,happy,2,1,normal,2,Dogs are sitting by the door,1,female,0,8,0.2540103495121002,0.2120019495487213,0.20182453095912933,0.13877524435520172,0.03192681446671486,0.035376839339733124,0.06791901588439941,0.05816525220870972,neutral
435,435,03-01-02-02-08.wav,48000,16000,3.4367708333333336,1.924375,happy,2,1,normal,2,Dogs are sitting by the door,2,female,0,8,0.2306496948003769,0.19360767304897308,0.19218584895133972,0.13277341425418854,0.04428965598344803,0.056903887540102005,0.07366865873336792,0.0759211927652359,neutral
436,436,03-02-01-01-08.wav,48000,16000,3.7704166666666663,2.8275,happy,2,2,strong,1,Kids are talking by the door,1,female,0,8,0.06524604558944702,0.07798588275909424,0.3476020395755768,0.10736064612865448,0.09941065311431885,0.08799631893634796,0.11032845824956894,0.10406993329524994,happy
437,437,03-02-01-02-08.wav,48000,16000,3.903895833333333,2.695,happy,2,2,strong,1,Kids are talking by the door,2,female,0,8,0.11581405252218246,0.0690896064043045,0.3453776240348816,0.09660442918539047,0.08452158421278,0.0778450146317482,0.11007751524448395,0.10067014396190643,happy
438,438,03-02-02-01-08.wav,48000,16000,3.8371666666666666,2.923625,happy,2,2,strong,2,Dogs are sitting by the door,1,female,0,8,0.03851085156202316,0.05560337007045746,0.40885958075523376,0.09429208934307098,0.0991300567984581,0.11747366189956665,0.08270130306482315,0.10342912375926971,happy
439,439,03-02-02-02-08.wav,48000,16000,3.937270833333333,3.0215625,happy,2,2,strong,2,Dogs are sitting by the door,2,female,0,8,0.07246306538581848,0.05225737765431404,0.35596951842308044,0.13025173544883728,0.07570305466651917,0.11006077378988266,0.09641886502504349,0.10687556862831116,happy
440,440,04-01-01-01-08.wav,48000,16000,4.204208333333334,2.1898125,sad,3,1,normal,1,Kids are talking by the door,1,female,0,8,0.15424063801765442,0.30725356936454773,0.05240533873438835,0.24442023038864136,0.03823181986808777,0.04287636652588844,0.07973097264766693,0.08084112405776978,calm
441,441,04-01-01-02-08.wav,48000,16000,3.870520833333333,1.9861875,sad,3,1,normal,1,Kids are talking by the door,2,female,0,8,0.2536974549293518,0.3161536157131195,0.029369555413722992,0.23579788208007812,0.02246934175491333,0.03728488087654114,0.07196122407913208,0.0332660898566246,calm
442,442,04-01-02-01-08.wav,48000,16000,3.57025,1.5945625,sad,3,1,normal,2,Dogs are sitting by the door,1,female,0,8,0.18964669108390808,0.35144558548927307,0.03140091896057129,0.2480611950159073,0.021262716501951218,0.030640598386526108,0.08374516665935516,0.04379713535308838,calm
443,443,04-01-02-02-08.wav,48000,16000,3.6036041666666665,1.6044375,sad,3,1,normal,2,Dogs are sitting by the door,2,female,0,8,0.1947326958179474,0.3153161406517029,0.02348872646689415,0.2746489346027374,0.0255658607929945,0.03955848515033722,0.07522652298212051,0.05146268010139465,calm
444,444,04-02-01-01-08.wav,48000,16000,3.7704166666666663,2.6231875,sad,3,2,strong,1,Kids are talking by the door,1,female,0,8,0.08349471539258957,0.17600630223751068,0.06841599941253662,0.3737664520740509,0.03982960432767868,0.09521481394767761,0.09593959152698517,0.06733251363039017,sad
445,445,04-02-01-02-08.wav,48000,16000,3.937270833333333,2.741875,sad,3,2,strong,1,Kids are talking by the door,2,female,0,8,0.0884750485420227,0.1585095226764679,0.11316835135221481,0.3286724090576172,0.08705279231071472,0.08730766177177429,0.07861610502004623,0.058198124170303345,sad
446,446,04-02-02-01-08.wav,48000,16000,3.670333333333333,2.0591875,sad,3,2,strong,2,Dogs are sitting by the door,1,female,0,8,0.09658699482679367,0.16678792238235474,0.05160567909479141,0.4579232335090637,0.03787248581647873,0.05167315527796745,0.07009858638048172,0.06745190173387527,sad
447,447,04-02-02-02-08.wav,48000,16000,3.703708333333333,3.0609375,sad,3,2,strong,2,Dogs are sitting by the door,2,female,0,8,0.10711509734392166,0.11801932007074356,0.06400590389966965,0.381492018699646,0.04169910401105881,0.12095282226800919,0.10153009742498398,0.06518565863370895,sad
448,448,05-01-01-01-08.wav,48000,16000,3.703708333333333,2.182125,angry,4,1,normal,1,Kids are talking by the door,1,female,0,8,0.06947842240333557,0.043772369623184204,0.12494491040706635,0.09000464528799057,0.21722407639026642,0.10872431099414825,0.1715969294309616,0.17425434291362762,angry
449,449,05-01-01-02-08.wav,48000,16000,3.6036041666666665,2.3401875,angry,4,1,normal,1,Kids are talking by the door,2,female,0,8,0.09991377592086792,0.0692012757062912,0.08526688814163208,0.1088566705584526,0.2290789932012558,0.08112333714962006,0.20702962577342987,0.11952940374612808,angry
450,450,05-01-02-01-08.wav,48000,16000,3.536875,1.723625,angry,4,1,normal,2,Dogs are sitting by the door,1,female,0,8,0.10640688240528107,0.06063966080546379,0.08441358804702759,0.11464576423168182,0.2265884429216385,0.08130612969398499,0.1906682252883911,0.13533131778240204,angry
451,451,05-01-02-02-08.wav,48000,16000,3.5702291666666666,2.1615625,angry,4,1,normal,2,Dogs are sitting by the door,2,female,0,8,0.0969420075416565,0.04706001654267311,0.13118445873260498,0.10250911116600037,0.23556140065193176,0.07921993732452393,0.13482530415058136,0.1726977527141571,angry
452,452,05-02-01-01-08.wav,48000,16000,3.970625,2.9626875,angry,4,2,strong,1,Kids are talking by the door,1,female,0,8,0.03613075986504555,0.03408566862344742,0.11446337401866913,0.08051633834838867,0.2941422760486603,0.10887374728918076,0.1907341629266739,0.1410537213087082,angry
453,453,05-02-01-02-08.wav,48000,16000,3.7704375,2.854,angry,4,2,strong,1,Kids are talking by the door,2,female,0,8,0.02809496596455574,0.00959903746843338,0.09262900799512863,0.06119775399565697,0.49428343772888184,0.17810198664665222,0.04200597479939461,0.09408784657716751,angry
454,454,05-02-02-01-08.wav,48000,16000,3.6036041666666665,2.019125,angry,4,2,strong,2,Dogs are sitting by the door,1,female,0,8,0.012788169085979462,0.027642492204904556,0.09441954642534256,0.041714251041412354,0.4520803987979889,0.09778592735528946,0.08111009001731873,0.1924591064453125,angry
455,455,05-02-02-02-08.wav,48000,16000,3.636958333333333,2.1011875,angry,4,2,strong,2,Dogs are sitting by the door,2,female,0,8,0.026565298438072205,0.00787398312240839,0.08204156160354614,0.05299415439367294,0.44828882813453674,0.112800233066082,0.11297851800918579,0.15645749866962433,angry
456,456,06-01-01-01-08.wav,48000,16000,3.970645833333333,3.193625,fearful,5,1,normal,1,Kids are talking by the door,1,female,0,8,0.04816460236907005,0.05175561457872391,0.15024298429489136,0.13515880703926086,0.10132575035095215,0.2517390847206116,0.09482725709676743,0.16678589582443237,fearful
457,457,06-01-01-02-08.wav,48000,16000,3.670333333333333,3.080875,fearful,5,1,normal,1,Kids are talking by the door,2,female,0,8,0.042806241661310196,0.06048833578824997,0.09909269958734512,0.18036341667175293,0.12175246328115463,0.29675909876823425,0.09187605232000351,0.10686170309782028,fearful
458,458,06-01-02-01-08.wav,48000,16000,3.7704375,3.24375,fearful,5,1,normal,2,Dogs are sitting by the door,1,female,0,8,0.08139968663454056,0.05194486305117607,0.13921067118644714,0.1713370829820633,0.1277957707643509,0.16959916055202484,0.11964304000139236,0.13906973600387573,sad
459,459,06-01-02-02-08.wav,48000,16000,3.670333333333333,2.4596875,fearful,5,1,normal,2,Dogs are sitting by the door,2,female,0,8,0.06570062786340714,0.0299041997641325,0.1441441923379898,0.13540969789028168,0.09903814643621445,0.2123318314552307,0.12822838127613068,0.18524295091629028,fearful
460,460,06-02-01-01-08.wav,48000,16000,3.970625,3.14125,fearful,5,2,strong,1,Kids are talking by the door,1,female,0,8,0.024709125980734825,0.023989830166101456,0.14697067439556122,0.1065254732966423,0.18528179824352264,0.2831316888332367,0.06339710205793381,0.16599425673484802,fearful
461,461,06-02-01-02-08.wav,48000,16000,3.903895833333333,2.8088125,fearful,5,2,strong,1,Kids are talking by the door,2,female,0,8,0.029845040291547775,0.01106620766222477,0.1740868240594864,0.13718177378177643,0.14012421667575836,0.27715009450912476,0.07847150415182114,0.15207435190677643,fearful
462,462,06-02-02-01-08.wav,48000,16000,3.870520833333333,2.60675,fearful,5,2,strong,2,Dogs are sitting by the door,1,female,0,8,0.011551572941243649,0.011779331602156162,0.1054752916097641,0.1360979676246643,0.15527786314487457,0.3324909806251526,0.0604315809905529,0.18689537048339844,fearful
463,463,06-02-02-02-08.wav,48000,16000,3.937270833333333,3.3348125,fearful,5,2,strong,2,Dogs are sitting by the door,2,female,0,8,0.038234271109104156,0.019537048414349556,0.10546287149190903,0.10903400927782059,0.19465340673923492,0.26191073656082153,0.0857149139046669,0.18545277416706085,fearful
464,464,07-01-01-01-08.wav,48000,16000,3.903895833333333,2.176875,disgust,6,1,normal,1,Kids are talking by the door,1,female,0,8,0.16880662739276886,0.22669900953769684,0.03134189173579216,0.19980423152446747,0.06774114072322845,0.02404930256307125,0.24137002229690552,0.040187735110521317,disgust
465,465,07-01-01-02-08.wav,48000,16000,3.670333333333333,2.1395625,disgust,6,1,normal,1,Kids are talking by the door,2,female,0,8,0.11805523931980133,0.2128933221101761,0.032079681754112244,0.1801680624485016,0.11342543363571167,0.05103077366948128,0.24182124435901642,0.05052624270319939,disgust
466,466,07-01-02-01-08.wav,48000,16000,3.937270833333333,2.2510625,disgust,6,1,normal,2,Dogs are sitting by the door,1,female,0,8,0.1271321177482605,0.1904222071170807,0.03384782373905182,0.17617426812648773,0.07771947234869003,0.041699305176734924,0.29715046286582947,0.05585433542728424,disgust
467,467,07-01-02-02-08.wav,48000,16000,3.8371666666666666,1.882125,disgust,6,1,normal,2,Dogs are sitting by the door,2,female,0,8,0.16586345434188843,0.19409018754959106,0.023720212280750275,0.22535930573940277,0.04482709988951683,0.027654172852635384,0.27471280097961426,0.043772727251052856,disgust
468,468,07-02-01-01-08.wav,48000,16000,4.070729166666666,2.52725,disgust,6,2,strong,1,Kids are talking by the door,1,female,0,8,0.10185960680246353,0.11686580628156662,0.05392036959528923,0.17802613973617554,0.06444420665502548,0.06363470107316971,0.3499912619590759,0.07125791907310486,disgust
469,469,07-02-01-02-08.wav,48000,16000,3.7704375,2.486375,disgust,6,2,strong,1,Kids are talking by the door,2,female,0,8,0.10552537441253662,0.13966257870197296,0.03885502368211746,0.17905355989933014,0.0867515429854393,0.05217719078063965,0.3367718458175659,0.061202894896268845,disgust
470,470,07-02-02-01-08.wav,48000,16000,3.7370833333333335,1.99325,disgust,6,2,strong,2,Dogs are sitting by the door,1,female,0,8,0.13409936428070068,0.1810968518257141,0.029820134863257408,0.14262451231479645,0.035891979932785034,0.057134225964546204,0.36119118332862854,0.05814172700047493,disgust
471,471,07-02-02-02-08.wav,48000,16000,3.870520833333333,1.92675,disgust,6,2,strong,2,Dogs are sitting by the door,2,female,0,8,0.13307122886180878,0.1103043183684349,0.03205874562263489,0.13537444174289703,0.06873013824224472,0.04591831564903259,0.398630291223526,0.07591244578361511,disgust
472,472,08-01-01-01-08.wav,48000,16000,3.703708333333333,2.0489375,surprised,7,1,normal,1,Kids are talking by the door,1,female,0,8,0.13821086287498474,0.11792901903390884,0.07881224155426025,0.14594589173793793,0.0568857379257679,0.08762650191783905,0.1704370379447937,0.20415273308753967,surprised
473,473,08-01-01-02-08.wav,48000,16000,3.8037916666666662,2.01375,surprised,7,1,normal,1,Kids are talking by the door,2,female,0,8,0.1679878532886505,0.057317085564136505,0.07102935016155243,0.1474670022726059,0.07258095592260361,0.06953657418489456,0.13367944955825806,0.28040167689323425,surprised
474,474,08-01-02-01-08.wav,48000,16000,3.7704375,1.95875,surprised,7,1,normal,2,Dogs are sitting by the door,1,female,0,8,0.17359089851379395,0.10084067285060883,0.12794935703277588,0.11163599789142609,0.05042329430580139,0.07016671448945999,0.10946282744407654,0.25593018531799316,surprised
475,475,08-01-02-02-08.wav,48000,16000,3.536875,1.77125,surprised,7,1,normal,2,Dogs are sitting by the door,2,female,0,8,0.17340520024299622,0.11519362777471542,0.04732748493552208,0.11848118901252747,0.03734679892659187,0.04385288059711456,0.12596651911735535,0.33842629194259644,surprised
476,476,08-02-01-01-08.wav,48000,16000,3.8371666666666666,2.54775,surprised,7,2,strong,1,Kids are talking by the door,1,female,0,8,0.06651332974433899,0.04305838420987129,0.0744103342294693,0.08462929725646973,0.1271461695432663,0.13853631913661957,0.13911528885364532,0.3265908360481262,surprised
477,477,08-02-01-02-08.wav,48000,16000,3.7036875,2.3468125,surprised,7,2,strong,1,Kids are talking by the door,2,female,0,8,0.08538311719894409,0.032846465706825256,0.10196307301521301,0.08194612711668015,0.09000223875045776,0.09605418890714645,0.18534046411514282,0.32646429538726807,surprised
478,478,08-02-02-01-08.wav,48000,16000,3.8037916666666662,1.7940625,surprised,7,2,strong,2,Dogs are sitting by the door,1,female,0,8,0.06852719932794571,0.055727384984493256,0.13330811262130737,0.10221930593252182,0.15456433594226837,0.08154322952032089,0.13532879948616028,0.2687815725803375,surprised
479,479,08-02-02-02-08.wav,48000,16000,3.8705416666666665,2.1391875,surprised,7,2,strong,2,Dogs are sitting by the door,2,female,0,8,0.11660412698984146,0.06475931406021118,0.08033300191164017,0.09771154820919037,0.08276785910129547,0.0967857837677002,0.16838553547859192,0.29265281558036804,surprised
480,480,01-01-01-01-09.wav,48000,16000,3.2699375,2.4341875,neutral,0,1,normal,1,Kids are talking by the door,1,male,1,9,0.4125937223434448,0.1688218116760254,0.05628812313079834,0.15713518857955933,0.03361015021800995,0.058226197957992554,0.046981725841760635,0.06634305417537689,neutral
481,481,01-01-01-02-09.wav,48000,16000,3.203208333333333,1.5695625,neutral,0,1,normal,1,Kids are talking by the door,2,male,1,9,0.4103272259235382,0.2754984200000763,0.03068849816918373,0.11816178262233734,0.017176423221826553,0.047576941549777985,0.06059902906417847,0.03997168317437172,neutral
482,482,01-01-02-01-09.wav,48000,16000,3.3366666666666664,1.49475,neutral,0,1,normal,2,Dogs are sitting by the door,1,male,1,9,0.48783549666404724,0.19589288532733917,0.030971422791481018,0.1671355664730072,0.007044134195894003,0.023968620225787163,0.03933727741241455,0.04781460762023926,neutral
483,483,01-01-02-02-09.wav,48000,16000,3.2365833333333334,1.424625,neutral,0,1,normal,2,Dogs are sitting by the door,2,male,1,9,0.576212465763092,0.16816453635692596,0.020175663754343987,0.13835151493549347,0.012147885747253895,0.03417437523603439,0.027292922139167786,0.02348058484494686,neutral
484,484,02-01-01-01-09.wav,48000,16000,3.3366666666666664,1.55875,calm,1,1,normal,1,Kids are talking by the door,1,male,1,9,0.24249032139778137,0.48328647017478943,0.017809728160500526,0.10553744435310364,0.0071120732463896275,0.08079873025417328,0.046565257012844086,0.016399960964918137,calm
485,485,02-01-01-02-09.wav,48000,16000,3.3366666666666664,1.638375,calm,1,1,normal,1,Kids are talking by the door,2,male,1,9,0.17064785957336426,0.48897427320480347,0.05071541294455528,0.11179733276367188,0.02129184640944004,0.06598822772502899,0.057220056653022766,0.03336503729224205,calm
486,486,02-01-02-01-09.wav,48000,16000,3.470145833333333,2.2346875,calm,1,1,normal,2,Dogs are sitting by the door,1,male,1,9,0.1491355299949646,0.5015854835510254,0.043502327054739,0.10837053507566452,0.016539258882403374,0.07929852604866028,0.06764233857393265,0.033926013857126236,calm
487,487,02-01-02-02-09.wav,48000,16000,3.5702291666666666,1.88325,calm,1,1,normal,2,Dogs are sitting by the door,2,male,1,9,0.2412312626838684,0.44949525594711304,0.03269331157207489,0.13753913342952728,0.01465851441025734,0.06027640774846077,0.03910979628562927,0.024996338412165642,calm
488,488,02-02-01-01-09.wav,48000,16000,3.3366666666666664,1.735875,calm,1,2,strong,1,Kids are talking by the door,1,male,1,9,0.23971830308437347,0.5030449628829956,0.02255941368639469,0.09993825107812881,0.005338549613952637,0.08253699541091919,0.025905458256602287,0.020958054810762405,calm
489,489,02-02-01-02-09.wav,48000,16000,3.4367708333333336,2.0928125,calm,1,2,strong,1,Kids are talking by the door,2,male,1,9,0.18831577897071838,0.596336305141449,0.014305373653769493,0.08634435385465622,0.004681342281401157,0.06449156254529953,0.028989329934120178,0.016535986214876175,calm
490,490,02-02-02-01-09.wav,48000,16000,3.8037916666666662,2.3978125,calm,1,2,strong,2,Dogs are sitting by the door,1,male,1,9,0.15326420962810516,0.5984422564506531,0.028236808255314827,0.09226422756910324,0.012984365224838257,0.04391118884086609,0.03895777091383934,0.031939178705215454,calm
491,491,02-02-02-02-09.wav,48000,16000,3.636979166666667,1.8688125,calm,1,2,strong,2,Dogs are sitting by the door,2,male,1,9,0.29552900791168213,0.3515860438346863,0.04671585559844971,0.1542372852563858,0.013927985914051533,0.06313511729240417,0.04024150222539902,0.03462720289826393,calm
492,492,03-01-01-01-09.wav,48000,16000,3.3366666666666664,2.156875,happy,2,1,normal,1,Kids are talking by the door,1,male,1,9,0.1898733377456665,0.21516010165214539,0.13626396656036377,0.26531311869621277,0.0353814959526062,0.04322492331266403,0.05219851806759834,0.06258457154035568,sad
493,493,03-01-01-02-09.wav,48000,16000,3.536854166666666,1.7351875,happy,2,1,normal,1,Kids are talking by the door,2,male,1,9,0.143640398979187,0.08313935995101929,0.2554819881916046,0.18273864686489105,0.029178068041801453,0.06954465806484222,0.141664519906044,0.09461232274770737,happy
494,494,03-01-02-01-09.wav,48000,16000,3.3032916666666665,1.5028125,happy,2,1,normal,2,Dogs are sitting by the door,1,male,1,9,0.20858722925186157,0.13013063371181488,0.12901349365711212,0.18942968547344208,0.025876719504594803,0.08493424206972122,0.09708765894174576,0.13494034111499786,neutral
495,495,03-01-02-02-09.wav,48000,16000,3.470145833333333,1.658375,happy,2,1,normal,2,Dogs are sitting by the door,2,male,1,9,0.15611477196216583,0.1502276510000229,0.20533567667007446,0.2127457708120346,0.03595897555351257,0.07120616734027863,0.10746355354785919,0.060947440564632416,sad
496,496,03-02-01-01-09.wav,48000,16000,3.7704375,3.0618125,happy,2,2,strong,1,Kids are talking by the door,1,male,1,9,0.04569811746478081,0.044387947767972946,0.231612429022789,0.14022955298423767,0.12227609008550644,0.13811273872852325,0.14203569293022156,0.1356474608182907,happy
497,497,03-02-01-02-09.wav,48000,16000,4.170833333333333,3.83925,happy,2,2,strong,1,Kids are talking by the door,2,male,1,9,0.09577884525060654,0.0740443542599678,0.19057700037956238,0.18381346762180328,0.08823897689580917,0.12226555496454239,0.13092292845249176,0.11435884237289429,happy
498,498,03-02-02-01-09.wav,48000,16000,3.57025,2.37675,happy,2,2,strong,2,Dogs are sitting by the door,1,male,1,9,0.0370013602077961,0.03786807134747505,0.20258310437202454,0.13729093968868256,0.13660161197185516,0.1726972907781601,0.1099662333726883,0.16599136590957642,happy
499,499,03-02-02-02-09.wav,48000,16000,3.5702291666666666,2.8765,happy,2,2,strong,2,Dogs are sitting by the door,2,male,1,9,0.11144495010375977,0.07488087564706802,0.19778981804847717,0.16314521431922913,0.0832553282380104,0.12046588212251663,0.11789869517087936,0.13111929595470428,happy
500,500,04-01-01-01-09.wav,48000,16000,3.2699375,1.553,sad,3,1,normal,1,Kids are talking by the door,1,male,1,9,0.17981457710266113,0.12009349465370178,0.04271847754716873,0.3261990249156952,0.05001597851514816,0.08444185554981232,0.10299207270145416,0.0937245637178421,sad
501,501,04-01-01-02-09.wav,48000,16000,3.43675,1.340125,sad,3,1,normal,1,Kids are talking by the door,2,male,1,9,0.15220417082309723,0.24685713648796082,0.03761158511042595,0.28510355949401855,0.027140218764543533,0.09936197847127914,0.08390923589468002,0.06781211495399475,sad
502,502,04-01-02-01-09.wav,48000,16000,3.403395833333333,1.5541875,sad,3,1,normal,2,Dogs are sitting by the door,1,male,1,9,0.18090039491653442,0.2137109637260437,0.05202365666627884,0.27289441227912903,0.02802356146275997,0.06643553823232651,0.11366905272006989,0.07234244048595428,sad
503,503,04-01-02-02-09.wav,48000,16000,3.4034166666666668,1.5284375,sad,3,1,normal,2,Dogs are sitting by the door,2,male,1,9,0.21109837293624878,0.2561093270778656,0.05332303047180176,0.27505722641944885,0.016385380178689957,0.04822174832224846,0.056937117129564285,0.08286774158477783,sad
504,504,04-02-01-01-09.wav,48000,16000,3.937270833333333,2.5586875,sad,3,2,strong,1,Kids are talking by the door,1,male,1,9,0.12638503313064575,0.20192262530326843,0.05977172404527664,0.3837769627571106,0.03778376430273056,0.07403279840946198,0.07119632512331009,0.04513080045580864,sad
505,505,04-02-01-02-09.wav,48000,16000,3.903895833333333,2.731375,sad,3,2,strong,1,Kids are talking by the door,2,male,1,9,0.08377575129270554,0.10852289199829102,0.10017693787813187,0.3473939299583435,0.06418710201978683,0.12373476475477219,0.10501272231340408,0.06719589978456497,sad
506,506,04-02-02-01-09.wav,48000,16000,3.636979166666667,2.0559375,sad,3,2,strong,2,Dogs are sitting by the door,1,male,1,9,0.11972765624523163,0.16674868762493134,0.037670545279979706,0.4257429242134094,0.03281973674893379,0.10671576112508774,0.07324230670928955,0.037332382053136826,sad
507,507,04-02-02-02-09.wav,48000,16000,3.8705416666666665,2.38525,sad,3,2,strong,2,Dogs are sitting by the door,2,male,1,9,0.13753971457481384,0.12795473635196686,0.05208485946059227,0.37168383598327637,0.04456077516078949,0.10992348939180374,0.09459429979324341,0.06165830045938492,sad
508,508,05-01-01-01-09.wav,48000,16000,3.5702291666666666,1.900125,angry,4,1,normal,1,Kids are talking by the door,1,male,1,9,0.10511921346187592,0.14068792760372162,0.08219841867685318,0.2757829427719116,0.08020644634962082,0.14536790549755096,0.12575921416282654,0.04487793147563934,sad
509,509,05-01-01-02-09.wav,48000,16000,3.57025,1.8023125,angry,4,1,normal,1,Kids are talking by the door,2,male,1,9,0.10543331503868103,0.07721410691738129,0.09217843413352966,0.19969488680362701,0.10973718762397766,0.099037304520607,0.22188442945480347,0.09482035040855408,disgust
510,510,05-01-02-01-09.wav,48000,16000,3.7370625,1.968375,angry,4,1,normal,2,Dogs are sitting by the door,1,male,1,9,0.0969352051615715,0.05929037928581238,0.14784054458141327,0.2460884004831314,0.12397795915603638,0.11220625787973404,0.13462530076503754,0.07903590053319931,sad
511,511,05-01-02-02-09.wav,48000,16000,3.536875,1.77175,angry,4,1,normal,2,Dogs are sitting by the door,2,male,1,9,0.10559684038162231,0.07204945385456085,0.12061622738838196,0.23085790872573853,0.09585639834403992,0.10346918553113937,0.17102399468421936,0.10052996873855591,sad
512,512,05-02-01-01-09.wav,48000,16000,3.8038125,3.227125,angry,4,2,strong,1,Kids are talking by the door,1,male,1,9,0.043641164898872375,0.03697378560900688,0.08136279135942459,0.07262606918811798,0.41153091192245483,0.21348024904727936,0.06363116204738617,0.07675392925739288,angry
513,513,05-02-01-02-09.wav,48000,16000,3.7704375,3.2873125,angry,4,2,strong,1,Kids are talking by the door,2,male,1,9,0.03985271975398064,0.038664449006319046,0.08626251667737961,0.03492879867553711,0.46079403162002563,0.15528878569602966,0.0849311351776123,0.09927760809659958,angry
514,514,05-02-02-01-09.wav,48000,16000,4.371041666666667,3.865125,angry,4,2,strong,2,Dogs are sitting by the door,1,male,1,9,0.023481890559196472,0.04794250428676605,0.12437327206134796,0.05056910589337349,0.3589012622833252,0.22530949115753174,0.07187116146087646,0.09755130857229233,angry
515,515,05-02-02-02-09.wav,48000,16000,3.970645833333333,3.497875,angry,4,2,strong,2,Dogs are sitting by the door,2,male,1,9,0.020168693736195564,0.04371620714664459,0.09017198532819748,0.0660717785358429,0.3951665461063385,0.20705392956733704,0.08799096196889877,0.08965998888015747,angry
516,516,06-01-01-01-09.wav,48000,16000,3.169833333333333,1.3296875,fearful,5,1,normal,1,Kids are talking by the door,1,male,1,9,0.12601624429225922,0.16505210101604462,0.060203637927770615,0.1776948869228363,0.038233641535043716,0.279378205537796,0.0884663313627243,0.06495495140552521,fearful
517,517,06-01-01-02-09.wav,48000,16000,3.169833333333333,1.3916875,fearful,5,1,normal,1,Kids are talking by the door,2,male,1,9,0.12517832219600677,0.27207738161087036,0.04027479887008667,0.18844936788082123,0.034492019563913345,0.20360952615737915,0.10089541971683502,0.03502319008111954,calm
518,518,06-01-02-01-09.wav,48000,16000,3.1364791666666667,1.483375,fearful,5,1,normal,2,Dogs are sitting by the door,1,male,1,9,0.20653006434440613,0.20536363124847412,0.028148233890533447,0.141666442155838,0.02016809582710266,0.33377084136009216,0.029376212507486343,0.03497649356722832,fearful
519,519,06-01-02-02-09.wav,48000,16000,3.136458333333333,1.290375,fearful,5,1,normal,2,Dogs are sitting by the door,2,male,1,9,0.12048676609992981,0.2275802046060562,0.017408644780516624,0.2065647393465042,0.030340248718857765,0.2898615300655365,0.07516984641551971,0.032588060945272446,fearful
520,520,06-02-01-01-09.wav,48000,16000,3.2365625,3.0415,fearful,5,2,strong,1,Kids are talking by the door,1,male,1,9,0.08084353804588318,0.12471139430999756,0.09821589291095734,0.14177975058555603,0.11736583709716797,0.22533763945102692,0.131180077791214,0.0805659219622612,fearful
521,521,06-02-01-02-09.wav,48000,16000,3.2699375,1.5586875,fearful,5,2,strong,1,Kids are talking by the door,2,male,1,9,0.05425542965531349,0.1604781448841095,0.06890902668237686,0.16983816027641296,0.08069325983524323,0.21178603172302246,0.1808009147644043,0.07323906570672989,fearful
522,522,06-02-02-01-09.wav,48000,16000,3.2365625,1.977875,fearful,5,2,strong,2,Dogs are sitting by the door,1,male,1,9,0.03694804757833481,0.07095246762037277,0.10502352565526962,0.1691063493490219,0.10723302513360977,0.27456119656562805,0.13121208548545837,0.10496330261230469,fearful
523,523,06-02-02-02-09.wav,48000,16000,3.2365625,2.8773125,fearful,5,2,strong,2,Dogs are sitting by the door,2,male,1,9,0.04289166256785393,0.06688598543405533,0.10160048305988312,0.1408158838748932,0.13840772211551666,0.29323118925094604,0.08211352676153183,0.1340535432100296,fearful
524,524,07-01-01-01-09.wav,48000,16000,3.403395833333333,1.94025,disgust,6,1,normal,1,Kids are talking by the door,1,male,1,9,0.1127643957734108,0.10565578192472458,0.05540291965007782,0.19356904923915863,0.03381041809916496,0.06613028049468994,0.35149961709976196,0.08116760849952698,disgust
525,525,07-01-01-02-09.wav,48000,16000,3.5035,1.6829375,disgust,6,1,normal,1,Kids are talking by the door,2,male,1,9,0.14187338948249817,0.11736202239990234,0.08139064908027649,0.1991114765405655,0.04697287455201149,0.06776638329029083,0.25097402930259705,0.09454917907714844,disgust
526,526,07-01-02-01-09.wav,48000,16000,3.470125,1.73575,disgust,6,1,normal,2,Dogs are sitting by the door,1,male,1,9,0.1353868693113327,0.1751948595046997,0.06242695450782776,0.19713430106639862,0.03500717505812645,0.04498204588890076,0.2597053050994873,0.09016251564025879,disgust
527,527,07-01-02-02-09.wav,48000,16000,3.403395833333333,2.0274375,disgust,6,1,normal,2,Dogs are sitting by the door,2,male,1,9,0.08972993493080139,0.1226925477385521,0.0703623816370964,0.19164879620075226,0.039852410554885864,0.10898367315530777,0.26736852526664734,0.10936170816421509,disgust
528,528,07-02-01-01-09.wav,48000,16000,3.636979166666667,1.9755625,disgust,6,2,strong,1,Kids are talking by the door,1,male,1,9,0.10281506180763245,0.17451292276382446,0.05364420637488365,0.20495633780956268,0.03993620350956917,0.07247981429100037,0.2581614553928375,0.09349396824836731,disgust
529,529,07-02-01-02-09.wav,48000,16000,3.536854166666666,2.1143125,disgust,6,2,strong,1,Kids are talking by the door,2,male,1,9,0.08612678945064545,0.12307773530483246,0.08657912909984589,0.15201327204704285,0.06102889031171799,0.08101001381874084,0.2783571183681488,0.1318070888519287,disgust
530,530,07-02-02-01-09.wav,48000,16000,3.5702291666666666,2.1083125,disgust,6,2,strong,2,Dogs are sitting by the door,1,male,1,9,0.09913526475429535,0.0815359503030777,0.11450564116239548,0.15993714332580566,0.07565010339021683,0.056035757064819336,0.2615440785884857,0.15165603160858154,disgust
531,531,07-02-02-02-09.wav,48000,16000,3.603583333333333,2.131,disgust,6,2,strong,2,Dogs are sitting by the door,2,male,1,9,0.16111165285110474,0.07938165962696075,0.12578453123569489,0.1529608964920044,0.05570095404982567,0.07504332810640335,0.2314629852771759,0.1185540109872818,disgust
532,532,08-01-01-01-09.wav,48000,16000,3.069729166666667,1.347625,surprised,7,1,normal,1,Kids are talking by the door,1,male,1,9,0.3380332291126251,0.1307476907968521,0.044694192707538605,0.19298313558101654,0.021820902824401855,0.08662613481283188,0.08281386643648148,0.10228084772825241,neutral
533,533,08-01-01-02-09.wav,48000,16000,3.3366666666666664,1.609,surprised,7,1,normal,1,Kids are talking by the door,2,male,1,9,0.2832013964653015,0.2455405592918396,0.0623282790184021,0.1555473655462265,0.029292555525898933,0.043131161481142044,0.10346567630767822,0.07749301195144653,neutral
534,534,08-01-02-01-09.wav,48000,16000,3.4367708333333336,1.866,surprised,7,1,normal,2,Dogs are sitting by the door,1,male,1,9,0.23707859218120575,0.08977331966161728,0.11025014519691467,0.1973571926355362,0.027999503538012505,0.069094218313694,0.12351613491773605,0.1449308842420578,neutral
535,535,08-01-02-02-09.wav,48000,16000,3.43675,1.6174375,surprised,7,1,normal,2,Dogs are sitting by the door,2,male,1,9,0.27028724551200867,0.16323472559452057,0.04645988345146179,0.22259248793125153,0.02276509813964367,0.03247830271720886,0.11807917058467865,0.12410308420658112,neutral
536,536,08-02-01-01-09.wav,48000,16000,3.3032916666666665,1.50175,surprised,7,2,strong,1,Kids are talking by the door,1,male,1,9,0.12055158615112305,0.09817972779273987,0.07991201430559158,0.20342081785202026,0.0381031408905983,0.0759975016117096,0.23801326751708984,0.1458219438791275,disgust
537,537,08-02-01-02-09.wav,48000,16000,3.2699375,1.877375,surprised,7,2,strong,1,Kids are talking by the door,2,male,1,9,0.16543017327785492,0.11809100210666656,0.07858426868915558,0.13190150260925293,0.036906685680150986,0.0805969312787056,0.20478878915309906,0.18370063602924347,disgust
538,538,08-02-02-01-09.wav,48000,16000,3.403395833333333,1.5334375,surprised,7,2,strong,2,Dogs are sitting by the door,1,male,1,9,0.14079584181308746,0.1453220397233963,0.08955279737710953,0.2224806398153305,0.02231232263147831,0.08157344162464142,0.15247240662574768,0.14549051225185394,sad
539,539,08-02-02-02-09.wav,48000,16000,3.43675,1.6544375,surprised,7,2,strong,2,Dogs are sitting by the door,2,male,1,9,0.14500124752521515,0.10215277969837189,0.10121170431375504,0.14520004391670227,0.04796033725142479,0.07623505592346191,0.19322699308395386,0.1890118420124054,disgust
540,540,01-01-01-01-10.wav,48000,16000,3.536875,1.849375,neutral,0,1,normal,1,Kids are talking by the door,1,female,0,10,0.35127532482147217,0.11400195956230164,0.07489781081676483,0.15350347757339478,0.03275895118713379,0.06276726722717285,0.11111542582511902,0.09967974573373795,neutral
541,541,01-01-01-02-10.wav,48000,16000,3.8371666666666666,2.954875,neutral,0,1,normal,1,Kids are talking by the door,2,female,0,10,0.34959733486175537,0.14621664583683014,0.045806001871824265,0.1572769284248352,0.046569906175136566,0.07158032804727554,0.09316745400428772,0.08978544175624847,neutral
542,542,01-01-02-01-10.wav,48000,16000,3.7370625,2.7594375,neutral,0,1,normal,2,Dogs are sitting by the door,1,female,0,10,0.3404857814311981,0.17221905291080475,0.05147728696465492,0.14212115108966827,0.03861352428793907,0.08795779943466187,0.09071163833141327,0.07641376554965973,neutral
543,543,01-01-02-02-10.wav,48000,16000,3.670333333333333,2.0733125,neutral,0,1,normal,2,Dogs are sitting by the door,2,female,0,10,0.4083373546600342,0.16947360336780548,0.042958371341228485,0.1515595018863678,0.02911398373544216,0.05802856758236885,0.06892935186624527,0.07159928232431412,neutral
544,544,02-01-01-01-10.wav,48000,16000,3.5702291666666666,3.2739375,calm,1,1,normal,1,Kids are talking by the door,1,female,0,10,0.16142193973064423,0.4586740732192993,0.0528470054268837,0.10962675511837006,0.06137935072183609,0.046625036746263504,0.06728146970272064,0.042144373059272766,calm
545,545,02-01-01-02-10.wav,48000,16000,3.603583333333333,2.213125,calm,1,1,normal,1,Kids are talking by the door,2,female,0,10,0.210165873169899,0.24672406911849976,0.05850677564740181,0.15148808062076569,0.05229789391160011,0.05450540781021118,0.12765385210514069,0.09865805506706238,calm
546,546,02-01-02-01-10.wav,48000,16000,3.636958333333333,3.20675,calm,1,1,normal,2,Dogs are sitting by the door,1,female,0,10,0.18875625729560852,0.3671109974384308,0.051903147250413895,0.10937090963125229,0.08985606580972672,0.04896306246519089,0.08144061267375946,0.06259889155626297,calm
547,547,02-01-02-02-10.wav,48000,16000,3.703708333333333,2.906875,calm,1,1,normal,2,Dogs are sitting by the door,2,female,0,10,0.1907825618982315,0.2710515558719635,0.07792312651872635,0.12581543624401093,0.06695080548524857,0.07183093577623367,0.0926608294248581,0.10298473387956619,calm
548,548,02-02-01-01-10.wav,48000,16000,3.7370625,2.72425,calm,1,2,strong,1,Kids are talking by the door,1,female,0,10,0.1785547435283661,0.32566335797309875,0.08062395453453064,0.14670394361019135,0.049934133887290955,0.07847365736961365,0.08102650195360184,0.05901969224214554,calm
549,549,02-02-01-02-10.wav,48000,16000,3.7370625,3.01025,calm,1,2,strong,1,Kids are talking by the door,2,female,0,10,0.1792585402727127,0.28392478823661804,0.046062104403972626,0.15953508019447327,0.05046931654214859,0.0663885697722435,0.14734335243701935,0.06701818108558655,calm
550,550,02-02-02-01-10.wav,48000,16000,3.8037916666666662,2.31525,calm,1,2,strong,2,Dogs are sitting by the door,1,female,0,10,0.2906360924243927,0.27622169256210327,0.04203733056783676,0.15349765121936798,0.033824335783720016,0.06336534768342972,0.074040487408638,0.06637708097696304,neutral
551,551,02-02-02-02-10.wav,48000,16000,3.8371666666666666,2.175625,calm,1,2,strong,2,Dogs are sitting by the door,2,female,0,10,0.2733597755432129,0.31942278146743774,0.035540711134672165,0.18351973593235016,0.014632788486778736,0.042663779109716415,0.08332706987857819,0.04753335192799568,calm
552,552,03-01-01-01-10.wav,48000,16000,3.5035,2.1231875,happy,2,1,normal,1,Kids are talking by the door,1,female,0,10,0.1637241244316101,0.0493004210293293,0.15275664627552032,0.19186437129974365,0.0809059664607048,0.09449814260005951,0.11687356233596802,0.1500767469406128,sad
553,553,03-01-01-02-10.wav,48000,16000,3.470125,2.29375,happy,2,1,normal,1,Kids are talking by the door,2,female,0,10,0.03215032070875168,0.057730935513973236,0.22242459654808044,0.13145583868026733,0.10147401690483093,0.16718149185180664,0.11003856360912323,0.1775442659854889,happy
554,554,03-01-02-01-10.wav,48000,16000,3.3032916666666665,2.62225,happy,2,1,normal,2,Dogs are sitting by the door,1,female,0,10,0.07276006042957306,0.0910780057311058,0.1874977946281433,0.14538373053073883,0.07968557626008987,0.12135723233222961,0.14231471717357635,0.15992286801338196,happy
555,555,03-01-02-02-10.wav,48000,16000,3.3366666666666664,2.6149375,happy,2,1,normal,2,Dogs are sitting by the door,2,female,0,10,0.07901450991630554,0.11303392052650452,0.20100702345371246,0.1373780071735382,0.13947048783302307,0.08220168203115463,0.09229068458080292,0.15560370683670044,happy
556,556,03-02-01-01-10.wav,48000,16000,3.8371666666666666,3.54375,happy,2,2,strong,1,Kids are talking by the door,1,female,0,10,0.03323874995112419,0.026177331805229187,0.2821407616138458,0.14424167573451996,0.15894825756549835,0.1210126057267189,0.08064861595630646,0.15359197556972504,happy
557,557,03-02-01-02-10.wav,48000,16000,3.5035,2.470875,happy,2,2,strong,1,Kids are talking by the door,2,female,0,10,0.020889898762106895,0.01297518890351057,0.33478131890296936,0.16546453535556793,0.08826812356710434,0.222389817237854,0.03654720261693001,0.11868387460708618,happy
558,558,03-02-02-01-10.wav,48000,16000,3.7370625,2.9478125,happy,2,2,strong,2,Dogs are sitting by the door,1,female,0,10,0.017633000388741493,0.029774270951747894,0.2967472970485687,0.10672345012426376,0.16197215020656586,0.21170012652873993,0.06421089917421341,0.11123882979154587,happy
559,559,03-02-02-02-10.wav,48000,16000,3.970645833333333,2.433625,happy,2,2,strong,2,Dogs are sitting by the door,2,female,0,10,0.0036302777007222176,0.006970423739403486,0.3646317720413208,0.11948364973068237,0.1504126340150833,0.19374994933605194,0.028456471860408783,0.13266482949256897,happy
560,560,04-01-01-01-10.wav,48000,16000,3.3032916666666665,1.96,sad,3,1,normal,1,Kids are talking by the door,1,female,0,10,0.18446795642375946,0.12162754684686661,0.060907572507858276,0.3168313503265381,0.0724213644862175,0.059636425226926804,0.12216068804264069,0.061947051435709,sad
561,561,04-01-01-02-10.wav,48000,16000,3.470125,2.3681875,sad,3,1,normal,1,Kids are talking by the door,2,female,0,10,0.15574195981025696,0.2503294348716736,0.05916319787502289,0.18267743289470673,0.06576012074947357,0.0789378210902214,0.11191638559103012,0.09547366946935654,calm
562,562,04-01-02-01-10.wav,48000,16000,3.536875,1.992125,sad,3,1,normal,2,Dogs are sitting by the door,1,female,0,10,0.1653941124677658,0.22259986400604248,0.02403225749731064,0.30029335618019104,0.014353430829942226,0.06298243254423141,0.15685085952281952,0.05349371209740639,sad
563,563,04-01-02-02-10.wav,48000,16000,3.8037916666666662,2.091875,sad,3,1,normal,2,Dogs are sitting by the door,2,female,0,10,0.15772230923175812,0.19010977447032928,0.022404314950108528,0.3050139546394348,0.023511720821261406,0.0804852619767189,0.1511666178703308,0.06958602368831635,sad
564,564,04-02-01-01-10.wav,48000,16000,3.5035,2.4296875,sad,3,2,strong,1,Kids are talking by the door,1,female,0,10,0.0749119371175766,0.050952646881341934,0.1386996954679489,0.36420461535453796,0.05894283950328827,0.09588690847158432,0.10716176778078079,0.10923957824707031,sad
565,565,04-02-01-02-10.wav,48000,16000,3.5702291666666666,2.8953125,sad,3,2,strong,1,Kids are talking by the door,2,female,0,10,0.12248793989419937,0.09153624624013901,0.11452018469572067,0.2720182240009308,0.060382578521966934,0.10399337857961655,0.15184395015239716,0.08321746438741684,sad
566,566,04-02-02-01-10.wav,48000,16000,3.670333333333333,2.221375,sad,3,2,strong,2,Dogs are sitting by the door,1,female,0,10,0.19094142317771912,0.26220616698265076,0.031557176262140274,0.25000524520874023,0.022684870287775993,0.0623616948723793,0.13114935159683228,0.04909409582614899,calm
567,567,04-02-02-02-10.wav,48000,16000,3.5702291666666666,2.1480625,sad,3,2,strong,2,Dogs are sitting by the door,2,female,0,10,0.15336045622825623,0.15095725655555725,0.03300955891609192,0.38366571068763733,0.044407252222299576,0.06568995863199234,0.10582562536001205,0.0630842074751854,sad
568,568,05-01-01-01-10.wav,48000,16000,3.903895833333333,3.69325,angry,4,1,normal,1,Kids are talking by the door,1,female,0,10,0.16207513213157654,0.181458979845047,0.06039896234869957,0.10909503698348999,0.20577503740787506,0.06483913958072662,0.12875741720199585,0.08760033547878265,angry
569,569,05-01-01-02-10.wav,48000,16000,4.004,3.2101875,angry,4,1,normal,1,Kids are talking by the door,2,female,0,10,0.10321076214313507,0.11132095754146576,0.0966617614030838,0.08937891572713852,0.1617378145456314,0.09337025135755539,0.20853736996650696,0.13578221201896667,disgust
570,570,05-01-02-01-10.wav,48000,16000,4.104104166666667,2.8249375,angry,4,1,normal,2,Dogs are sitting by the door,1,female,0,10,0.1281156837940216,0.10392481833696365,0.08515297621488571,0.14359641075134277,0.07628130167722702,0.11864481121301651,0.19554391503334045,0.14874009788036346,disgust
571,571,05-01-02-02-10.wav,48000,16000,4.137479166666667,3.036875,angry,4,1,normal,2,Dogs are sitting by the door,2,female,0,10,0.13920406997203827,0.0768137276172638,0.10749271512031555,0.10975588113069534,0.11722710728645325,0.1071636974811554,0.18773184716701508,0.15461094677448273,disgust
572,572,05-02-01-01-10.wav,48000,16000,4.170833333333333,3.1219375,angry,4,2,strong,1,Kids are talking by the door,1,female,0,10,0.019760962575674057,0.012668156065046787,0.10954295098781586,0.056234512478113174,0.4018097519874573,0.1509089171886444,0.12262314558029175,0.12645162642002106,angry
573,573,05-02-01-02-10.wav,48000,16000,4.471125,3.485625,angry,4,2,strong,1,Kids are talking by the door,2,female,0,10,0.016825560480356216,0.008013276383280754,0.10784277319908142,0.03799505904316902,0.42448049783706665,0.16697435081005096,0.10023827105760574,0.1376301348209381,angry
574,574,05-02-02-01-10.wav,48000,16000,3.870520833333333,3.2099375,angry,4,2,strong,2,Dogs are sitting by the door,1,female,0,10,0.046536244451999664,0.07766838371753693,0.11191216111183167,0.060132838785648346,0.3805252015590668,0.16844938695430756,0.06512396037578583,0.08965188264846802,angry
575,575,05-02-02-02-10.wav,48000,16000,4.137458333333333,3.2249375,angry,4,2,strong,2,Dogs are sitting by the door,2,female,0,10,0.03756039962172508,0.07062304019927979,0.1175312027335167,0.050305720418691635,0.35072624683380127,0.1731986701488495,0.10667560249567032,0.09337916225194931,angry
576,576,06-01-01-01-10.wav,48000,16000,3.4034166666666668,2.937,fearful,5,1,normal,1,Kids are talking by the door,1,female,0,10,0.060616761445999146,0.043497368693351746,0.0951627865433693,0.12059802561998367,0.10604929178953171,0.2839868366718292,0.15093566477298737,0.13915327191352844,fearful
577,577,06-01-01-02-10.wav,48000,16000,3.3033125,1.703,fearful,5,1,normal,1,Kids are talking by the door,2,female,0,10,0.09745187312364578,0.1455310434103012,0.06484459340572357,0.1717238873243332,0.036147721111774445,0.22110946476459503,0.18561571836471558,0.07757570594549179,fearful
578,578,06-01-02-01-10.wav,48000,16000,3.536854166666666,2.1805,fearful,5,1,normal,2,Dogs are sitting by the door,1,female,0,10,0.15425622463226318,0.09226325899362564,0.07556797564029694,0.2325207144021988,0.042445819824934006,0.11750411987304688,0.13197249174118042,0.15346936881542206,sad
579,579,06-01-02-02-10.wav,48000,16000,3.4367708333333336,1.975,fearful,5,1,normal,2,Dogs are sitting by the door,2,female,0,10,0.20766477286815643,0.17259536683559418,0.055538360029459,0.15788429975509644,0.03383674472570419,0.15558195114135742,0.11811567842960358,0.09878282994031906,neutral
580,580,06-02-01-01-10.wav,48000,16000,3.5035,2.557125,fearful,5,2,strong,1,Kids are talking by the door,1,female,0,10,0.045049406588077545,0.022427000105381012,0.13643880188465118,0.09127738326787949,0.13538476824760437,0.2806781530380249,0.10652143508195877,0.18222305178642273,fearful
581,581,06-02-01-02-10.wav,48000,16000,3.703708333333333,2.5298125,fearful,5,2,strong,1,Kids are talking by the door,2,female,0,10,0.016070181503891945,0.024532336741685867,0.10885477811098099,0.08002801239490509,0.13592469692230225,0.30229422450065613,0.11553584039211273,0.21675994992256165,fearful
582,582,06-02-02-01-10.wav,48000,16000,3.8037916666666662,3.049125,fearful,5,2,strong,2,Dogs are sitting by the door,1,female,0,10,0.014985466375946999,0.029846815392374992,0.12740984559059143,0.15933695435523987,0.13454537093639374,0.25278791785240173,0.11127837747335434,0.16980917751789093,fearful
583,583,06-02-02-02-10.wav,48000,16000,3.8705416666666665,2.3619375,fearful,5,2,strong,2,Dogs are sitting by the door,2,female,0,10,0.059717509895563126,0.045405562967061996,0.11257795989513397,0.2143343687057495,0.11402546614408493,0.16928993165493011,0.12935902178287506,0.15529021620750427,sad
584,584,07-01-01-01-10.wav,48000,16000,3.703708333333333,2.003125,disgust,6,1,normal,1,Kids are talking by the door,1,female,0,10,0.16555386781692505,0.12517312169075012,0.03642193228006363,0.20903714001178741,0.07383739948272705,0.07046173512935638,0.2188999354839325,0.10061486810445786,disgust
585,585,07-01-01-02-10.wav,48000,16000,4.2041875,2.7013125,disgust,6,1,normal,1,Kids are talking by the door,2,female,0,10,0.15912462770938873,0.09413822740316391,0.041560932993888855,0.21407654881477356,0.03321905434131622,0.08970808237791061,0.30282682180404663,0.06534569710493088,disgust
586,586,07-01-02-01-10.wav,48000,16000,3.8705416666666665,2.756,disgust,6,1,normal,2,Dogs are sitting by the door,1,female,0,10,0.17392294108867645,0.21579955518245697,0.04554907977581024,0.16736562550067902,0.04725638031959534,0.08777166157960892,0.2039659470319748,0.05836876854300499,calm
587,587,07-01-02-02-10.wav,48000,16000,4.2709375,3.293375,disgust,6,1,normal,2,Dogs are sitting by the door,2,female,0,10,0.08585534989833832,0.0988859310746193,0.04352511093020439,0.09294722974300385,0.07304442673921585,0.0943850427865982,0.4347926080226898,0.0765642300248146,disgust
588,588,07-02-01-01-10.wav,48000,16000,4.671333333333333,3.8936875,disgust,6,2,strong,1,Kids are talking by the door,1,female,0,10,0.039006397128105164,0.037452615797519684,0.09668431431055069,0.11203749477863312,0.07327811419963837,0.15000714361667633,0.327508807182312,0.16402514278888702,disgust
589,589,07-02-01-02-10.wav,48000,16000,4.537875,3.7598125,disgust,6,2,strong,1,Kids are talking by the door,2,female,0,10,0.03128911182284355,0.05599544569849968,0.10324963927268982,0.11217596381902695,0.12924177944660187,0.1561536192893982,0.2669146656990051,0.144979789853096,disgust
590,590,07-02-02-01-10.wav,48000,16000,4.2041875,3.5034375,disgust,6,2,strong,2,Dogs are sitting by the door,1,female,0,10,0.07400130480527878,0.05885342136025429,0.09642524272203445,0.09598252177238464,0.0762292742729187,0.1514015942811966,0.3093075454235077,0.13779909908771515,disgust
591,591,07-02-02-02-10.wav,48000,16000,4.871541666666666,3.89625,disgust,6,2,strong,2,Dogs are sitting by the door,2,female,0,10,0.03206083923578262,0.03334510326385498,0.08887308835983276,0.08019997924566269,0.09976507723331451,0.12061914801597595,0.3629302382469177,0.18220655620098114,disgust
592,592,08-01-01-01-10.wav,48000,16000,3.2365625,1.8581875,surprised,7,1,normal,1,Kids are talking by the door,1,female,0,10,0.06297712028026581,0.06694801151752472,0.06715723872184753,0.12350169569253922,0.07626236975193024,0.1591300070285797,0.1355384737253189,0.30848512053489685,surprised
593,593,08-01-01-02-10.wav,48000,16000,3.4034166666666668,2.1325625,surprised,7,1,normal,1,Kids are talking by the door,2,female,0,10,0.1878812611103058,0.09577316045761108,0.06588518619537354,0.1553013026714325,0.047027844935655594,0.11783873289823532,0.1355818808078766,0.19471056759357452,surprised
594,594,08-01-02-01-10.wav,48000,16000,3.5035,1.8430625,surprised,7,1,normal,2,Dogs are sitting by the door,1,female,0,10,0.03782407194375992,0.01741611771285534,0.10221943259239197,0.13123983144760132,0.08251035958528519,0.13994838297367096,0.1506320834159851,0.3382096588611603,surprised
595,595,08-01-02-02-10.wav,48000,16000,3.470125,1.896875,surprised,7,1,normal,2,Dogs are sitting by the door,2,female,0,10,0.13400277495384216,0.06300678849220276,0.063754603266716,0.19747449457645416,0.045640867203474045,0.10594082623720169,0.20172154903411865,0.1884581297636032,disgust
596,596,08-02-01-01-10.wav,48000,16000,3.5035,2.2784375,surprised,7,2,strong,1,Kids are talking by the door,1,female,0,10,0.035851504653692245,0.04129589721560478,0.1167711466550827,0.05585351958870888,0.17848671972751617,0.16868634521961212,0.1370777189731598,0.265977144241333,surprised
597,597,08-02-01-02-10.wav,48000,16000,3.403395833333333,2.0061875,surprised,7,2,strong,1,Kids are talking by the door,2,female,0,10,0.05793812870979309,0.02822861075401306,0.1120573878288269,0.07199274748563766,0.11287721246480942,0.21859285235404968,0.1098538264632225,0.28845924139022827,surprised
598,598,08-02-02-01-10.wav,48000,16000,3.636958333333333,2.144875,surprised,7,2,strong,2,Dogs are sitting by the door,1,female,0,10,0.053294699639081955,0.050760723650455475,0.1019560918211937,0.10979307442903519,0.07802100479602814,0.16651222109794617,0.1297130137681961,0.3099491596221924,surprised
599,599,08-02-02-02-10.wav,48000,16000,3.5035,2.5706875,surprised,7,2,strong,2,Dogs are sitting by the door,2,female,0,10,0.03012453019618988,0.02211400493979454,0.10207433998584747,0.0626923143863678,0.1249801442027092,0.15733522176742554,0.1829310804605484,0.31774842739105225,surprised
600,600,01-01-01-01-11.wav,48000,16000,3.1364791666666667,1.4684375,neutral,0,1,normal,1,Kids are talking by the door,1,male,1,11,0.27427929639816284,0.35587677359580994,0.020992280915379524,0.20486633479595184,0.02312326617538929,0.031819723546504974,0.056323375552892685,0.03271885961294174,calm
601,601,01-01-01-02-11.wav,48000,16000,3.1031041666666668,1.4970625,neutral,0,1,normal,1,Kids are talking by the door,2,male,1,11,0.3727005422115326,0.2543778717517853,0.040145035833120346,0.18052567541599274,0.031252723187208176,0.032509468495845795,0.05505794659256935,0.033430662006139755,neutral
602,602,01-01-02-01-11.wav,48000,16000,3.203208333333333,1.45475,neutral,0,1,normal,2,Dogs are sitting by the door,1,male,1,11,0.3670516908168793,0.28479185700416565,0.025947147980332375,0.15463915467262268,0.014637689106166363,0.07186835259199142,0.03848320618271828,0.042580895125865936,neutral
603,603,01-01-02-02-11.wav,48000,16000,3.169833333333333,2.002625,neutral,0,1,normal,2,Dogs are sitting by the door,2,male,1,11,0.3158484101295471,0.24313998222351074,0.05864986777305603,0.18073062598705292,0.033318400382995605,0.055262453854084015,0.04713086038827896,0.06591939926147461,neutral
604,604,02-01-01-01-11.wav,48000,16000,3.2699166666666666,1.5730625,calm,1,1,normal,1,Kids are talking by the door,1,male,1,11,0.14665985107421875,0.42841777205467224,0.028908729553222656,0.17293506860733032,0.04488141089677811,0.03539606183767319,0.10071965306997299,0.04208141565322876,calm
605,605,02-01-01-02-11.wav,48000,16000,3.3366666666666664,1.7674375,calm,1,1,normal,1,Kids are talking by the door,2,male,1,11,0.13994933664798737,0.5455741882324219,0.02761366032063961,0.12412804365158081,0.04418810084462166,0.047596048563718796,0.046891890466213226,0.024058714509010315,calm
606,606,02-01-02-01-11.wav,48000,16000,3.3366666666666664,1.698125,calm,1,1,normal,2,Dogs are sitting by the door,1,male,1,11,0.2082180380821228,0.5460121035575867,0.0197793897241354,0.13114772737026215,0.019264353439211845,0.0214378759264946,0.03342655301094055,0.020713940262794495,calm
607,607,02-01-02-02-11.wav,48000,16000,3.670333333333333,2.0283125,calm,1,1,normal,2,Dogs are sitting by the door,2,male,1,11,0.08761530369520187,0.6107288002967834,0.019335441291332245,0.11062612384557724,0.03764943778514862,0.039124809205532074,0.0722261592745781,0.022694014012813568,calm
608,608,02-02-01-01-11.wav,48000,16000,3.8371666666666666,2.2209375,calm,1,2,strong,1,Kids are talking by the door,1,male,1,11,0.10769479721784592,0.517973005771637,0.03954746574163437,0.11529317498207092,0.039978835731744766,0.04525983706116676,0.10415651649236679,0.030096404254436493,calm
609,609,02-02-01-02-11.wav,48000,16000,3.7370833333333335,1.9250625,calm,1,2,strong,1,Kids are talking by the door,2,male,1,11,0.11317366361618042,0.5704794526100159,0.032361164689064026,0.1158895492553711,0.03255052492022514,0.02982848882675171,0.07775609195232391,0.027961062267422676,calm
610,610,02-02-02-01-11.wav,48000,16000,3.7704375,1.960875,calm,1,2,strong,2,Dogs are sitting by the door,1,male,1,11,0.0840560793876648,0.6372323036193848,0.014408370479941368,0.11062099039554596,0.020277833566069603,0.036313269287347794,0.08005381375551224,0.017037346959114075,calm
611,611,02-02-02-02-11.wav,48000,16000,3.8371666666666666,2.16475,calm,1,2,strong,2,Dogs are sitting by the door,2,male,1,11,0.10388682037591934,0.5960015058517456,0.021777374669909477,0.11157568544149399,0.024541079998016357,0.03711363673210144,0.07530377060174942,0.029800042510032654,calm
612,612,03-01-01-01-11.wav,48000,16000,3.1031041666666668,1.49825,happy,2,1,normal,1,Kids are talking by the door,1,male,1,11,0.23255960643291473,0.20809419453144073,0.14243243634700775,0.1903262883424759,0.03157280012965202,0.04307751730084419,0.08802381902933121,0.06391330808401108,neutral
613,613,03-01-01-02-11.wav,48000,16000,3.203208333333333,1.52325,happy,2,1,normal,1,Kids are talking by the door,2,male,1,11,0.22573797404766083,0.23184557259082794,0.1126098558306694,0.20886608958244324,0.026901889592409134,0.05035726726055145,0.07205964624881744,0.07162172347307205,calm
614,614,03-01-02-01-11.wav,48000,16000,3.169833333333333,1.626,happy,2,1,normal,2,Dogs are sitting by the door,1,male,1,11,0.21355336904525757,0.17468085885047913,0.10158835351467133,0.21759586036205292,0.03597801923751831,0.08188757300376892,0.09219806641340256,0.08251789957284927,sad
615,615,03-01-02-02-11.wav,48000,16000,3.2365833333333334,1.474125,happy,2,1,normal,2,Dogs are sitting by the door,2,male,1,11,0.22674238681793213,0.2770671248435974,0.10965529829263687,0.16155728697776794,0.033691972494125366,0.060240741819143295,0.0672907903790474,0.06375443190336227,calm
616,616,03-02-01-01-11.wav,48000,16000,4.037375,3.0933125,happy,2,2,strong,1,Kids are talking by the door,1,male,1,11,0.07191038876771927,0.05400202050805092,0.23104391992092133,0.10243609547615051,0.09423474967479706,0.13887938857078552,0.1335792988538742,0.1739140897989273,happy
617,617,03-02-01-02-11.wav,48000,16000,3.636979166666667,2.873375,happy,2,2,strong,1,Kids are talking by the door,2,male,1,11,0.08451095968484879,0.06762233376502991,0.1687997579574585,0.1296074539422989,0.14408370852470398,0.14636826515197754,0.12379909306764603,0.13520847260951996,happy
618,618,03-02-02-01-11.wav,48000,16000,3.870520833333333,2.6440625,happy,2,2,strong,2,Dogs are sitting by the door,1,male,1,11,0.03690290451049805,0.0708395317196846,0.2129499763250351,0.10710669308900833,0.1552763730287552,0.12317702174186707,0.1271819919347763,0.16656552255153656,happy
619,619,03-02-02-02-11.wav,48000,16000,3.5035,1.8315625,happy,2,2,strong,2,Dogs are sitting by the door,2,male,1,11,0.09731347858905792,0.0865667387843132,0.17029039561748505,0.1405252367258072,0.05779607966542244,0.10880059748888016,0.13893339037895203,0.1997741013765335,surprised
620,620,04-01-01-01-11.wav,48000,16000,3.3366666666666664,1.53575,sad,3,1,normal,1,Kids are talking by the door,1,male,1,11,0.11092475056648254,0.256165087223053,0.032300032675266266,0.31455814838409424,0.03940713033080101,0.07026936858892441,0.140699565410614,0.03567590191960335,sad
621,621,04-01-01-02-11.wav,48000,16000,3.6036041666666665,2.1280625,sad,3,1,normal,1,Kids are talking by the door,2,male,1,11,0.08145355433225632,0.3491044044494629,0.03355040401220322,0.22313949465751648,0.05743172764778137,0.11290004104375839,0.10429880768060684,0.03812156245112419,calm
622,622,04-01-02-01-11.wav,48000,16000,3.536854166666666,1.8559375,sad,3,1,normal,2,Dogs are sitting by the door,1,male,1,11,0.0823744386434555,0.3152274489402771,0.02310032770037651,0.33703890442848206,0.027247557416558266,0.04518553242087364,0.13757586479187012,0.032249920070171356,sad
623,623,04-01-02-02-11.wav,48000,16000,3.4367708333333336,1.6315,sad,3,1,normal,2,Dogs are sitting by the door,2,male,1,11,0.10659458488225937,0.3946479856967926,0.03784120827913284,0.24143461883068085,0.030858982354402542,0.06326830387115479,0.09683151543140411,0.02852276898920536,calm
624,624,04-02-01-01-11.wav,48000,16000,3.3366666666666664,1.6255,sad,3,2,strong,1,Kids are talking by the door,1,male,1,11,0.09109409153461456,0.08594128489494324,0.13581539690494537,0.2755149304866791,0.06660576164722443,0.09718054533004761,0.13695989549160004,0.11088809370994568,sad
625,625,04-02-01-02-11.wav,48000,16000,3.6036041666666665,2.790875,sad,3,2,strong,1,Kids are talking by the door,2,male,1,11,0.08629292994737625,0.08669807016849518,0.12011948972940445,0.19405502080917358,0.09475129097700119,0.13259433209896088,0.1532842516899109,0.13220453262329102,sad
626,626,04-02-02-01-11.wav,48000,16000,3.370041666666667,2.036,sad,3,2,strong,2,Dogs are sitting by the door,1,male,1,11,0.09429057687520981,0.12201593816280365,0.1122177392244339,0.18075117468833923,0.10213039070367813,0.07855154573917389,0.14451295137405396,0.16552971303462982,sad
627,627,04-02-02-02-11.wav,48000,16000,3.3366666666666664,2.394375,sad,3,2,strong,2,Dogs are sitting by the door,2,male,1,11,0.10091570019721985,0.10738582909107208,0.09388772398233414,0.25301235914230347,0.12655159831047058,0.08812029659748077,0.12120302021503448,0.10892347991466522,sad
628,628,05-01-01-01-11.wav,48000,16000,3.6036041666666665,1.931125,angry,4,1,normal,1,Kids are talking by the door,1,male,1,11,0.043991636484861374,0.03565821051597595,0.11678492277860641,0.09357845783233643,0.20080514252185822,0.10699699074029922,0.23929791152477264,0.16288673877716064,disgust
629,629,05-01-01-02-11.wav,48000,16000,3.470145833333333,1.9024375,angry,4,1,normal,1,Kids are talking by the door,2,male,1,11,0.08172548562288284,0.07890695333480835,0.08701824396848679,0.10170509666204453,0.17744123935699463,0.10909505933523178,0.2428816705942154,0.1212262362241745,disgust
630,630,05-01-02-01-11.wav,48000,16000,3.470125,1.864,angry,4,1,normal,2,Dogs are sitting by the door,1,male,1,11,0.024559050798416138,0.028356876224279404,0.11901833117008209,0.0847274586558342,0.23418310284614563,0.14568841457366943,0.19966958463191986,0.16379718482494354,angry
631,631,05-01-02-02-11.wav,48000,16000,3.7370833333333335,2.249125,angry,4,1,normal,2,Dogs are sitting by the door,2,male,1,11,0.07227771729230881,0.03459571301937103,0.1332819014787674,0.10636904835700989,0.20352253317832947,0.10051210224628448,0.2248343825340271,0.12460660189390182,disgust
632,632,05-02-01-01-11.wav,48000,16000,3.536875,2.078125,angry,4,2,strong,1,Kids are talking by the door,1,male,1,11,0.04120565205812454,0.010459710843861103,0.11953453719615936,0.0472356416285038,0.3364747166633606,0.16043710708618164,0.1362283080816269,0.14842435717582703,angry
633,633,05-02-01-02-11.wav,48000,16000,3.970625,3.0313125,angry,4,2,strong,1,Kids are talking by the door,2,male,1,11,0.023288454860448837,0.025280138477683067,0.09316603094339371,0.047654587775468826,0.4589698016643524,0.17266713082790375,0.08771724253892899,0.09125660359859467,angry
634,634,05-02-02-01-11.wav,48000,16000,3.937270833333333,3.7760625,angry,4,2,strong,2,Dogs are sitting by the door,1,male,1,11,0.04127446934580803,0.04998833313584328,0.09787050634622574,0.0771370530128479,0.3894633948802948,0.16509351134300232,0.07377466559410095,0.10539807379245758,angry
635,635,05-02-02-02-11.wav,48000,16000,3.7704375,2.83825,angry,4,2,strong,2,Dogs are sitting by the door,2,male,1,11,0.019629407674074173,0.016937075182795525,0.07303071022033691,0.050153885036706924,0.43269988894462585,0.24516192078590393,0.08443646878004074,0.0779506117105484,angry
636,636,06-01-01-01-11.wav,48000,16000,3.470125,1.7285625,fearful,5,1,normal,1,Kids are talking by the door,1,male,1,11,0.04343613237142563,0.14461888372898102,0.07585286349058151,0.16858845949172974,0.11746600270271301,0.14014053344726562,0.21595457196235657,0.09394257515668869,disgust
637,637,06-01-01-02-11.wav,48000,16000,3.5035,1.79775,fearful,5,1,normal,1,Kids are talking by the door,2,male,1,11,0.059621475636959076,0.19168317317962646,0.09557203203439713,0.17813225090503693,0.10011165589094162,0.09593340754508972,0.18733356893062592,0.09161245077848434,calm
638,638,06-01-02-01-11.wav,48000,16000,3.169833333333333,1.732625,fearful,5,1,normal,2,Dogs are sitting by the door,1,male,1,11,0.0631137490272522,0.07957492023706436,0.09843219816684723,0.1935543417930603,0.08242075890302658,0.24492235481739044,0.129399836063385,0.10858183354139328,fearful
639,639,06-01-02-02-11.wav,48000,16000,3.203208333333333,1.6583125,fearful,5,1,normal,2,Dogs are sitting by the door,2,male,1,11,0.04939081892371178,0.10804061591625214,0.06743235886096954,0.16988328099250793,0.07563865929841995,0.2189336121082306,0.16552899777889252,0.14515165984630585,fearful
640,640,06-02-01-01-11.wav,48000,16000,3.203208333333333,2.1233125,fearful,5,2,strong,1,Kids are talking by the door,1,male,1,11,0.012434417381882668,0.018864698708057404,0.09721175581216812,0.08665010333061218,0.18706665933132172,0.2989865839481354,0.10202115029096603,0.19676463305950165,fearful
641,641,06-02-01-02-11.wav,48000,16000,3.203208333333333,2.4948125,fearful,5,2,strong,1,Kids are talking by the door,2,male,1,11,0.01711108908057213,0.03345613554120064,0.11652164906263351,0.07769071310758591,0.21185500919818878,0.31705498695373535,0.08093859255313873,0.14537183940410614,fearful
642,642,06-02-02-01-11.wav,48000,16000,3.06975,2.365625,fearful,5,2,strong,2,Dogs are sitting by the door,1,male,1,11,0.004129715729504824,0.018098702654242516,0.09992276132106781,0.06403977423906326,0.19133497774600983,0.4111579358577728,0.06519410014152527,0.14612199366092682,fearful
643,643,06-02-02-02-11.wav,48000,16000,3.136458333333333,2.4710625,fearful,5,2,strong,2,Dogs are sitting by the door,2,male,1,11,0.0293318722397089,0.03334915265440941,0.10801905393600464,0.052529651671648026,0.23633886873722076,0.3502480685710907,0.07143077999353409,0.11875247955322266,fearful
644,644,07-01-01-01-11.wav,48000,16000,3.670333333333333,2.0644375,disgust,6,1,normal,1,Kids are talking by the door,1,male,1,11,0.07725842297077179,0.17869511246681213,0.04849894717335701,0.19442103803157806,0.07598549127578735,0.05289704352617264,0.30602020025253296,0.06622377783060074,disgust
645,645,07-01-01-02-11.wav,48000,16000,3.6036041666666665,1.9131875,disgust,6,1,normal,1,Kids are talking by the door,2,male,1,11,0.06732849776744843,0.09832288324832916,0.08494138717651367,0.1510145217180252,0.10616825520992279,0.054842617362737656,0.3244556486606598,0.11292613297700882,disgust
646,646,07-01-02-01-11.wav,48000,16000,3.470125,1.874,disgust,6,1,normal,2,Dogs are sitting by the door,1,male,1,11,0.10473548620939255,0.19152286648750305,0.04970752075314522,0.17784200608730316,0.07990516722202301,0.04784347862005234,0.25579673051834106,0.09264673292636871,disgust
647,647,07-01-02-02-11.wav,48000,16000,3.670333333333333,2.1775,disgust,6,1,normal,2,Dogs are sitting by the door,2,male,1,11,0.10494241118431091,0.14756764471530914,0.06661354005336761,0.15805703401565552,0.0894467681646347,0.06103450804948807,0.2783421277999878,0.09399598836898804,disgust
648,648,07-02-01-01-11.wav,48000,16000,3.8038125,2.3731875,disgust,6,2,strong,1,Kids are talking by the door,1,male,1,11,0.07405297458171844,0.11930124461650848,0.08001541346311569,0.10130954533815384,0.13290390372276306,0.06476026773452759,0.3327716588973999,0.09488495439291,disgust
649,649,07-02-01-02-11.wav,48000,16000,3.8038125,2.9064375,disgust,6,2,strong,1,Kids are talking by the door,2,male,1,11,0.08226998895406723,0.1286175698041916,0.07123762369155884,0.1748029589653015,0.1125679537653923,0.11005889624357224,0.22707006335258484,0.09337496757507324,disgust
650,650,07-02-02-01-11.wav,48000,16000,3.7370625,2.255375,disgust,6,2,strong,2,Dogs are sitting by the door,1,male,1,11,0.03791180998086929,0.10323459655046463,0.08357644826173782,0.12793628871440887,0.1374189257621765,0.05412635579705238,0.3669095039367676,0.08888611197471619,disgust
651,651,07-02-02-02-11.wav,48000,16000,3.7370625,2.261875,disgust,6,2,strong,2,Dogs are sitting by the door,2,male,1,11,0.0517067052423954,0.11431543529033661,0.08567497134208679,0.12580718100070953,0.13936695456504822,0.08798103034496307,0.2842947244644165,0.11085302382707596,disgust
652,652,08-01-01-01-11.wav,48000,16000,3.069729166666667,1.2895625,surprised,7,1,normal,1,Kids are talking by the door,1,male,1,11,0.09885916113853455,0.1231951117515564,0.09713850170373917,0.16275820136070251,0.05079102888703346,0.11930576711893082,0.15578441321849823,0.19216777384281158,surprised
653,653,08-01-01-02-11.wav,48000,16000,3.136458333333333,1.4734375,surprised,7,1,normal,1,Kids are talking by the door,2,male,1,11,0.12353529036045074,0.15347562730312347,0.10668609291315079,0.12346003204584122,0.058617230504751205,0.08399365842342377,0.1544831544160843,0.19574889540672302,surprised
654,654,08-01-02-01-11.wav,48000,16000,3.169833333333333,1.5755,surprised,7,1,normal,2,Dogs are sitting by the door,1,male,1,11,0.04395037516951561,0.07136685401201248,0.12209014594554901,0.12124869972467422,0.08433135598897934,0.18995946645736694,0.15997667610645294,0.20707640051841736,surprised
655,655,08-01-02-02-11.wav,48000,16000,2.969625,1.9950625,surprised,7,1,normal,2,Dogs are sitting by the door,2,male,1,11,0.02772226184606552,0.040964607149362564,0.14472004771232605,0.09037778526544571,0.0885525643825531,0.1644013673067093,0.14475511014461517,0.2985062003135681,surprised
656,656,08-02-01-01-11.wav,48000,16000,3.069729166666667,1.6275625,surprised,7,2,strong,1,Kids are talking by the door,1,male,1,11,0.12125223129987717,0.05555075779557228,0.12656141817569733,0.06943678110837936,0.11663907766342163,0.12488256394863129,0.12664176523685455,0.2590354084968567,surprised
657,657,08-02-01-02-11.wav,48000,16000,3.1031041666666668,1.8215,surprised,7,2,strong,1,Kids are talking by the door,2,male,1,11,0.05771466717123985,0.01941853202879429,0.13929641246795654,0.04170791804790497,0.11930081248283386,0.1588069200515747,0.1145840510725975,0.34917062520980835,surprised
658,658,08-02-02-01-11.wav,48000,16000,3.069729166666667,1.723,surprised,7,2,strong,2,Dogs are sitting by the door,1,male,1,11,0.024463865906000137,0.019820161163806915,0.13571763038635254,0.0656653568148613,0.14187492430210114,0.1665252447128296,0.15689332783222198,0.2890394926071167,surprised
659,659,08-02-02-02-11.wav,48000,16000,3.069729166666667,1.73225,surprised,7,2,strong,2,Dogs are sitting by the door,2,male,1,11,0.024651069194078445,0.023428553715348244,0.159702867269516,0.04540519043803215,0.15124017000198364,0.13190943002700806,0.12461511045694351,0.3390476405620575,surprised
660,660,01-01-01-01-12.wav,48000,16000,3.636958333333333,1.907125,neutral,0,1,normal,1,Kids are talking by the door,1,female,0,12,0.40461623668670654,0.2811110317707062,0.03511699289083481,0.14530004560947418,0.021795347332954407,0.02294338308274746,0.05095631629228592,0.038160644471645355,neutral
661,661,01-01-01-02-12.wav,48000,16000,3.536875,1.9719375,neutral,0,1,normal,1,Kids are talking by the door,2,female,0,12,0.3241441249847412,0.2727850675582886,0.03146578371524811,0.2080395668745041,0.030150867998600006,0.030763650313019753,0.0586077980697155,0.044043127447366714,neutral
662,662,01-01-02-01-12.wav,48000,16000,3.6036041666666665,1.903,neutral,0,1,normal,2,Dogs are sitting by the door,1,female,0,12,0.44357988238334656,0.19731982052326202,0.041293878108263016,0.15901359915733337,0.02351919561624527,0.023057563230395317,0.07439620792865753,0.037819910794496536,neutral
663,663,01-01-02-02-12.wav,48000,16000,3.636979166666667,1.8691875,neutral,0,1,normal,2,Dogs are sitting by the door,2,female,0,12,0.4329380393028259,0.3091203570365906,0.0217959675937891,0.12936751544475555,0.010915525257587433,0.023671897128224373,0.04078097641468048,0.031409695744514465,neutral
664,664,02-01-01-01-12.wav,48000,16000,3.870520833333333,2.09425,calm,1,1,normal,1,Kids are talking by the door,1,female,0,12,0.112021803855896,0.448019802570343,0.06537199765443802,0.16687944531440735,0.034072261303663254,0.04202226176857948,0.0823642909526825,0.049248106777668,calm
665,665,02-01-01-02-12.wav,48000,16000,3.7704166666666663,2.0635,calm,1,1,normal,1,Kids are talking by the door,2,female,0,12,0.13768519461154938,0.46863579750061035,0.044010017067193985,0.1576736718416214,0.041208069771528244,0.056277744472026825,0.03985363617539406,0.05465584993362427,calm
666,666,02-01-02-01-12.wav,48000,16000,3.7704375,2.0469375,calm,1,1,normal,2,Dogs are sitting by the door,1,female,0,12,0.2431265413761139,0.4518047869205475,0.036201756447553635,0.12399488687515259,0.022660229355096817,0.027377087622880936,0.06576817482709885,0.029066532850265503,calm
667,667,02-01-02-02-12.wav,48000,16000,3.670333333333333,1.947,calm,1,1,normal,2,Dogs are sitting by the door,2,female,0,12,0.14066040515899658,0.48831602931022644,0.03367377817630768,0.17296342551708221,0.03128265216946602,0.03144972771406174,0.07188164442777634,0.029772354289889336,calm
668,668,02-02-01-01-12.wav,48000,16000,3.970625,2.2711875,calm,1,2,strong,1,Kids are talking by the door,1,female,0,12,0.16211794316768646,0.49253368377685547,0.03606647998094559,0.14821594953536987,0.0207364484667778,0.039577845484018326,0.07094109803438187,0.02981061488389969,calm
669,669,02-02-01-02-12.wav,48000,16000,3.7704375,2.086,calm,1,2,strong,1,Kids are talking by the door,2,female,0,12,0.18393771350383759,0.4739927351474762,0.03439115732908249,0.13420814275741577,0.03480898588895798,0.041744764894247055,0.061421819031238556,0.03549467772245407,calm
670,670,02-02-02-01-12.wav,48000,16000,3.7370833333333335,1.938375,calm,1,2,strong,2,Dogs are sitting by the door,1,female,0,12,0.12700878083705902,0.5658456683158875,0.04700522497296333,0.12186616659164429,0.01505991816520691,0.03478555753827095,0.05642414838075638,0.03200450539588928,calm
671,671,02-02-02-02-12.wav,48000,16000,3.8038125,2.014625,calm,1,2,strong,2,Dogs are sitting by the door,2,female,0,12,0.13989591598510742,0.5031524300575256,0.04845662787556648,0.13428667187690735,0.026896586641669273,0.03380823880434036,0.08088000118732452,0.032623544335365295,calm
672,672,03-01-01-01-12.wav,48000,16000,3.703708333333333,2.2430625,happy,2,1,normal,1,Kids are talking by the door,1,female,0,12,0.14314594864845276,0.07945278286933899,0.2803342640399933,0.12762412428855896,0.08882831782102585,0.07035934925079346,0.10003939270973206,0.11021579056978226,happy
673,673,03-01-01-02-12.wav,48000,16000,3.7370625,1.979125,happy,2,1,normal,1,Kids are talking by the door,2,female,0,12,0.12471677362918854,0.08408799022436142,0.2895704507827759,0.18015055358409882,0.06614277511835098,0.06407478451728821,0.1000034511089325,0.09125318378210068,happy
674,674,03-01-02-01-12.wav,48000,16000,3.5035,2.173125,happy,2,1,normal,2,Dogs are sitting by the door,1,female,0,12,0.09494935721158981,0.1414414793252945,0.2667175829410553,0.13063442707061768,0.10691647231578827,0.07081779837608337,0.10349906980991364,0.08502379804849625,happy
675,675,03-01-02-02-12.wav,48000,16000,3.7370833333333335,2.010875,happy,2,1,normal,2,Dogs are sitting by the door,2,female,0,12,0.07996134459972382,0.14012975990772247,0.27273738384246826,0.1342029869556427,0.08401499688625336,0.05912566930055618,0.12797905504703522,0.10184884071350098,happy
676,676,03-02-01-01-12.wav,48000,16000,4.204208333333334,3.0884375,happy,2,2,strong,1,Kids are talking by the door,1,female,0,12,0.08711077272891998,0.03414448723196983,0.2577996253967285,0.12818017601966858,0.16379289329051971,0.10999932885169983,0.07040194422006607,0.14857076108455658,happy
677,677,03-02-01-02-12.wav,48000,16000,4.137458333333333,2.9470625,happy,2,2,strong,1,Kids are talking by the door,2,female,0,12,0.040635574609041214,0.039986446499824524,0.26911330223083496,0.11725645512342453,0.17598803341388702,0.12128704786300659,0.10044325888156891,0.13528986275196075,happy
678,678,03-02-02-01-12.wav,48000,16000,3.9039166666666665,2.3503125,happy,2,2,strong,2,Dogs are sitting by the door,1,female,0,12,0.04550012946128845,0.0456426776945591,0.28696098923683167,0.13823004066944122,0.14238397777080536,0.07327436655759811,0.13182654976844788,0.13618126511573792,happy
679,679,03-02-02-02-12.wav,48000,16000,3.970625,2.4725625,happy,2,2,strong,2,Dogs are sitting by the door,2,female,0,12,0.026478834450244904,0.03762344643473625,0.2453003078699112,0.21958239376544952,0.10095445066690445,0.12990930676460266,0.048701297491788864,0.19144994020462036,happy
680,680,04-01-01-01-12.wav,48000,16000,3.670333333333333,1.8963125,sad,3,1,normal,1,Kids are talking by the door,1,female,0,12,0.16574756801128387,0.11824968457221985,0.12398602068424225,0.24175913631916046,0.061314284801483154,0.06451369822025299,0.13761135935783386,0.08681827783584595,sad
681,681,04-01-01-02-12.wav,48000,16000,3.603583333333333,2.284,sad,3,1,normal,1,Kids are talking by the door,2,female,0,12,0.19016894698143005,0.13485485315322876,0.08203134685754776,0.2458372265100479,0.06349443644285202,0.07081279903650284,0.12019769847393036,0.09260272234678268,sad
682,682,04-01-02-01-12.wav,48000,16000,3.670333333333333,1.8923125,sad,3,1,normal,2,Dogs are sitting by the door,1,female,0,12,0.14157713949680328,0.22786971926689148,0.10073678940534592,0.27938592433929443,0.0282953679561615,0.04077993705868721,0.07587709277868271,0.10547801852226257,sad
683,683,04-01-02-02-12.wav,48000,16000,3.5702291666666666,1.7825,sad,3,1,normal,2,Dogs are sitting by the door,2,female,0,12,0.15074355900287628,0.1439003348350525,0.1154635027050972,0.22279781103134155,0.05407222732901573,0.05794350802898407,0.1474379301071167,0.10764110088348389,sad
684,684,04-02-01-01-12.wav,48000,16000,3.870520833333333,2.9071875,sad,3,2,strong,1,Kids are talking by the door,1,female,0,12,0.10498844087123871,0.03361456096172333,0.13968011736869812,0.21835817396640778,0.10218581557273865,0.15844212472438812,0.10125922411680222,0.14147154986858368,sad
685,685,04-02-01-02-12.wav,48000,16000,3.7704375,2.7669375,sad,3,2,strong,1,Kids are talking by the door,2,female,0,12,0.060591086745262146,0.02675190381705761,0.11604827642440796,0.2606735825538635,0.06983903050422668,0.19025863707065582,0.07754141837358475,0.19829608500003815,sad
686,686,04-02-02-01-12.wav,48000,16000,3.8037916666666662,2.6755,sad,3,2,strong,2,Dogs are sitting by the door,1,female,0,12,0.07421808689832687,0.01955859549343586,0.14075759053230286,0.24479499459266663,0.09107064455747604,0.1451803594827652,0.1133345365524292,0.1710851937532425,sad
687,687,04-02-02-02-12.wav,48000,16000,3.8705416666666665,2.693875,sad,3,2,strong,2,Dogs are sitting by the door,2,female,0,12,0.06561776250600815,0.018544556573033333,0.14462243020534515,0.22567984461784363,0.10421983152627945,0.14367073774337769,0.09771333634853363,0.19993148744106293,sad
688,688,05-01-01-01-12.wav,48000,16000,4.2709375,2.453625,angry,4,1,normal,1,Kids are talking by the door,1,female,0,12,0.11194565892219543,0.10991252213716507,0.13527749478816986,0.1165795549750328,0.13368773460388184,0.057681262493133545,0.23232167959213257,0.10259407013654709,disgust
689,689,05-01-01-02-12.wav,48000,16000,3.970625,2.38225,angry,4,1,normal,1,Kids are talking by the door,2,female,0,12,0.13543543219566345,0.09499221295118332,0.1266174614429474,0.15213310718536377,0.1422961801290512,0.05400500074028969,0.19568993151187897,0.09883064776659012,disgust
690,690,05-01-02-01-12.wav,48000,16000,3.7370833333333335,2.002375,angry,4,1,normal,2,Dogs are sitting by the door,1,female,0,12,0.14483501017093658,0.12762515246868134,0.08537766337394714,0.13923871517181396,0.12793749570846558,0.060545843094587326,0.210089772939682,0.10435032844543457,disgust
691,691,05-01-02-02-12.wav,48000,16000,4.137458333333333,2.097375,angry,4,1,normal,2,Dogs are sitting by the door,2,female,0,12,0.13362522423267365,0.1321675330400467,0.1181824579834938,0.148485466837883,0.10949566215276718,0.03591014817357063,0.23766347765922546,0.0844699889421463,disgust
692,692,05-02-01-01-12.wav,48000,16000,3.636958333333333,2.70175,angry,4,2,strong,1,Kids are talking by the door,1,female,0,12,0.048020027577877045,0.030825909227132797,0.13929131627082825,0.09966333955526352,0.3105630576610565,0.13050436973571777,0.11359048634767532,0.12754154205322266,angry
693,693,05-02-01-02-12.wav,48000,16000,3.670333333333333,3.1835,angry,4,2,strong,1,Kids are talking by the door,2,female,0,12,0.022990277037024498,0.042088642716407776,0.10687346756458282,0.10660913586616516,0.3865576386451721,0.17963430285453796,0.09596709907054901,0.05927937105298042,angry
694,694,05-02-02-01-12.wav,48000,16000,3.8038125,2.6505,angry,4,2,strong,2,Dogs are sitting by the door,1,female,0,12,0.028613749891519547,0.034045204520225525,0.13091382384300232,0.11339374631643295,0.2912498414516449,0.08489910513162613,0.18612715601921082,0.1307574212551117,angry
695,695,05-02-02-02-12.wav,48000,16000,3.8371666666666666,3.231375,angry,4,2,strong,2,Dogs are sitting by the door,2,female,0,12,0.03381279110908508,0.03414459899067879,0.13295197486877441,0.10928104817867279,0.3268066644668579,0.12255483120679855,0.12858636677265167,0.11186172068119049,angry
696,696,06-01-01-01-12.wav,48000,16000,3.4034166666666668,2.7010625,fearful,5,1,normal,1,Kids are talking by the door,1,female,0,12,0.03909819573163986,0.043561432510614395,0.14589229226112366,0.1364646703004837,0.12816902995109558,0.19919592142105103,0.1614398956298828,0.14617861807346344,fearful
697,697,06-01-01-02-12.wav,48000,16000,3.5035,2.632125,fearful,5,1,normal,1,Kids are talking by the door,2,female,0,12,0.07901966571807861,0.05640490725636482,0.12197825312614441,0.12129704654216766,0.10806159675121307,0.1923196166753769,0.15798839926719666,0.16293051838874817,fearful
698,698,06-01-02-01-12.wav,48000,16000,3.370020833333333,2.07825,fearful,5,1,normal,2,Dogs are sitting by the door,1,female,0,12,0.07556671649217606,0.06286968290805817,0.15505369007587433,0.12930449843406677,0.08222895860671997,0.16905876994132996,0.20424123108386993,0.12167644500732422,disgust
699,699,06-01-02-02-12.wav,48000,16000,3.203208333333333,2.217625,fearful,5,1,normal,2,Dogs are sitting by the door,2,female,0,12,0.048014212399721146,0.03609830141067505,0.14867840707302094,0.11842786520719528,0.1130085289478302,0.21476925909519196,0.1771080642938614,0.14389537274837494,fearful
700,700,06-02-01-01-12.wav,48000,16000,3.7370833333333335,2.989125,fearful,5,2,strong,1,Kids are talking by the door,1,female,0,12,0.017382321879267693,0.011311482638120651,0.15862230956554413,0.1620313674211502,0.07764450460672379,0.376019686460495,0.04094957932829857,0.15603876113891602,fearful
701,701,06-02-01-02-12.wav,48000,16000,3.703708333333333,3.0015625,fearful,5,2,strong,1,Kids are talking by the door,2,female,0,12,0.02111010067164898,0.010867954231798649,0.15513496100902557,0.1396486461162567,0.09796072542667389,0.4116387665271759,0.03672702983021736,0.12691183388233185,fearful
702,702,06-02-02-01-12.wav,48000,16000,3.470145833333333,2.2595,fearful,5,2,strong,2,Dogs are sitting by the door,1,female,0,12,0.0039037009701132774,0.01789913885295391,0.15138304233551025,0.12436191737651825,0.15296421945095062,0.3376447856426239,0.054423585534095764,0.1574196219444275,fearful
703,703,06-02-02-02-12.wav,48000,16000,3.670333333333333,2.9563125,fearful,5,2,strong,2,Dogs are sitting by the door,2,female,0,12,0.01205066591501236,0.013101514428853989,0.15805037319660187,0.18064235150814056,0.08764303475618362,0.33784934878349304,0.039525918662548065,0.171136736869812,fearful
704,704,07-01-01-01-12.wav,48000,16000,3.7370625,1.98025,disgust,6,1,normal,1,Kids are talking by the door,1,female,0,12,0.20471656322479248,0.1410515308380127,0.07034425437450409,0.12650518119335175,0.05844200775027275,0.06474949419498444,0.2693203091621399,0.06487064808607101,disgust
705,705,07-01-01-02-12.wav,48000,16000,3.703708333333333,2.63825,disgust,6,1,normal,1,Kids are talking by the door,2,female,0,12,0.17821189761161804,0.10637010633945465,0.08726473152637482,0.2086961418390274,0.09993603825569153,0.050840504467487335,0.1877264827489853,0.08095408976078033,sad
706,706,07-01-02-01-12.wav,48000,16000,3.6036041666666665,1.979,disgust,6,1,normal,2,Dogs are sitting by the door,1,female,0,12,0.25731950998306274,0.19353832304477692,0.06283477693796158,0.11459798365831375,0.07011061906814575,0.037741053849458694,0.17915301024913788,0.08470473438501358,neutral
707,707,07-01-02-02-12.wav,48000,16000,3.703708333333333,1.97975,disgust,6,1,normal,2,Dogs are sitting by the door,2,female,0,12,0.11855540424585342,0.16717250645160675,0.08701175451278687,0.13791042566299438,0.07033876329660416,0.04985836520791054,0.3080612123012543,0.061091531068086624,disgust
708,708,07-02-01-01-12.wav,48000,16000,3.970645833333333,2.8301875,disgust,6,2,strong,1,Kids are talking by the door,1,female,0,12,0.10280804336071014,0.05343099310994148,0.07909549027681351,0.11745250970125198,0.11372649669647217,0.13468168675899506,0.23603355884552002,0.16277115046977997,disgust
709,709,07-02-01-02-12.wav,48000,16000,4.5378541666666665,3.25175,disgust,6,2,strong,1,Kids are talking by the door,2,female,0,12,0.06192837655544281,0.04804597795009613,0.0756445974111557,0.11848039925098419,0.10617218911647797,0.08849532902240753,0.3250528573989868,0.17618031799793243,disgust
710,710,07-02-02-01-12.wav,48000,16000,4.204208333333334,3.2589375,disgust,6,2,strong,2,Dogs are sitting by the door,1,female,0,12,0.05002322420477867,0.07260172814130783,0.1377570480108261,0.08484474569559097,0.12423548847436905,0.09456413239240646,0.30010777711868286,0.13586586713790894,disgust
711,711,07-02-02-02-12.wav,48000,16000,3.970645833333333,2.4994375,disgust,6,2,strong,2,Dogs are sitting by the door,2,female,0,12,0.030171215534210205,0.043127600103616714,0.1577107012271881,0.11534079909324646,0.13559043407440186,0.09274477511644363,0.3116820156574249,0.11363250762224197,disgust
712,712,08-01-01-01-12.wav,48000,16000,3.536875,1.9660625,surprised,7,1,normal,1,Kids are talking by the door,1,female,0,12,0.19964367151260376,0.09947069734334946,0.09536688029766083,0.12525135278701782,0.06657590717077255,0.08142203837633133,0.14910803735256195,0.1831614375114441,neutral
713,713,08-01-01-02-12.wav,48000,16000,3.636958333333333,2.0001875,surprised,7,1,normal,1,Kids are talking by the door,2,female,0,12,0.17453844845294952,0.11179852485656738,0.11625834554433823,0.13303466141223907,0.09875115007162094,0.10591495037078857,0.11969492584466934,0.14000900089740753,neutral
714,714,08-01-02-01-12.wav,48000,16000,3.5035,1.7324375,surprised,7,1,normal,2,Dogs are sitting by the door,1,female,0,12,0.1668623685836792,0.09979573637247086,0.1362416297197342,0.16047921776771545,0.047300223261117935,0.07948528230190277,0.14842095971107483,0.16141456365585327,neutral
715,715,08-01-02-02-12.wav,48000,16000,3.6036041666666665,1.745,surprised,7,1,normal,2,Dogs are sitting by the door,2,female,0,12,0.1456642895936966,0.07558511197566986,0.14586269855499268,0.126483753323555,0.07164579629898071,0.07001949101686478,0.16073496639728546,0.20400391519069672,surprised
716,716,08-02-01-01-12.wav,48000,16000,3.7036875,2.1686875,surprised,7,2,strong,1,Kids are talking by the door,1,female,0,12,0.052548691630363464,0.06260563433170319,0.12824395298957825,0.09329868853092194,0.10656248033046722,0.14653636515140533,0.17668993771076202,0.23351427912712097,surprised
717,717,08-02-01-02-12.wav,48000,16000,3.7370625,2.4288125,surprised,7,2,strong,1,Kids are talking by the door,2,female,0,12,0.052060317248106,0.03136343136429787,0.13353870809078217,0.09646555781364441,0.12305966764688492,0.1529240757226944,0.14646245539188385,0.264125794172287,surprised
718,718,08-02-02-01-12.wav,48000,16000,3.7370625,2.2235,surprised,7,2,strong,2,Dogs are sitting by the door,1,female,0,12,0.08597895503044128,0.02782735973596573,0.11452877521514893,0.10982516407966614,0.08132423460483551,0.1327582448720932,0.21559318900108337,0.23216405510902405,surprised
719,719,08-02-02-02-12.wav,48000,16000,3.670333333333333,1.889375,surprised,7,2,strong,2,Dogs are sitting by the door,2,female,0,12,0.067863330245018,0.0774376168847084,0.13024315237998962,0.10814887285232544,0.0823659747838974,0.10468612611293793,0.22223687171936035,0.20701804757118225,disgust
720,720,01-01-01-01-13.wav,48000,16000,3.169833333333333,1.3335,neutral,0,1,normal,1,Kids are talking by the door,1,male,1,13,0.4774470627307892,0.26856720447540283,0.02746231108903885,0.14685384929180145,0.009805838577449322,0.018972337245941162,0.026803893968462944,0.024087511003017426,neutral
721,721,01-01-01-02-13.wav,48000,16000,3.2031875,1.3609375,neutral,0,1,normal,1,Kids are talking by the door,2,male,1,13,0.40965983271598816,0.3042547404766083,0.029986489564180374,0.15997187793254852,0.01761525683104992,0.011786933988332748,0.04204276576638222,0.024682065472006798,neutral
722,722,01-01-02-01-13.wav,48000,16000,3.069729166666667,1.267125,neutral,0,1,normal,2,Dogs are sitting by the door,1,male,1,13,0.4005309045314789,0.30737820267677307,0.06363209336996078,0.14334863424301147,0.007764101028442383,0.01275631319731474,0.03482246771454811,0.029767347499728203,neutral
723,723,01-01-02-02-13.wav,48000,16000,3.136458333333333,1.322625,neutral,0,1,normal,2,Dogs are sitting by the door,2,male,1,13,0.4724901616573334,0.22567620873451233,0.09559598565101624,0.11713261902332306,0.010444838553667068,0.01912769302725792,0.026502277702093124,0.0330301970243454,neutral
724,724,02-01-01-01-13.wav,48000,16000,3.3032916666666665,1.497625,calm,1,1,normal,1,Kids are talking by the door,1,male,1,13,0.26075735688209534,0.5256564021110535,0.01406861748546362,0.13254417479038239,0.007383637595921755,0.011485209688544273,0.033338483422994614,0.014766060747206211,calm
725,725,02-01-01-02-13.wav,48000,16000,3.169833333333333,1.436,calm,1,1,normal,1,Kids are talking by the door,2,male,1,13,0.2128647118806839,0.49252626299858093,0.04432866349816322,0.1344866156578064,0.013453416526317596,0.027852386236190796,0.05090603604912758,0.02358192205429077,calm
726,726,02-01-02-01-13.wav,48000,16000,3.136458333333333,1.3905625,calm,1,1,normal,2,Dogs are sitting by the door,1,male,1,13,0.2103371024131775,0.4905308485031128,0.027434587478637695,0.16593040525913239,0.00764951528981328,0.019038673490285873,0.04102407023310661,0.03805479034781456,calm
727,727,02-01-02-02-13.wav,48000,16000,2.9362708333333334,1.344,calm,1,1,normal,2,Dogs are sitting by the door,2,male,1,13,0.27698829770088196,0.4473641514778137,0.021873274818062782,0.15009763836860657,0.01783863455057144,0.02805296517908573,0.031781069934368134,0.026003995910286903,calm
728,728,02-02-01-01-13.wav,48000,16000,3.1364791666666667,1.3735625,calm,1,2,strong,1,Kids are talking by the door,1,male,1,13,0.16046841442584991,0.5844046473503113,0.008343329653143883,0.1691237986087799,0.011693335138261318,0.02280767448246479,0.0246360432356596,0.01852274313569069,calm
729,729,02-02-01-02-13.wav,48000,16000,3.203208333333333,1.407625,calm,1,2,strong,1,Kids are talking by the door,2,male,1,13,0.32161280512809753,0.3472202718257904,0.05206408351659775,0.16115893423557281,0.026401149109005928,0.022246617823839188,0.03678963705897331,0.03250647336244583,calm
730,730,02-02-02-01-13.wav,48000,16000,3.003,1.3138125,calm,1,2,strong,2,Dogs are sitting by the door,1,male,1,13,0.2680642306804657,0.47949808835983276,0.06072104349732399,0.1118924617767334,0.011087806895375252,0.016678623855113983,0.024045536294579506,0.028012247756123543,calm
731,731,02-02-02-02-13.wav,48000,16000,3.0363541666666665,1.320875,calm,1,2,strong,2,Dogs are sitting by the door,2,male,1,13,0.2791019082069397,0.4184711277484894,0.06250157952308655,0.11624650657176971,0.02295812964439392,0.02416089177131653,0.03428538888692856,0.042274508625268936,calm
732,732,03-01-01-01-13.wav,48000,16000,3.2365625,1.4258125,happy,2,1,normal,1,Kids are talking by the door,1,male,1,13,0.3005414605140686,0.1842680424451828,0.2018927037715912,0.11919116973876953,0.017578469589352608,0.04424901679158211,0.05545550957322121,0.0768236517906189,neutral
733,733,03-01-01-02-13.wav,48000,16000,3.203208333333333,1.489375,happy,2,1,normal,1,Kids are talking by the door,2,male,1,13,0.2032299041748047,0.09485699981451035,0.23822148144245148,0.16068364679813385,0.04315338656306267,0.06440918892621994,0.08749718964099884,0.10794820636510849,happy
734,734,03-01-02-01-13.wav,48000,16000,3.1364791666666667,1.3415625,happy,2,1,normal,2,Dogs are sitting by the door,1,male,1,13,0.23050928115844727,0.12902560830116272,0.2147410809993744,0.1597745716571808,0.023792874068021774,0.07451853156089783,0.06734541058540344,0.1002926155924797,neutral
735,735,03-01-02-02-13.wav,48000,16000,3.203208333333333,1.582875,happy,2,1,normal,2,Dogs are sitting by the door,2,male,1,13,0.1577720046043396,0.09419369697570801,0.22730739414691925,0.15299487113952637,0.04182038828730583,0.06978707015514374,0.0697665736079216,0.18635796010494232,happy
736,736,03-02-01-01-13.wav,48000,16000,3.4367708333333336,1.8233125,happy,2,2,strong,1,Kids are talking by the door,1,male,1,13,0.08070831745862961,0.06953602284193039,0.28445011377334595,0.11212894320487976,0.0891326367855072,0.13025858998298645,0.08696514368057251,0.14682024717330933,happy
737,737,03-02-01-02-13.wav,48000,16000,3.6036041666666665,2.3030625,happy,2,2,strong,1,Kids are talking by the door,2,male,1,13,0.038027919828891754,0.03717567399144173,0.24232038855552673,0.11251428723335266,0.06663095951080322,0.14928127825260162,0.1472458392381668,0.20680369436740875,happy
738,738,03-02-02-01-13.wav,48000,16000,3.370020833333333,1.963625,happy,2,2,strong,2,Dogs are sitting by the door,1,male,1,13,0.04859738424420357,0.019765790551900864,0.2841761112213135,0.0771244466304779,0.12146678566932678,0.1451520323753357,0.1068565621972084,0.1968609094619751,happy
739,739,03-02-02-02-13.wav,48000,16000,3.3366666666666664,1.5949375,happy,2,2,strong,2,Dogs are sitting by the door,2,male,1,13,0.07542502880096436,0.02441341243684292,0.32316598296165466,0.08762013912200928,0.0678616389632225,0.15282590687274933,0.10485202819108963,0.1638357937335968,happy
740,740,04-01-01-01-13.wav,48000,16000,3.5702291666666666,1.758875,sad,3,1,normal,1,Kids are talking by the door,1,male,1,13,0.20862546563148499,0.22247466444969177,0.0269878301769495,0.35616737604141235,0.014018841087818146,0.0291143748909235,0.10522173345088959,0.037389714270830154,sad
741,741,04-01-01-02-13.wav,48000,16000,3.536854166666666,1.689125,sad,3,1,normal,1,Kids are talking by the door,2,male,1,13,0.15586788952350616,0.22857703268527985,0.02223029173910618,0.38901686668395996,0.018176063895225525,0.05217568576335907,0.10031971335411072,0.033636435866355896,sad
742,742,04-01-02-01-13.wav,48000,16000,3.4367708333333336,1.606875,sad,3,1,normal,2,Dogs are sitting by the door,1,male,1,13,0.13249467313289642,0.21891629695892334,0.020656758919358253,0.41281652450561523,0.010106693021953106,0.029584690928459167,0.1305137425661087,0.04491066932678223,sad
743,743,04-01-02-02-13.wav,48000,16000,3.370041666666667,1.5301875,sad,3,1,normal,2,Dogs are sitting by the door,2,male,1,13,0.16125115752220154,0.25595563650131226,0.022594591602683067,0.3906809389591217,0.006428012158721685,0.043982479721307755,0.07328461855649948,0.045822516083717346,sad
744,744,04-02-01-01-13.wav,48000,16000,3.3366666666666664,1.5748125,sad,3,2,strong,1,Kids are talking by the door,1,male,1,13,0.09437642991542816,0.1703963279724121,0.030169617384672165,0.38578060269355774,0.02981116622686386,0.055382322520017624,0.1605575531721115,0.07352601736783981,sad
745,745,04-02-01-02-13.wav,48000,16000,3.3032916666666665,1.54425,sad,3,2,strong,1,Kids are talking by the door,2,male,1,13,0.1394185572862625,0.15700173377990723,0.02517542988061905,0.3973182737827301,0.03973909839987755,0.037668149918317795,0.15626215934753418,0.047416601330041885,sad
746,746,04-02-02-01-13.wav,48000,16000,3.4367708333333336,1.6686875,sad,3,2,strong,2,Dogs are sitting by the door,1,male,1,13,0.1324746012687683,0.16142548620700836,0.03032701462507248,0.4532252848148346,0.019939901307225227,0.04831008240580559,0.11599891632795334,0.03829869627952576,sad
747,747,04-02-02-02-13.wav,48000,16000,3.2031875,1.4203125,sad,3,2,strong,2,Dogs are sitting by the door,2,male,1,13,0.1866379976272583,0.2962842881679535,0.016711538657546043,0.37763407826423645,0.012779906392097473,0.02483772300183773,0.048877112567424774,0.036237239837646484,sad
748,748,05-01-01-01-13.wav,48000,16000,3.4367708333333336,1.6425,angry,4,1,normal,1,Kids are talking by the door,1,male,1,13,0.09525763988494873,0.04347206652164459,0.11956421285867691,0.12183152884244919,0.16131357848644257,0.10660985112190247,0.22595010697841644,0.1260010004043579,disgust
749,749,05-01-01-02-13.wav,48000,16000,3.536854166666666,1.7143125,angry,4,1,normal,1,Kids are talking by the door,2,male,1,13,0.06938868761062622,0.02979343757033348,0.1096610426902771,0.10027183592319489,0.21624143421649933,0.1508442610502243,0.169623464345932,0.15417586266994476,angry
750,750,05-01-02-01-13.wav,48000,16000,3.6036041666666665,1.8605625,angry,4,1,normal,2,Dogs are sitting by the door,1,male,1,13,0.0642470270395279,0.04022622108459473,0.10475652664899826,0.13386231660842896,0.2267286479473114,0.14183412492275238,0.18243162333965302,0.10591349005699158,angry
751,751,05-01-02-02-13.wav,48000,16000,3.370020833333333,1.5985625,angry,4,1,normal,2,Dogs are sitting by the door,2,male,1,13,0.08323291689157486,0.03109574131667614,0.1102166473865509,0.13277241587638855,0.19745658338069916,0.13196764886379242,0.15350577235221863,0.1597522795200348,angry
752,752,05-02-01-01-13.wav,48000,16000,3.670333333333333,2.002125,angry,4,2,strong,1,Kids are talking by the door,1,male,1,13,0.016293134540319443,0.002729646395891905,0.08708132058382034,0.016424018889665604,0.48669227957725525,0.2493898570537567,0.06697679311037064,0.07441294193267822,angry
753,753,05-02-01-02-13.wav,48000,16000,4.2709375,2.6691875,angry,4,2,strong,1,Kids are talking by the door,2,male,1,13,0.026388851925730705,0.02808389440178871,0.08850961178541183,0.04946469888091087,0.3768464922904968,0.15360261499881744,0.1669384390115738,0.11016540229320526,angry
754,754,05-02-02-01-13.wav,48000,16000,3.5702291666666666,2.172375,angry,4,2,strong,2,Dogs are sitting by the door,1,male,1,13,0.01871596649289131,0.002291659126058221,0.09467056393623352,0.028960416093468666,0.48275914788246155,0.2321445196866989,0.072403684258461,0.06805399805307388,angry
755,755,05-02-02-02-13.wav,48000,16000,4.170833333333333,2.6825625,angry,4,2,strong,2,Dogs are sitting by the door,2,male,1,13,0.013422499410808086,0.01115555688738823,0.08772755414247513,0.020003844052553177,0.4969331622123718,0.26336219906806946,0.052130892872810364,0.05526433140039444,angry
756,756,06-01-01-01-13.wav,48000,16000,3.1364791666666667,1.3225625,fearful,5,1,normal,1,Kids are talking by the door,1,male,1,13,0.19125725328922272,0.07048732787370682,0.06509459763765335,0.1894744336605072,0.05825864523649216,0.12928248941898346,0.1996883600950241,0.0964568704366684,disgust
757,757,06-01-01-02-13.wav,48000,16000,3.169833333333333,1.3479375,fearful,5,1,normal,1,Kids are talking by the door,2,male,1,13,0.06192640960216522,0.18062196671962738,0.0445081926882267,0.22510752081871033,0.08566121757030487,0.11456585675477982,0.22666853666305542,0.060940250754356384,disgust
758,758,06-01-02-01-13.wav,48000,16000,3.203208333333333,1.4188125,fearful,5,1,normal,2,Dogs are sitting by the door,1,male,1,13,0.08990317583084106,0.09556157141923904,0.07202701270580292,0.1617419272661209,0.12103630602359772,0.18167422711849213,0.16543696820735931,0.11261880397796631,fearful
759,759,06-01-02-02-13.wav,48000,16000,3.2365625,1.694,fearful,5,1,normal,2,Dogs are sitting by the door,2,male,1,13,0.15609338879585266,0.08141462504863739,0.08671733736991882,0.1238596960902214,0.10792694985866547,0.15148010849952698,0.17021317780017853,0.12229470908641815,disgust
760,760,06-02-01-01-13.wav,48000,16000,3.370041666666667,1.5253125,fearful,5,2,strong,1,Kids are talking by the door,1,male,1,13,0.0760200023651123,0.11515405029058456,0.060507941991090775,0.1640150099992752,0.10605815798044205,0.13060925900936127,0.24766872823238373,0.09996680915355682,disgust
761,761,06-02-01-02-13.wav,48000,16000,3.2699375,1.7821875,fearful,5,2,strong,1,Kids are talking by the door,2,male,1,13,0.08254917711019516,0.042572539299726486,0.16677552461624146,0.039819277822971344,0.14018316566944122,0.21876868605613708,0.09457404166460037,0.21475759148597717,fearful
762,762,06-02-02-01-13.wav,48000,16000,3.5035,1.8326875,fearful,5,2,strong,2,Dogs are sitting by the door,1,male,1,13,0.05303125083446503,0.041207607835531235,0.14906953275203705,0.06396898627281189,0.17717814445495605,0.17723333835601807,0.19269627332687378,0.1456148475408554,disgust
763,763,06-02-02-02-13.wav,48000,16000,3.203208333333333,1.473375,fearful,5,2,strong,2,Dogs are sitting by the door,2,male,1,13,0.10584265738725662,0.09931711107492447,0.0797698125243187,0.19996552169322968,0.09027673304080963,0.13296149671077728,0.1512146294116974,0.14065203070640564,sad
764,764,07-01-01-01-13.wav,48000,16000,3.136458333333333,1.3401875,disgust,6,1,normal,1,Kids are talking by the door,1,male,1,13,0.24315382540225983,0.30111199617385864,0.05376492068171501,0.2216375470161438,0.018179260194301605,0.030926737934350967,0.10861576348543167,0.022609932348132133,calm
765,765,07-01-01-02-13.wav,48000,16000,3.169833333333333,1.3615625,disgust,6,1,normal,1,Kids are talking by the door,2,male,1,13,0.15196958184242249,0.2787471115589142,0.0437084399163723,0.15430746972560883,0.04150213301181793,0.05551514774560928,0.2412695288658142,0.03298055753111839,calm
766,766,07-01-02-01-13.wav,48000,16000,3.2699375,1.443125,disgust,6,1,normal,2,Dogs are sitting by the door,1,male,1,13,0.1373489648103714,0.2474767118692398,0.029811812564730644,0.17844261229038239,0.035882618278265,0.050419051200151443,0.27548906207084656,0.04512917995452881,disgust
767,767,07-01-02-02-13.wav,48000,16000,3.2365625,1.4291875,disgust,6,1,normal,2,Dogs are sitting by the door,2,male,1,13,0.09608937799930573,0.2204292118549347,0.024440592154860497,0.19310562312602997,0.04302512854337692,0.050760604441165924,0.32549166679382324,0.04665777087211609,disgust
768,768,07-02-01-01-13.wav,48000,16000,3.403395833333333,1.7818125,disgust,6,2,strong,1,Kids are talking by the door,1,male,1,13,0.1020694375038147,0.11677443981170654,0.05083564668893814,0.19335739314556122,0.052206411957740784,0.0943072959780693,0.3185995817184448,0.07184980809688568,disgust
769,769,07-02-01-02-13.wav,48000,16000,3.703708333333333,2.0950625,disgust,6,2,strong,1,Kids are talking by the door,2,male,1,13,0.09803689271211624,0.0746157318353653,0.06807117909193039,0.21181288361549377,0.08100020885467529,0.07837969064712524,0.2768917679786682,0.11119165271520615,disgust
770,770,07-02-02-01-13.wav,48000,16000,3.403395833333333,1.5691875,disgust,6,2,strong,2,Dogs are sitting by the door,1,male,1,13,0.11532609909772873,0.1787676364183426,0.02082197181880474,0.21156755089759827,0.05966600403189659,0.03670322149991989,0.3289887607097626,0.04815873131155968,disgust
771,771,07-02-02-02-13.wav,48000,16000,3.4367708333333336,1.621625,disgust,6,2,strong,2,Dogs are sitting by the door,2,male,1,13,0.10036057978868484,0.09936720132827759,0.0358225554227829,0.20744802057743073,0.0529201477766037,0.06284845620393753,0.37569671869277954,0.06553633511066437,disgust
772,772,08-01-01-01-13.wav,48000,16000,3.403395833333333,1.634625,surprised,7,1,normal,1,Kids are talking by the door,1,male,1,13,0.09345758706331253,0.03871328756213188,0.12826700508594513,0.16159272193908691,0.0489666648209095,0.10007773339748383,0.16599562764167786,0.26292937994003296,surprised
773,773,08-01-01-02-13.wav,48000,16000,3.136458333333333,1.3636875,surprised,7,1,normal,1,Kids are talking by the door,2,male,1,13,0.0841268002986908,0.08203316479921341,0.14774863421916962,0.1811225265264511,0.06200753152370453,0.11075568199157715,0.1281808763742447,0.2040247768163681,surprised
774,774,08-01-02-01-13.wav,48000,16000,3.1364791666666667,1.323375,surprised,7,1,normal,2,Dogs are sitting by the door,1,male,1,13,0.19242516160011292,0.15399183332920074,0.08740605413913727,0.20336288213729858,0.026843169704079628,0.06111568585038185,0.1253330111503601,0.14952221512794495,sad
775,775,08-01-02-02-13.wav,48000,16000,3.036375,1.223875,surprised,7,1,normal,2,Dogs are sitting by the door,2,male,1,13,0.13498714566230774,0.0685555711388588,0.10487458109855652,0.1954459398984909,0.03698950633406639,0.07003521919250488,0.18786609172821045,0.2012459635734558,surprised
776,776,08-02-01-01-13.wav,48000,16000,3.3366666666666664,1.55,surprised,7,2,strong,1,Kids are talking by the door,1,male,1,13,0.045088790357112885,0.03153636306524277,0.1257786601781845,0.1354035586118698,0.08933696150779724,0.15640535950660706,0.18253152072429657,0.23391880095005035,surprised
777,777,08-02-01-02-13.wav,48000,16000,3.3032916666666665,1.534625,surprised,7,2,strong,1,Kids are talking by the door,2,male,1,13,0.14341264963150024,0.09921316802501678,0.09902152419090271,0.20397277176380157,0.041882339864969254,0.10006505995988846,0.1726025491952896,0.13982993364334106,sad
778,778,08-02-02-01-13.wav,48000,16000,3.3366666666666664,1.56975,surprised,7,2,strong,2,Dogs are sitting by the door,1,male,1,13,0.06083595007658005,0.026967840269207954,0.20466476678848267,0.12314564734697342,0.053913820534944534,0.13826824724674225,0.13134101033210754,0.2608627378940582,surprised
779,779,08-02-02-02-13.wav,48000,16000,3.3032916666666665,1.529625,surprised,7,2,strong,2,Dogs are sitting by the door,2,male,1,13,0.030042370781302452,0.04916183650493622,0.1292293816804886,0.11931625753641129,0.10437244921922684,0.12973713874816895,0.18969927728176117,0.24844130873680115,surprised
780,780,01-01-01-01-14.wav,48000,16000,3.470125,1.5625625,neutral,0,1,normal,1,Kids are talking by the door,1,female,0,14,0.5193147659301758,0.3333335816860199,0.009643425233662128,0.0916789099574089,0.00776608195155859,0.008585046976804733,0.0152548523619771,0.014423312619328499,neutral
781,781,01-01-01-02-14.wav,48000,16000,3.3366666666666664,1.6155,neutral,0,1,normal,1,Kids are talking by the door,2,female,0,14,0.5466001033782959,0.26266929507255554,0.018868548795580864,0.10127200186252594,0.018211623653769493,0.01164103765040636,0.02157384715974331,0.0191634688526392,neutral
782,782,01-01-02-01-14.wav,48000,16000,3.470145833333333,1.6380625,neutral,0,1,normal,2,Dogs are sitting by the door,1,female,0,14,0.458235502243042,0.26487645506858826,0.015538064762949944,0.12195134162902832,0.028836172074079514,0.031870897859334946,0.04833891987800598,0.030352653935551643,neutral
783,783,01-01-02-02-14.wav,48000,16000,3.5702291666666666,1.7483125,neutral,0,1,normal,2,Dogs are sitting by the door,2,female,0,14,0.4842560589313507,0.3010573983192444,0.010915729217231274,0.11583071947097778,0.01643817499279976,0.022211994975805283,0.029446713626384735,0.01984325237572193,neutral
784,784,02-01-01-01-14.wav,48000,16000,3.7370625,1.8974375,calm,1,1,normal,1,Kids are talking by the door,1,female,0,14,0.24202558398246765,0.4387018382549286,0.028018394485116005,0.13512755930423737,0.00922040268778801,0.03031729906797409,0.057602208107709885,0.05898672342300415,calm
785,785,02-01-01-02-14.wav,48000,16000,3.5702291666666666,1.679,calm,1,1,normal,1,Kids are talking by the door,2,female,0,14,0.12374807894229889,0.5825129747390747,0.017779964953660965,0.17786338925361633,0.01762169972062111,0.019876418635249138,0.043657150119543076,0.016940342262387276,calm
786,786,02-01-02-01-14.wav,48000,16000,3.4034166666666668,1.6248125,calm,1,1,normal,2,Dogs are sitting by the door,1,female,0,14,0.19629181921482086,0.518682599067688,0.025660088285803795,0.1393004208803177,0.020763380452990532,0.03500857204198837,0.03790399059653282,0.026389149948954582,calm
787,787,02-01-02-02-14.wav,48000,16000,3.5035,1.6268125,calm,1,1,normal,2,Dogs are sitting by the door,2,female,0,14,0.17147931456565857,0.6267949938774109,0.018204672262072563,0.11090712249279022,0.0093617532402277,0.017485087737441063,0.02749360352754593,0.01827341318130493,calm
788,788,02-02-01-01-14.wav,48000,16000,3.870520833333333,1.9374375,calm,1,2,strong,1,Kids are talking by the door,1,female,0,14,0.13300280272960663,0.5490895509719849,0.01840892806649208,0.1361895501613617,0.051502540707588196,0.018662303686141968,0.059785667806863785,0.033358730375766754,calm
789,789,02-02-01-02-14.wav,48000,16000,3.903895833333333,1.9621875,calm,1,2,strong,1,Kids are talking by the door,2,female,0,14,0.10536408424377441,0.5878689289093018,0.02488773502409458,0.12192630767822266,0.03526800498366356,0.02587495930492878,0.06965373456478119,0.029156262055039406,calm
790,790,02-02-02-01-14.wav,48000,16000,3.7370625,1.82425,calm,1,2,strong,2,Dogs are sitting by the door,1,female,0,14,0.23353971540927887,0.5093107223510742,0.025461064651608467,0.10451797395944595,0.012682531028985977,0.026366928592324257,0.041572585701942444,0.04654840752482414,calm
791,791,02-02-02-02-14.wav,48000,16000,3.7704375,1.9124375,calm,1,2,strong,2,Dogs are sitting by the door,2,female,0,14,0.16105102002620697,0.6397635340690613,0.00967312790453434,0.11228548735380173,0.008656825870275497,0.014754015021026134,0.04463963583111763,0.00917639397084713,calm
792,792,03-01-01-01-14.wav,48000,16000,3.703708333333333,2.3900625,happy,2,1,normal,1,Kids are talking by the door,1,female,0,14,0.021496210247278214,0.04847734421491623,0.2230256050825119,0.10200526565313339,0.13198734819889069,0.13260194659233093,0.13966232538223267,0.20074394345283508,happy
793,793,03-01-01-02-14.wav,48000,16000,3.670333333333333,2.0929375,happy,2,1,normal,1,Kids are talking by the door,2,female,0,14,0.0729474425315857,0.03717700019478798,0.2066008597612381,0.06188780814409256,0.10780898481607437,0.11405856907367706,0.12848928570747375,0.2710300385951996,surprised
794,794,03-01-02-01-14.wav,48000,16000,3.403395833333333,1.9835,happy,2,1,normal,2,Dogs are sitting by the door,1,female,0,14,0.08951263874769211,0.10436172783374786,0.21862933039665222,0.07531191408634186,0.09022385627031326,0.10424747318029404,0.12238097190856934,0.19533206522464752,happy
795,795,03-01-02-02-14.wav,48000,16000,3.470125,1.60675,happy,2,1,normal,2,Dogs are sitting by the door,2,female,0,14,0.03920642286539078,0.0674835667014122,0.20698216557502747,0.1226024478673935,0.10336577892303467,0.10140644013881683,0.14841003715991974,0.21054315567016602,surprised
796,796,03-02-01-01-14.wav,48000,16000,3.7704166666666663,2.1990625,happy,2,2,strong,1,Kids are talking by the door,1,female,0,14,0.017445743083953857,0.00783125963062048,0.3410618007183075,0.07810861617326736,0.1074761226773262,0.18713587522506714,0.1113324984908104,0.1496080607175827,happy
797,797,03-02-01-02-14.wav,48000,16000,3.7370625,2.2659375,happy,2,2,strong,1,Kids are talking by the door,2,female,0,14,0.006094235461205244,0.010234834626317024,0.3325934112071991,0.08933893591165543,0.15196937322616577,0.1954144984483719,0.06363803893327713,0.15071669220924377,happy
798,798,03-02-02-01-14.wav,48000,16000,3.8371666666666666,2.3774375,happy,2,2,strong,2,Dogs are sitting by the door,1,female,0,14,0.018454553559422493,0.04279578477144241,0.2869650721549988,0.135873943567276,0.13302861154079437,0.23124131560325623,0.05280258506536484,0.09883809834718704,happy
799,799,03-02-02-02-14.wav,48000,16000,3.7370625,2.6076875,happy,2,2,strong,2,Dogs are sitting by the door,2,female,0,14,0.024948954582214355,0.03976817429065704,0.28208428621292114,0.12283488363027573,0.10460726171731949,0.19554172456264496,0.08204331994056702,0.14817143976688385,happy
800,800,04-01-01-01-14.wav,48000,16000,3.7370625,2.0375625,sad,3,1,normal,1,Kids are talking by the door,1,female,0,14,0.22754216194152832,0.22870929539203644,0.027997488155961037,0.2856016159057617,0.05278899148106575,0.0555666908621788,0.073563352227211,0.0482303686439991,sad
801,801,04-01-01-02-14.wav,48000,16000,3.6036041666666665,1.6941875,sad,3,1,normal,1,Kids are talking by the door,2,female,0,14,0.22298595309257507,0.24214178323745728,0.025243688374757767,0.2921113967895508,0.013965309597551823,0.040497325360774994,0.11585568636655807,0.047198858112096786,sad
802,802,04-01-02-01-14.wav,48000,16000,3.6036041666666665,2.20125,sad,3,1,normal,2,Dogs are sitting by the door,1,female,0,14,0.23634646832942963,0.31966397166252136,0.028453819453716278,0.18365229666233063,0.048138733953237534,0.04622361809015274,0.05536588281393051,0.082155242562294,calm
803,803,04-01-02-02-14.wav,48000,16000,3.536875,1.9539375,sad,3,1,normal,2,Dogs are sitting by the door,2,female,0,14,0.1616325080394745,0.27706214785575867,0.03717377409338951,0.2826273441314697,0.039740968495607376,0.06510332971811295,0.07610248029232025,0.06055740267038345,sad
804,804,04-02-01-01-14.wav,48000,16000,3.870520833333333,1.9665625,sad,3,2,strong,1,Kids are talking by the door,1,female,0,14,0.09008774906396866,0.12474151700735092,0.04395551234483719,0.1665041744709015,0.04708773270249367,0.11832286417484283,0.31017765402793884,0.09912280738353729,disgust
805,805,04-02-01-02-14.wav,48000,16000,3.670333333333333,1.77625,sad,3,2,strong,1,Kids are talking by the door,2,female,0,14,0.1124238595366478,0.18614238500595093,0.04332198202610016,0.19614920020103455,0.03702930361032486,0.0636322870850563,0.25413066148757935,0.10717030614614487,disgust
806,806,04-02-02-01-14.wav,48000,16000,3.670333333333333,1.9300625,sad,3,2,strong,2,Dogs are sitting by the door,1,female,0,14,0.12720529735088348,0.14363889396190643,0.050348617136478424,0.17673958837985992,0.052007898688316345,0.07353229075670242,0.27629056572914124,0.10023685544729233,disgust
807,807,04-02-02-02-14.wav,48000,16000,3.9039166666666665,2.4079375,sad,3,2,strong,2,Dogs are sitting by the door,2,female,0,14,0.07064367085695267,0.05109835043549538,0.1654742956161499,0.197592094540596,0.08945824950933456,0.05837332829833031,0.2422875016927719,0.12507252395153046,disgust
808,808,05-01-01-01-14.wav,48000,16000,3.603583333333333,1.981125,angry,4,1,normal,1,Kids are talking by the door,1,female,0,14,0.0722142681479454,0.07579559832811356,0.0792231634259224,0.13214316964149475,0.18540671467781067,0.12522879242897034,0.20506596565246582,0.12492229789495468,disgust
809,809,05-01-01-02-14.wav,48000,16000,3.703708333333333,1.9144375,angry,4,1,normal,1,Kids are talking by the door,2,female,0,14,0.03545152395963669,0.03424772620201111,0.0985637828707695,0.08574794232845306,0.24881769716739655,0.1134914755821228,0.16644243896007538,0.21723736822605133,angry
810,810,05-01-02-01-14.wav,48000,16000,3.7370625,2.105875,angry,4,1,normal,2,Dogs are sitting by the door,1,female,0,14,0.0831507071852684,0.043023545295000076,0.11330367624759674,0.0867612361907959,0.2552662491798401,0.07800634205341339,0.188435897231102,0.15205232799053192,angry
811,811,05-01-02-02-14.wav,48000,16000,3.9039166666666665,2.397625,angry,4,1,normal,2,Dogs are sitting by the door,2,female,0,14,0.05062246322631836,0.056247778236866,0.10501734167337418,0.13376781344413757,0.2646214962005615,0.10257843136787415,0.15176290273666382,0.1353818029165268,angry
812,812,05-02-01-01-14.wav,48000,16000,4.2709375,2.7309375,angry,4,2,strong,1,Kids are talking by the door,1,female,0,14,0.03267991542816162,0.03018561564385891,0.1456446349620819,0.06011809781193733,0.35533401370048523,0.19315803050994873,0.08072802424430847,0.10215169936418533,angry
813,813,05-02-01-02-14.wav,48000,16000,4.371020833333334,2.8459375,angry,4,2,strong,1,Kids are talking by the door,2,female,0,14,0.02275138720870018,0.032717034220695496,0.12476326525211334,0.08249980211257935,0.3602840006351471,0.16431179642677307,0.11449919641017914,0.0981735959649086,angry
814,814,05-02-02-01-14.wav,48000,16000,4.170833333333333,2.3800625,angry,4,2,strong,2,Dogs are sitting by the door,1,female,0,14,0.01405259408056736,0.015053682029247284,0.15382260084152222,0.07504111528396606,0.30680814385414124,0.2260884791612625,0.0944037139415741,0.11472964286804199,angry
815,815,05-02-02-02-14.wav,48000,16000,4.404416666666667,2.8768125,angry,4,2,strong,2,Dogs are sitting by the door,2,female,0,14,0.013362071476876736,0.012134182266891003,0.1446099579334259,0.10153726488351822,0.31903257966041565,0.1988648921251297,0.09158817678689957,0.11887085437774658,angry
816,816,06-01-01-01-14.wav,48000,16000,3.370020833333333,1.814125,fearful,5,1,normal,1,Kids are talking by the door,1,female,0,14,0.12515433132648468,0.26815515756607056,0.04145737364888191,0.2452874779701233,0.0540955476462841,0.08592113852500916,0.1369856595993042,0.04294329509139061,calm
817,817,06-01-01-02-14.wav,48000,16000,3.5702291666666666,2.0475,fearful,5,1,normal,1,Kids are talking by the door,2,female,0,14,0.1412043571472168,0.21760988235473633,0.0610644705593586,0.1768925040960312,0.06213336065411568,0.1367463767528534,0.11279968917369843,0.09154932200908661,calm
818,818,06-01-02-01-14.wav,48000,16000,3.370041666666667,1.5851875,fearful,5,1,normal,2,Dogs are sitting by the door,1,female,0,14,0.13319377601146698,0.22868773341178894,0.033486656844615936,0.2816528081893921,0.026193244382739067,0.1159152016043663,0.09124268591403961,0.0896279439330101,sad
819,819,06-01-02-02-14.wav,48000,16000,3.370020833333333,1.7070625,fearful,5,1,normal,2,Dogs are sitting by the door,2,female,0,14,0.18357953429222107,0.23257188498973846,0.028342342004179955,0.21594560146331787,0.023780466988682747,0.1272762417793274,0.11381207406520844,0.07469189167022705,calm
820,820,06-02-01-01-14.wav,48000,16000,3.370020833333333,2.0853125,fearful,5,2,strong,1,Kids are talking by the door,1,female,0,14,0.024315237998962402,0.01774267479777336,0.1511455625295639,0.10801011323928833,0.12114883959293365,0.387889564037323,0.08277103304862976,0.10697700828313828,fearful
821,821,06-02-01-02-14.wav,48000,16000,3.403395833333333,2.1456875,fearful,5,2,strong,1,Kids are talking by the door,2,female,0,14,0.00825983751565218,0.016444608569145203,0.18870891630649567,0.10000219941139221,0.10804789513349533,0.4548669457435608,0.03262719511985779,0.0910424143075943,fearful
822,822,06-02-02-01-14.wav,48000,16000,3.5035,2.2038125,fearful,5,2,strong,2,Dogs are sitting by the door,1,female,0,14,0.020281057804822922,0.022136205807328224,0.16563047468662262,0.16268891096115112,0.08747339248657227,0.30722296237945557,0.06696260720491409,0.16760438680648804,fearful
823,823,06-02-02-02-14.wav,48000,16000,3.470125,2.4180625,fearful,5,2,strong,2,Dogs are sitting by the door,2,female,0,14,0.036653753370046616,0.01659342087805271,0.18674637377262115,0.08919483423233032,0.10684946924448013,0.2990339696407318,0.08754759281873703,0.17738056182861328,fearful
824,824,07-01-01-01-14.wav,48000,16000,3.7704166666666663,2.3161875,disgust,6,1,normal,1,Kids are talking by the door,1,female,0,14,0.056923266500234604,0.0851176381111145,0.07093480974435806,0.1310453861951828,0.06295468658208847,0.13648921251296997,0.31493455171585083,0.14160045981407166,disgust
825,825,07-01-01-02-14.wav,48000,16000,3.636958333333333,1.7746875,disgust,6,1,normal,1,Kids are talking by the door,2,female,0,14,0.09242013096809387,0.11195248365402222,0.06108390539884567,0.11330205202102661,0.03639291971921921,0.06233290210366249,0.35679811239242554,0.1657174974679947,disgust
826,826,07-01-02-01-14.wav,48000,16000,3.7370625,1.9048125,disgust,6,1,normal,2,Dogs are sitting by the door,1,female,0,14,0.07959271967411041,0.19273249804973602,0.036337848752737045,0.1924259215593338,0.06911654025316238,0.058619409799575806,0.3129054009914398,0.058269601315259933,disgust
827,827,07-01-02-02-14.wav,48000,16000,3.7704375,2.422375,disgust,6,1,normal,2,Dogs are sitting by the door,2,female,0,14,0.042660538107156754,0.06953339278697968,0.08126457035541534,0.16471420228481293,0.08223182708024979,0.09731880575418472,0.2909787893295288,0.1712978631258011,disgust
828,828,07-02-01-01-14.wav,48000,16000,3.93725,2.99875,disgust,6,2,strong,1,Kids are talking by the door,1,female,0,14,0.05164603143930435,0.051718924194574356,0.08635848760604858,0.10838912427425385,0.1144397035241127,0.09897802770137787,0.36750635504722595,0.12096334248781204,disgust
829,829,07-02-01-02-14.wav,48000,16000,3.7370625,2.2431875,disgust,6,2,strong,1,Kids are talking by the door,2,female,0,14,0.09069419652223587,0.18208767473697662,0.047425054013729095,0.13002349436283112,0.09627293795347214,0.061676930636167526,0.3062814474105835,0.08553820848464966,disgust
830,830,07-02-02-01-14.wav,48000,16000,3.670333333333333,2.4441875,disgust,6,2,strong,2,Dogs are sitting by the door,1,female,0,14,0.10500132292509079,0.13237421214580536,0.04667213559150696,0.19016848504543304,0.07062480598688126,0.10118813067674637,0.2609209418296814,0.09305000305175781,disgust
831,831,07-02-02-02-14.wav,48000,16000,3.8037916666666662,1.9381875,disgust,6,2,strong,2,Dogs are sitting by the door,2,female,0,14,0.09714267402887344,0.07693080604076385,0.05272702872753143,0.12006936222314835,0.05932103469967842,0.06045256927609444,0.4227767884731293,0.11057980358600616,disgust
832,832,08-01-01-01-14.wav,48000,16000,3.636979166666667,1.7598125,surprised,7,1,normal,1,Kids are talking by the door,1,female,0,14,0.2081661969423294,0.21103402972221375,0.031687766313552856,0.1859477162361145,0.03459469974040985,0.05571221187710762,0.09347248077392578,0.17938491702079773,calm
833,833,08-01-01-02-14.wav,48000,16000,3.57025,1.6883125,surprised,7,1,normal,1,Kids are talking by the door,2,female,0,14,0.2032775580883026,0.21455134451389313,0.04819352552294731,0.1258086860179901,0.03697972372174263,0.07505486160516739,0.09298385679721832,0.2031504511833191,calm
834,834,08-01-02-01-14.wav,48000,16000,3.203208333333333,1.476875,surprised,7,1,normal,2,Dogs are sitting by the door,1,female,0,14,0.23305384814739227,0.21322548389434814,0.04135466367006302,0.11381787806749344,0.02545127645134926,0.07303303480148315,0.07155446708202362,0.2285093516111374,neutral
835,835,08-01-02-02-14.wav,48000,16000,3.3032916666666665,1.4733125,surprised,7,1,normal,2,Dogs are sitting by the door,2,female,0,14,0.27385231852531433,0.22952018678188324,0.04342563822865486,0.11973285675048828,0.01966000907123089,0.048370663076639175,0.07889313995838165,0.18654517829418182,neutral
836,836,08-02-01-01-14.wav,48000,16000,3.970625,2.0768125,surprised,7,2,strong,1,Kids are talking by the door,1,female,0,14,0.20707114040851593,0.17532606422901154,0.043118394911289215,0.10502616316080093,0.0361943319439888,0.04502302035689354,0.1341521441936493,0.25408869981765747,surprised
837,837,08-02-01-02-14.wav,48000,16000,3.703708333333333,1.9151875,surprised,7,2,strong,1,Kids are talking by the door,2,female,0,14,0.08899730443954468,0.057509925216436386,0.11055471748113632,0.1080976128578186,0.08386502414941788,0.10144177824258804,0.21409396827220917,0.23543962836265564,surprised
838,838,08-02-02-01-14.wav,48000,16000,3.703708333333333,1.9755625,surprised,7,2,strong,2,Dogs are sitting by the door,1,female,0,14,0.09446458518505096,0.08668837696313858,0.07577371597290039,0.0901423916220665,0.08797113597393036,0.10310390591621399,0.14885185658931732,0.3130040466785431,surprised
839,839,08-02-02-02-14.wav,48000,16000,3.7370625,2.02225,surprised,7,2,strong,2,Dogs are sitting by the door,2,female,0,14,0.08642572909593582,0.06790758669376373,0.07690677791833878,0.12722787261009216,0.08518718183040619,0.10721447318792343,0.17051082849502563,0.27861952781677246,surprised
840,840,01-01-01-01-15.wav,48000,16000,3.370041666666667,1.65425,neutral,0,1,normal,1,Kids are talking by the door,1,male,1,15,0.40463030338287354,0.12957745790481567,0.06857775896787643,0.1307412087917328,0.03287075087428093,0.040579039603471756,0.1298360377550125,0.06318745762109756,neutral
841,841,01-01-01-02-15.wav,48000,16000,3.4367708333333336,1.5851875,neutral,0,1,normal,1,Kids are talking by the door,2,male,1,15,0.504455029964447,0.15253956615924835,0.06581699848175049,0.13706465065479279,0.01792246103286743,0.027523119002580643,0.04881664738059044,0.04586152359843254,neutral
842,842,01-01-02-01-15.wav,48000,16000,3.43675,1.7153125,neutral,0,1,normal,2,Dogs are sitting by the door,1,male,1,15,0.5036059617996216,0.14755265414714813,0.04334129020571709,0.12367793917655945,0.03343385457992554,0.02720782905817032,0.07060901075601578,0.05057145282626152,neutral
843,843,01-01-02-02-15.wav,48000,16000,3.403395833333333,1.6004375,neutral,0,1,normal,2,Dogs are sitting by the door,2,male,1,15,0.5038672089576721,0.1426648646593094,0.04842204600572586,0.15861444175243378,0.015936173498630524,0.025648536160588264,0.05763182416558266,0.047214895486831665,neutral
844,844,02-01-01-01-15.wav,48000,16000,3.57025,2.1005625,calm,1,1,normal,1,Kids are talking by the door,1,male,1,15,0.30767181515693665,0.3713034987449646,0.04261699691414833,0.12474939972162247,0.019701840355992317,0.04048139601945877,0.05456962063908577,0.03890544921159744,calm
845,845,02-01-01-02-15.wav,48000,16000,3.5702291666666666,1.7959375,calm,1,1,normal,1,Kids are talking by the door,2,male,1,15,0.2689240574836731,0.41406670212745667,0.04661712050437927,0.12071770429611206,0.016459152102470398,0.03276194632053375,0.06052131578326225,0.0399320013821125,calm
846,846,02-01-02-01-15.wav,48000,16000,3.7370625,3.1830625,calm,1,1,normal,2,Dogs are sitting by the door,1,male,1,15,0.13518518209457397,0.4672745168209076,0.038464464247226715,0.13558895885944366,0.046422239392995834,0.062184758484363556,0.08735892921686172,0.027520937845110893,calm
847,847,02-01-02-02-15.wav,48000,16000,3.5702291666666666,1.7385625,calm,1,1,normal,2,Dogs are sitting by the door,2,male,1,15,0.26764827966690063,0.3496624827384949,0.05807197466492653,0.10882978141307831,0.029719030484557152,0.037749722599983215,0.106348417699337,0.0419703908264637,calm
848,848,02-02-01-01-15.wav,48000,16000,3.670333333333333,2.015,calm,1,2,strong,1,Kids are talking by the door,1,male,1,15,0.17991623282432556,0.4518662393093109,0.04884873703122139,0.14145851135253906,0.024336114525794983,0.030681779608130455,0.08688221126794815,0.036010123789310455,calm
849,849,02-02-01-02-15.wav,48000,16000,3.8038125,2.500375,calm,1,2,strong,1,Kids are talking by the door,2,male,1,15,0.2076229602098465,0.449695348739624,0.04091339930891991,0.12070154398679733,0.0205394197255373,0.04178234562277794,0.08609834313392639,0.03264663740992546,calm
850,850,02-02-02-01-15.wav,48000,16000,3.937270833333333,2.7705625,calm,1,2,strong,2,Dogs are sitting by the door,1,male,1,15,0.22930242121219635,0.39449524879455566,0.03529591113328934,0.14821404218673706,0.02072945423424244,0.032844312489032745,0.09473644942045212,0.04438210278749466,calm
851,851,02-02-02-02-15.wav,48000,16000,3.603583333333333,2.6376875,calm,1,2,strong,2,Dogs are sitting by the door,2,male,1,15,0.11954959481954575,0.45742544531822205,0.04664493352174759,0.12804272770881653,0.05624576285481453,0.04718250408768654,0.0997394323348999,0.045169588178396225,calm
852,852,03-01-01-01-15.wav,48000,16000,3.403395833333333,1.6674375,happy,2,1,normal,1,Kids are talking by the door,1,male,1,15,0.20682154595851898,0.09403856843709946,0.2423425018787384,0.10930833965539932,0.04773019999265671,0.05542634427547455,0.133019357919693,0.11131313443183899,happy
853,853,03-01-01-02-15.wav,48000,16000,3.3366666666666664,2.1438125,happy,2,1,normal,1,Kids are talking by the door,2,male,1,15,0.15769514441490173,0.12746664881706238,0.1622065305709839,0.17856594920158386,0.06632950901985168,0.08167745918035507,0.1046249270439148,0.1214338168501854,sad
854,854,03-01-02-01-15.wav,48000,16000,3.3366666666666664,1.681,happy,2,1,normal,2,Dogs are sitting by the door,1,male,1,15,0.2417486310005188,0.05067131668329239,0.19947750866413116,0.11211936175823212,0.044625066220760345,0.04991105571389198,0.16564586758613586,0.13580119609832764,neutral
855,855,03-01-02-02-15.wav,48000,16000,3.4367708333333336,1.9051875,happy,2,1,normal,2,Dogs are sitting by the door,2,male,1,15,0.1488974541425705,0.07033690810203552,0.22851581871509552,0.12662889063358307,0.0666574016213417,0.0795706957578659,0.1585932821035385,0.12079957872629166,happy
856,856,03-02-01-01-15.wav,48000,16000,3.5702291666666666,2.85375,happy,2,2,strong,1,Kids are talking by the door,1,male,1,15,0.11176913976669312,0.04955550655722618,0.1568347066640854,0.1571735292673111,0.15368257462978363,0.1266426295042038,0.11116258800029755,0.13317932188510895,sad
857,857,03-02-01-02-15.wav,48000,16000,3.470125,2.0083125,happy,2,2,strong,1,Kids are talking by the door,2,male,1,15,0.14241023361682892,0.07704387605190277,0.2523183822631836,0.0953986793756485,0.11784569919109344,0.06234557181596756,0.13353732228279114,0.11910021305084229,happy
858,858,03-02-02-01-15.wav,48000,16000,3.8037916666666662,2.547625,happy,2,2,strong,2,Dogs are sitting by the door,1,male,1,15,0.10620267689228058,0.05573030561208725,0.23697397112846375,0.10322607308626175,0.11071964353322983,0.07377364486455917,0.15706920623779297,0.1563044786453247,happy
859,859,03-02-02-02-15.wav,48000,16000,3.370041666666667,1.8888125,happy,2,2,strong,2,Dogs are sitting by the door,2,male,1,15,0.13880236446857452,0.05085580050945282,0.21841961145401,0.09072956442832947,0.11413398385047913,0.08629534393548965,0.1571657955646515,0.14359751343727112,happy
860,860,04-01-01-01-15.wav,48000,16000,3.5035,2.028375,sad,3,1,normal,1,Kids are talking by the door,1,male,1,15,0.20195817947387695,0.12509967386722565,0.11514033377170563,0.20190557837486267,0.06404531002044678,0.06041712686419487,0.10042621195316315,0.131007581949234,neutral
861,861,04-01-01-02-15.wav,48000,16000,3.3032916666666665,2.1795625,sad,3,1,normal,1,Kids are talking by the door,2,male,1,15,0.26427945494651794,0.1360810101032257,0.0944327786564827,0.20752675831317902,0.04941980540752411,0.08660414814949036,0.07659135013818741,0.08506473898887634,neutral
862,862,04-01-02-01-15.wav,48000,16000,3.3033125,1.5854375,sad,3,1,normal,2,Dogs are sitting by the door,1,male,1,15,0.23255768418312073,0.102152518928051,0.12375223636627197,0.19626770913600922,0.05206834524869919,0.07779952138662338,0.11451215296983719,0.10088982433080673,neutral
863,863,04-01-02-02-15.wav,48000,16000,3.370020833333333,2.4145625,sad,3,1,normal,2,Dogs are sitting by the door,2,male,1,15,0.11129346489906311,0.08000661432743073,0.10787045210599899,0.20702014863491058,0.09706073254346848,0.08829446882009506,0.17017817497253418,0.13827593624591827,sad
864,864,04-02-01-01-15.wav,48000,16000,3.2699166666666666,2.2044375,sad,3,2,strong,1,Kids are talking by the door,1,male,1,15,0.2177528291940689,0.15498650074005127,0.0911511704325676,0.2179357409477234,0.06429500877857208,0.09816508740186691,0.08511056005954742,0.07060312479734421,sad
865,865,04-02-01-02-15.wav,48000,16000,3.403395833333333,2.2244375,sad,3,2,strong,1,Kids are talking by the door,2,male,1,15,0.13113564252853394,0.09919745475053787,0.11984997242689133,0.23760928213596344,0.06562770158052444,0.1302698701620102,0.1077013909816742,0.10860876739025116,sad
866,866,04-02-02-01-15.wav,48000,16000,3.536875,1.83125,sad,3,2,strong,2,Dogs are sitting by the door,1,male,1,15,0.15228384733200073,0.08645647764205933,0.13050618767738342,0.2044781595468521,0.08147542923688889,0.09570518136024475,0.15105575323104858,0.09803897887468338,sad
867,867,04-02-02-02-15.wav,48000,16000,3.4367708333333336,2.5805625,sad,3,2,strong,2,Dogs are sitting by the door,2,male,1,15,0.11300501227378845,0.1436174064874649,0.1066294014453888,0.22127874195575714,0.05504794046282768,0.16068433225154877,0.1016436517238617,0.09809353202581406,sad
868,868,05-01-01-01-15.wav,48000,16000,3.636979166666667,2.0436875,angry,4,1,normal,1,Kids are talking by the door,1,male,1,15,0.14225736260414124,0.04081319272518158,0.11863056570291519,0.10526329278945923,0.18463586270809174,0.059895556420087814,0.210100457072258,0.13840371370315552,disgust
869,869,05-01-01-02-15.wav,48000,16000,3.6036041666666665,2.0125625,angry,4,1,normal,1,Kids are talking by the door,2,male,1,15,0.08394907414913177,0.018131544813513756,0.1134270429611206,0.0733727440237999,0.28937670588493347,0.11585954576730728,0.17567841708660126,0.13020490109920502,angry
870,870,05-01-02-01-15.wav,48000,16000,3.703708333333333,2.62525,angry,4,1,normal,2,Dogs are sitting by the door,1,male,1,15,0.10401507467031479,0.08322545886039734,0.0970020592212677,0.13300418853759766,0.15412792563438416,0.1044708862900734,0.21125656366348267,0.11289786547422409,disgust
871,871,05-01-02-02-15.wav,48000,16000,3.536875,1.731625,angry,4,1,normal,2,Dogs are sitting by the door,2,male,1,15,0.03598390892148018,0.016247007995843887,0.13018864393234253,0.08178959786891937,0.3272937536239624,0.1129559576511383,0.16852402687072754,0.1270170956850052,angry
872,872,05-02-01-01-15.wav,48000,16000,3.536875,1.871125,angry,4,2,strong,1,Kids are talking by the door,1,male,1,15,0.010540955699980259,0.004680959042161703,0.08549308776855469,0.05895203351974487,0.504530668258667,0.11704512685537338,0.15069586038589478,0.06806134432554245,angry
873,873,05-02-01-02-15.wav,48000,16000,3.7370833333333335,2.2324375,angry,4,2,strong,1,Kids are talking by the door,2,male,1,15,0.07613524794578552,0.01708812080323696,0.10075961798429489,0.061910130083560944,0.3300056755542755,0.11756639182567596,0.19467009603977203,0.10186464339494705,angry
874,874,05-02-02-01-15.wav,48000,16000,3.470145833333333,2.6783125,angry,4,2,strong,2,Dogs are sitting by the door,1,male,1,15,0.03390350192785263,0.043931566178798676,0.12665194272994995,0.12421746551990509,0.2337949126958847,0.16420462727546692,0.14974252879619598,0.12355340272188187,angry
875,875,05-02-02-02-15.wav,48000,16000,3.6036041666666665,2.1781875,angry,4,2,strong,2,Dogs are sitting by the door,2,male,1,15,0.01688147522509098,0.03224018216133118,0.1090802550315857,0.04707168787717819,0.46114349365234375,0.12651780247688293,0.11587255448102951,0.0911925882101059,angry
876,876,06-01-01-01-15.wav,48000,16000,3.3032916666666665,2.409375,fearful,5,1,normal,1,Kids are talking by the door,1,male,1,15,0.1327276974916458,0.1158701553940773,0.0640806332230568,0.24791355431079865,0.06181681156158447,0.19145117700099945,0.09843482822179794,0.08770518749952316,sad
877,877,06-01-01-02-15.wav,48000,16000,3.3033125,2.428875,fearful,5,1,normal,1,Kids are talking by the door,2,male,1,15,0.07331735640764236,0.13154082000255585,0.08809124678373337,0.14348635077476501,0.0867825374007225,0.21823205053806305,0.1517687886953354,0.10678087919950485,fearful
878,878,06-01-02-01-15.wav,48000,16000,3.2699375,2.32175,fearful,5,1,normal,2,Dogs are sitting by the door,1,male,1,15,0.11067237704992294,0.09251438826322556,0.06984103471040726,0.18436266481876373,0.06003931164741516,0.2497624158859253,0.12509973347187042,0.10770808160305023,fearful
879,879,06-01-02-02-15.wav,48000,16000,3.3032916666666665,2.888625,fearful,5,1,normal,2,Dogs are sitting by the door,2,male,1,15,0.0864928737282753,0.09381778538227081,0.08163201063871384,0.14542889595031738,0.15562964975833893,0.19940577447414398,0.12317261844873428,0.11442040652036667,fearful
880,880,06-02-01-01-15.wav,48000,16000,3.3366666666666664,2.3885,fearful,5,2,strong,1,Kids are talking by the door,1,male,1,15,0.06463567167520523,0.032356906682252884,0.12499934434890747,0.07023286074399948,0.2029958963394165,0.24199967086315155,0.1176987737417221,0.14508086442947388,fearful
881,881,06-02-01-02-15.wav,48000,16000,3.470145833333333,2.720875,fearful,5,2,strong,1,Kids are talking by the door,2,male,1,15,0.03665876388549805,0.0167086198925972,0.12469655275344849,0.07268837094306946,0.21307088434696198,0.25580623745918274,0.1161779910326004,0.1641925424337387,fearful
882,882,06-02-02-01-15.wav,48000,16000,3.370020833333333,3.11775,fearful,5,2,strong,2,Dogs are sitting by the door,1,male,1,15,0.06504794955253601,0.04419033229351044,0.10197221487760544,0.14390568435192108,0.11012902110815048,0.2726929485797882,0.10942266136407852,0.1526392251253128,fearful
883,883,06-02-02-02-15.wav,48000,16000,3.5035,2.2441875,fearful,5,2,strong,2,Dogs are sitting by the door,2,male,1,15,0.06594481319189072,0.05693473666906357,0.1138778030872345,0.06743782013654709,0.27008432149887085,0.20499344170093536,0.09012386947870255,0.13060320913791656,angry
884,884,07-01-01-01-15.wav,48000,16000,3.7370625,2.8271875,disgust,6,1,normal,1,Kids are talking by the door,1,male,1,15,0.11406520754098892,0.1741083413362503,0.0769960954785347,0.17360344529151917,0.07696197926998138,0.11242698132991791,0.1769554764032364,0.09488245099782944,disgust
885,885,07-01-01-02-15.wav,48000,16000,3.636958333333333,2.5553125,disgust,6,1,normal,1,Kids are talking by the door,2,male,1,15,0.17006860673427582,0.14784204959869385,0.0748407319188118,0.1372765749692917,0.07506091892719269,0.08174609392881393,0.23489855229854584,0.07826649397611618,disgust
886,886,07-01-02-01-15.wav,48000,16000,3.670333333333333,2.6440625,disgust,6,1,normal,2,Dogs are sitting by the door,1,male,1,15,0.09730906784534454,0.07285530865192413,0.08558142930269241,0.17127874493598938,0.18582865595817566,0.05832349881529808,0.25421860814094543,0.07460470497608185,disgust
887,887,07-01-02-02-15.wav,48000,16000,4.070729166666666,2.6625,disgust,6,1,normal,2,Dogs are sitting by the door,2,male,1,15,0.13309524953365326,0.1096273735165596,0.07058675587177277,0.17658360302448273,0.0715969055891037,0.08888828009366989,0.25336310267448425,0.09625868499279022,disgust
888,888,07-02-01-01-15.wav,48000,16000,3.7036875,2.589875,disgust,6,2,strong,1,Kids are talking by the door,1,male,1,15,0.09309610724449158,0.09399039298295975,0.11790145933628082,0.1220109760761261,0.10792061686515808,0.12612183392047882,0.18694669008255005,0.1520119160413742,disgust
889,889,07-02-01-02-15.wav,48000,16000,3.370041666666667,3.142625,disgust,6,2,strong,1,Kids are talking by the door,2,male,1,15,0.055779531598091125,0.11932651698589325,0.08359956741333008,0.14682641625404358,0.1755293607711792,0.0935666486620903,0.22953668236732483,0.09583523124456406,disgust
890,890,07-02-02-01-15.wav,48000,16000,3.3033125,2.6276875,disgust,6,2,strong,2,Dogs are sitting by the door,1,male,1,15,0.0754518061876297,0.05244790017604828,0.09441410005092621,0.22104045748710632,0.06085801497101784,0.15085835754871368,0.20976386964321136,0.1351655274629593,sad
891,891,07-02-02-02-15.wav,48000,16000,3.470145833333333,2.434,disgust,6,2,strong,2,Dogs are sitting by the door,2,male,1,15,0.057062406092882156,0.07130836695432663,0.12656010687351227,0.1148592010140419,0.11952617764472961,0.14421360194683075,0.24809245765209198,0.11837772279977798,disgust
892,892,08-01-01-01-15.wav,48000,16000,3.636979166666667,2.9341875,surprised,7,1,normal,1,Kids are talking by the door,1,male,1,15,0.1322317123413086,0.14965982735157013,0.13743044435977936,0.1973515897989273,0.0527576208114624,0.09151970595121384,0.1292586773633957,0.1097903922200203,sad
893,893,08-01-01-02-15.wav,48000,16000,3.4367708333333336,2.0881875,surprised,7,1,normal,1,Kids are talking by the door,2,male,1,15,0.2108106166124344,0.0369110181927681,0.15040390193462372,0.12908773124217987,0.097557932138443,0.06716593354940414,0.13913622498512268,0.1689266413450241,neutral
894,894,08-01-02-01-15.wav,48000,16000,3.703708333333333,1.8905625,surprised,7,1,normal,2,Dogs are sitting by the door,1,male,1,15,0.18723206222057343,0.1105625331401825,0.1319316178560257,0.16779132187366486,0.06699565052986145,0.04485243931412697,0.17756086587905884,0.11307353526353836,neutral
895,895,08-01-02-02-15.wav,48000,16000,3.370041666666667,1.831875,surprised,7,1,normal,2,Dogs are sitting by the door,2,male,1,15,0.162167489528656,0.1150798499584198,0.0825762078166008,0.26043903827667236,0.05080870911478996,0.07644741982221603,0.12216334789991379,0.13031786680221558,sad
896,896,08-02-01-01-15.wav,48000,16000,3.370020833333333,1.96125,surprised,7,2,strong,1,Kids are talking by the door,1,male,1,15,0.07784607261419296,0.04294280707836151,0.12109727412462234,0.08493944257497787,0.18531952798366547,0.10153000801801682,0.19709855318069458,0.18922635912895203,disgust
897,897,08-02-01-02-15.wav,48000,16000,3.3032916666666665,2.0418125,surprised,7,2,strong,1,Kids are talking by the door,2,male,1,15,0.10771650075912476,0.10083137452602386,0.1672201007604599,0.11805079132318497,0.08754157274961472,0.12334631383419037,0.13416160643100739,0.16113175451755524,happy
898,898,08-02-02-01-15.wav,48000,16000,3.203208333333333,2.0598125,surprised,7,2,strong,2,Dogs are sitting by the door,1,male,1,15,0.18615713715553284,0.05961470678448677,0.12579035758972168,0.12786626815795898,0.07817213237285614,0.09117069095373154,0.14200115203857422,0.18922749161720276,surprised
899,899,08-02-02-02-15.wav,48000,16000,3.3366666666666664,2.2795625,surprised,7,2,strong,2,Dogs are sitting by the door,2,male,1,15,0.16681502759456635,0.10058937221765518,0.12830914556980133,0.16922587156295776,0.0686555802822113,0.07623475790023804,0.14369048178195953,0.1464797407388687,sad
900,900,01-01-01-01-16.wav,48000,16000,3.7370625,2.006875,neutral,0,1,normal,1,Kids are talking by the door,1,female,0,16,0.417306512594223,0.21420356631278992,0.0258672833442688,0.15151537954807281,0.01894514076411724,0.02698228694498539,0.09866033494472504,0.04651946946978569,neutral
901,901,01-01-01-02-16.wav,48000,16000,3.7370833333333335,1.9286875,neutral,0,1,normal,1,Kids are talking by the door,2,female,0,16,0.41539862751960754,0.2032948136329651,0.03857553377747536,0.1470334529876709,0.024418940767645836,0.03663134202361107,0.09159114956855774,0.043056122958660126,neutral
902,902,01-01-02-01-16.wav,48000,16000,3.6036041666666665,2.0409375,neutral,0,1,normal,2,Dogs are sitting by the door,1,female,0,16,0.3346339762210846,0.22055569291114807,0.07549328356981277,0.16151608526706696,0.018682811409235,0.030612925067543983,0.09699160605669022,0.061513643711805344,neutral
903,903,01-01-02-02-16.wav,48000,16000,3.5702291666666666,1.96275,neutral,0,1,normal,2,Dogs are sitting by the door,2,female,0,16,0.3609071969985962,0.26567190885543823,0.0346466526389122,0.14775916934013367,0.023950353264808655,0.028319591656327248,0.08558658510446548,0.05315859615802765,neutral
904,904,02-01-01-01-16.wav,48000,16000,3.7036875,1.8594375,calm,1,1,normal,1,Kids are talking by the door,1,female,0,16,0.16922098398208618,0.3732856512069702,0.0789133608341217,0.17197906970977783,0.050927504897117615,0.03488166630268097,0.08978073298931122,0.03101104497909546,calm
905,905,02-01-01-02-16.wav,48000,16000,3.870520833333333,2.18725,calm,1,1,normal,1,Kids are talking by the door,2,female,0,16,0.30781877040863037,0.36440080404281616,0.02144572325050831,0.1295294314622879,0.021752916276454926,0.021578868851065636,0.10867223143577576,0.024801179766654968,calm
906,906,02-01-02-01-16.wav,48000,16000,3.8037916666666662,2.0084375,calm,1,1,normal,2,Dogs are sitting by the door,1,female,0,16,0.2010539472103119,0.4475339353084564,0.028557121753692627,0.15124449133872986,0.009609765373170376,0.02802281454205513,0.11201362311840057,0.021964311599731445,calm
907,907,02-01-02-02-16.wav,48000,16000,3.670333333333333,2.0190625,calm,1,1,normal,2,Dogs are sitting by the door,2,female,0,16,0.25533467531204224,0.3268161416053772,0.05390096828341484,0.14676716923713684,0.02837342396378517,0.02760717272758484,0.12180890142917633,0.03939155489206314,calm
908,908,02-02-01-01-16.wav,48000,16000,3.870520833333333,2.1753125,calm,1,2,strong,1,Kids are talking by the door,1,female,0,16,0.22037220001220703,0.4004017412662506,0.027166852727532387,0.13770562410354614,0.023646147921681404,0.04348335415124893,0.11555687338113785,0.031667206436395645,calm
909,909,02-02-01-02-16.wav,48000,16000,3.937270833333333,2.176125,calm,1,2,strong,1,Kids are talking by the door,2,female,0,16,0.22717435657978058,0.33194947242736816,0.07443715631961823,0.18020381033420563,0.017453979700803757,0.044887132942676544,0.08601099997758865,0.03788306191563606,calm
910,910,02-02-02-01-16.wav,48000,16000,3.8038125,1.9913125,calm,1,2,strong,2,Dogs are sitting by the door,1,female,0,16,0.16985085606575012,0.5237895250320435,0.017034489661455154,0.15686258673667908,0.009921693243086338,0.025117022916674614,0.07365956902503967,0.023764336481690407,calm
911,911,02-02-02-02-16.wav,48000,16000,3.8037916666666662,2.0066875,calm,1,2,strong,2,Dogs are sitting by the door,2,female,0,16,0.19837546348571777,0.4204280972480774,0.05140893906354904,0.14676490426063538,0.015857934951782227,0.020762864500284195,0.11935660988092422,0.027045205235481262,calm
912,912,03-01-01-01-16.wav,48000,16000,3.703708333333333,2.023125,happy,2,1,normal,1,Kids are talking by the door,1,female,0,16,0.16413608193397522,0.09606799483299255,0.2213476598262787,0.13816671073436737,0.05383507162332535,0.05459193140268326,0.1562964916229248,0.11555802822113037,happy
913,913,03-01-01-02-16.wav,48000,16000,3.670333333333333,2.0805625,happy,2,1,normal,1,Kids are talking by the door,2,female,0,16,0.11921646445989609,0.09918723255395889,0.16866889595985413,0.11129726469516754,0.07353010773658752,0.09674878418445587,0.15819533169269562,0.17315591871738434,surprised
914,914,03-01-02-01-16.wav,48000,16000,3.7370625,1.915125,happy,2,1,normal,2,Dogs are sitting by the door,1,female,0,16,0.14805592596530914,0.16693736612796783,0.1336572766304016,0.16330082714557648,0.05199844762682915,0.04910118505358696,0.17709346115589142,0.10985550284385681,disgust
915,915,03-01-02-02-16.wav,48000,16000,3.670333333333333,2.02475,happy,2,1,normal,2,Dogs are sitting by the door,2,female,0,16,0.17587122321128845,0.11232398450374603,0.1868593394756317,0.14828179776668549,0.0539555624127388,0.054088789969682693,0.16222360730171204,0.10639574378728867,happy
916,916,03-02-01-01-16.wav,48000,16000,3.7704375,2.0759375,happy,2,2,strong,1,Kids are talking by the door,1,female,0,16,0.06595207750797272,0.09426216781139374,0.21148280799388885,0.08696751296520233,0.1325409859418869,0.10425128042697906,0.12446117401123047,0.18008200824260712,happy
917,917,03-02-01-02-16.wav,48000,16000,3.5702291666666666,2.4110625,happy,2,2,strong,1,Kids are talking by the door,2,female,0,16,0.09827481955289841,0.023155875504016876,0.27291950583457947,0.07558105885982513,0.12274845689535141,0.13390937447547913,0.09292677789926529,0.18048419058322906,happy
918,918,03-02-02-01-16.wav,48000,16000,3.7704166666666663,2.0953125,happy,2,2,strong,2,Dogs are sitting by the door,1,female,0,16,0.04169803112745285,0.08824701607227325,0.17596611380577087,0.11754771322011948,0.16010499000549316,0.1018240675330162,0.15177181363105774,0.16284024715423584,happy
919,919,03-02-02-02-16.wav,48000,16000,3.8038125,2.127,happy,2,2,strong,2,Dogs are sitting by the door,2,female,0,16,0.13769634068012238,0.0678788423538208,0.20786650478839874,0.11146657913923264,0.11758632957935333,0.06898318231105804,0.15815770626068115,0.13036449253559113,happy
920,920,04-01-01-01-16.wav,48000,16000,3.5702291666666666,1.7691875,sad,3,1,normal,1,Kids are talking by the door,1,female,0,16,0.1477210819721222,0.20706826448440552,0.04006509855389595,0.3096036911010742,0.013276863843202591,0.07050279527902603,0.1459193229675293,0.0658428966999054,sad
921,921,04-01-01-02-16.wav,48000,16000,3.636958333333333,1.9320625,sad,3,1,normal,1,Kids are talking by the door,2,female,0,16,0.19874052703380585,0.17634393274784088,0.05563534423708916,0.3227338194847107,0.02247925102710724,0.04047715291380882,0.12627474963665009,0.05731518566608429,sad
922,922,04-01-02-01-16.wav,48000,16000,3.4034166666666668,1.609,sad,3,1,normal,2,Dogs are sitting by the door,1,female,0,16,0.21466472744941711,0.24076221883296967,0.04855066537857056,0.2358599752187729,0.016430608928203583,0.041069336235523224,0.12766951322555542,0.07499297708272934,calm
923,923,04-01-02-02-16.wav,48000,16000,3.5035,1.7319375,sad,3,1,normal,2,Dogs are sitting by the door,2,female,0,16,0.20894619822502136,0.29253125190734863,0.04152579978108406,0.2486683875322342,0.011298521421849728,0.03515764698386192,0.1172577440738678,0.04461447522044182,calm
924,924,04-02-01-01-16.wav,48000,16000,3.7370625,2.549625,sad,3,2,strong,1,Kids are talking by the door,1,female,0,16,0.12736496329307556,0.1662905365228653,0.07228818535804749,0.304172158241272,0.03196994960308075,0.11934443563222885,0.12520655989646912,0.05336315184831619,sad
925,925,04-02-01-02-16.wav,48000,16000,3.8038125,2.335625,sad,3,2,strong,1,Kids are talking by the door,2,female,0,16,0.12646442651748657,0.1314457803964615,0.06385495513677597,0.33279743790626526,0.041129689663648605,0.09730012714862823,0.13155458867549896,0.07545299828052521,sad
926,926,04-02-02-01-16.wav,48000,16000,3.8705416666666665,2.4246875,sad,3,2,strong,2,Dogs are sitting by the door,1,female,0,16,0.11987250298261642,0.2590751647949219,0.07349938899278641,0.24044401943683624,0.03048979677259922,0.06420350819826126,0.14215242862701416,0.07026321440935135,calm
927,927,04-02-02-02-16.wav,48000,16000,3.7370625,2.5245,sad,3,2,strong,2,Dogs are sitting by the door,2,female,0,16,0.11338432133197784,0.1950395256280899,0.05243397131562233,0.2465929239988327,0.02947372756898403,0.1194051206111908,0.15018662810325623,0.09348375350236893,sad
928,928,05-01-01-01-16.wav,48000,16000,3.970645833333333,2.1505,angry,4,1,normal,1,Kids are talking by the door,1,female,0,16,0.05648664012551308,0.06204090267419815,0.08498135209083557,0.07473963499069214,0.23727133870124817,0.10120424628257751,0.23031659424304962,0.15295925736427307,angry
929,929,05-01-01-02-16.wav,48000,16000,4.004,2.310625,angry,4,1,normal,1,Kids are talking by the door,2,female,0,16,0.050799861550331116,0.03604816272854805,0.09901073575019836,0.09647784382104874,0.2527494430541992,0.09780125319957733,0.23665007948875427,0.130462646484375,angry
930,930,05-01-02-01-16.wav,48000,16000,3.903895833333333,2.21325,angry,4,1,normal,2,Dogs are sitting by the door,1,female,0,16,0.06511472910642624,0.04151209816336632,0.0782441794872284,0.12717010080814362,0.1966736912727356,0.08670705556869507,0.2716750502586365,0.13290315866470337,disgust
931,931,05-01-02-02-16.wav,48000,16000,3.903895833333333,2.5074375,angry,4,1,normal,2,Dogs are sitting by the door,2,female,0,16,0.04604606702923775,0.03878626972436905,0.09175971895456314,0.08989346772432327,0.29167765378952026,0.12324376404285431,0.18475133180618286,0.13384176790714264,angry
932,932,05-02-01-01-16.wav,48000,16000,3.970645833333333,2.4460625,angry,4,2,strong,1,Kids are talking by the door,1,female,0,16,0.046204548329114914,0.025428077206015587,0.09254833310842514,0.07131844013929367,0.38300821185112,0.08569130301475525,0.1864863783121109,0.10931473970413208,angry
933,933,05-02-01-02-16.wav,48000,16000,3.7370625,2.273125,angry,4,2,strong,1,Kids are talking by the door,2,female,0,16,0.0199735164642334,0.017053233459591866,0.13342759013175964,0.09444893151521683,0.31631386280059814,0.1207057535648346,0.12633968889713287,0.1717374175786972,angry
934,934,05-02-02-01-16.wav,48000,16000,3.8037916666666662,2.0665,angry,4,2,strong,2,Dogs are sitting by the door,1,female,0,16,0.03415640443563461,0.007671194616705179,0.10198184102773666,0.040683142840862274,0.5419327020645142,0.08751921355724335,0.11710599809885025,0.06894941627979279,angry
935,935,05-02-02-02-16.wav,48000,16000,4.07075,2.683,angry,4,2,strong,2,Dogs are sitting by the door,2,female,0,16,0.02654189243912697,0.03298667445778847,0.1047191470861435,0.07835297286510468,0.3370340168476105,0.10405255854129791,0.1989414095878601,0.11737131327390671,angry
936,936,06-01-01-01-16.wav,48000,16000,3.7036875,2.153375,fearful,5,1,normal,1,Kids are talking by the door,1,female,0,16,0.05708897113800049,0.09552288055419922,0.07530346512794495,0.21312016248703003,0.06203814968466759,0.20760440826416016,0.1341121941804886,0.15520983934402466,sad
937,937,06-01-01-02-16.wav,48000,16000,3.5035,1.9079375,fearful,5,1,normal,1,Kids are talking by the door,2,female,0,16,0.09408439695835114,0.12407058477401733,0.041026413440704346,0.239887535572052,0.03662722185254097,0.18803775310516357,0.17030154168605804,0.1059645339846611,sad
938,938,06-01-02-01-16.wav,48000,16000,3.636958333333333,2.21575,fearful,5,1,normal,2,Dogs are sitting by the door,1,female,0,16,0.12114370614290237,0.16037322580814362,0.03438815474510193,0.16276617348194122,0.04286846145987511,0.21143509447574615,0.17037302255630493,0.09665212780237198,fearful
939,939,06-01-02-02-16.wav,48000,16000,3.5702291666666666,2.13275,fearful,5,1,normal,2,Dogs are sitting by the door,2,female,0,16,0.06416741758584976,0.057772547006607056,0.05732351168990135,0.17252632975578308,0.03667289763689041,0.35374340415000916,0.12695686519145966,0.13083703815937042,fearful
940,940,06-02-01-01-16.wav,48000,16000,3.7370625,2.844375,fearful,5,2,strong,1,Kids are talking by the door,1,female,0,16,0.020454315468668938,0.02091524936258793,0.12469511479139328,0.12481570988893509,0.12729589641094208,0.38576075434684753,0.06194576248526573,0.13411717116832733,fearful
941,941,06-02-01-02-16.wav,48000,16000,3.7370625,3.030125,fearful,5,2,strong,1,Kids are talking by the door,2,female,0,16,0.017255323007702827,0.011370225809514523,0.1904488205909729,0.15797442197799683,0.08223358541727066,0.34433090686798096,0.05909571424126625,0.13729096949100494,fearful
942,942,06-02-02-01-16.wav,48000,16000,3.536854166666666,2.685625,fearful,5,2,strong,2,Dogs are sitting by the door,1,female,0,16,0.00522361695766449,0.004040890838950872,0.13154074549674988,0.1440635770559311,0.1313980221748352,0.4220038950443268,0.060453519225120544,0.10127568989992142,fearful
943,943,06-02-02-02-16.wav,48000,16000,3.5035,2.7488125,fearful,5,2,strong,2,Dogs are sitting by the door,2,female,0,16,0.012087458744645119,0.014616714790463448,0.11703123152256012,0.11244300752878189,0.11578938364982605,0.4313953220844269,0.06028742343187332,0.13634942471981049,fearful
944,944,07-01-01-01-16.wav,48000,16000,3.7704375,2.33675,disgust,6,1,normal,1,Kids are talking by the door,1,female,0,16,0.1144714429974556,0.1954156458377838,0.050436656922101974,0.16551473736763,0.04625304415822029,0.09613476693630219,0.23929472267627716,0.09247899800539017,disgust
945,945,07-01-01-02-16.wav,48000,16000,3.7370625,2.2491875,disgust,6,1,normal,1,Kids are talking by the door,2,female,0,16,0.09379580616950989,0.09757731109857559,0.04398340359330177,0.16582469642162323,0.06791502982378006,0.09007588028907776,0.3181109130382538,0.12271697074174881,disgust
946,946,07-01-02-01-16.wav,48000,16000,3.470125,1.7639375,disgust,6,1,normal,2,Dogs are sitting by the door,1,female,0,16,0.14049649238586426,0.16440239548683167,0.03802262991666794,0.13726171851158142,0.031563568860292435,0.05894157290458679,0.33619004487991333,0.09312156587839127,disgust
947,947,07-01-02-02-16.wav,48000,16000,3.5702291666666666,2.0475,disgust,6,1,normal,2,Dogs are sitting by the door,2,female,0,16,0.10974808782339096,0.10574127733707428,0.06243721768260002,0.13391903042793274,0.055594783276319504,0.07029955089092255,0.3572717308998108,0.10498833656311035,disgust
948,948,07-02-01-01-16.wav,48000,16000,4.2709166666666665,2.5623125,disgust,6,2,strong,1,Kids are talking by the door,1,female,0,16,0.12171126157045364,0.137899249792099,0.036451611667871475,0.15584726631641388,0.06541014462709427,0.06131318584084511,0.35470831394195557,0.06665892899036407,disgust
949,949,07-02-01-02-16.wav,48000,16000,4.237583333333333,2.9303125,disgust,6,2,strong,1,Kids are talking by the door,2,female,0,16,0.10351528972387314,0.0970817357301712,0.08403320610523224,0.1551731377840042,0.0999402105808258,0.09045186638832092,0.25543859601020813,0.11436595022678375,disgust
950,950,07-02-02-01-16.wav,48000,16000,4.137458333333333,2.846875,disgust,6,2,strong,2,Dogs are sitting by the door,1,female,0,16,0.10135451704263687,0.17756061255931854,0.0672532469034195,0.18415097892284393,0.07939016819000244,0.06278632581233978,0.24388201534748077,0.08362214267253876,disgust
951,951,07-02-02-02-16.wav,48000,16000,4.137479166666667,2.2833125,disgust,6,2,strong,2,Dogs are sitting by the door,2,female,0,16,0.07906698435544968,0.0845961719751358,0.047547291964292526,0.1507171243429184,0.070121169090271,0.09104765206575394,0.37393131852149963,0.10297226905822754,disgust
952,952,08-01-01-01-16.wav,48000,16000,3.536875,1.7809375,surprised,7,1,normal,1,Kids are talking by the door,1,female,0,16,0.12660811841487885,0.1187334880232811,0.08240286260843277,0.12553909420967102,0.045952361077070236,0.09905992448329926,0.16778282821178436,0.23392128944396973,surprised
953,953,08-01-01-02-16.wav,48000,16000,3.43675,1.8183125,surprised,7,1,normal,1,Kids are talking by the door,2,female,0,16,0.14484694600105286,0.06194306164979935,0.08748623728752136,0.10941280424594879,0.06565259397029877,0.10457634180784225,0.1777612566947937,0.2483207881450653,surprised
954,954,08-01-02-01-16.wav,48000,16000,3.5035,1.688375,surprised,7,1,normal,2,Dogs are sitting by the door,1,female,0,16,0.11306808888912201,0.0794534683227539,0.10235275328159332,0.13878296315670013,0.05074332654476166,0.09719184041023254,0.20846323668956757,0.20994430780410767,surprised
955,955,08-01-02-02-16.wav,48000,16000,3.4367708333333336,1.59,surprised,7,1,normal,2,Dogs are sitting by the door,2,female,0,16,0.08160603791475296,0.013737349770963192,0.10053268820047379,0.06359445303678513,0.06915245950222015,0.12181447446346283,0.20757201313972473,0.34199053049087524,surprised
956,956,08-02-01-01-16.wav,48000,16000,3.536875,1.7405,surprised,7,2,strong,1,Kids are talking by the door,1,female,0,16,0.07874681055545807,0.06769748777151108,0.0987115129828453,0.13852062821388245,0.06873617321252823,0.10411083698272705,0.19389522075653076,0.24958139657974243,surprised
957,957,08-02-01-02-16.wav,48000,16000,3.536854166666666,1.8125625,surprised,7,2,strong,1,Kids are talking by the door,2,female,0,16,0.04712662473320961,0.019516877830028534,0.10007885098457336,0.08659257739782333,0.1102633848786354,0.11890275031328201,0.2023109495639801,0.3152080178260803,surprised
958,958,08-02-02-01-16.wav,48000,16000,3.57025,2.3596875,surprised,7,2,strong,2,Dogs are sitting by the door,1,female,0,16,0.0686013475060463,0.058987926691770554,0.13124658167362213,0.12892982363700867,0.07992745190858841,0.16047754883766174,0.13244546949863434,0.23938386142253876,surprised
959,959,08-02-02-02-16.wav,48000,16000,3.5702291666666666,1.843,surprised,7,2,strong,2,Dogs are sitting by the door,2,female,0,16,0.10442730784416199,0.04947759583592415,0.13360217213630676,0.1258264034986496,0.06062772497534752,0.09901974350214005,0.14034542441368103,0.2866736054420471,surprised
960,960,01-01-01-01-17.wav,48000,16000,3.8371666666666666,1.988625,neutral,0,1,normal,1,Kids are talking by the door,1,male,1,17,0.3823089003562927,0.26534709334373474,0.030826358124613762,0.21079951524734497,0.02103475295007229,0.03624316304922104,0.034820251166820526,0.01861993782222271,neutral
961,961,01-01-01-02-17.wav,48000,16000,3.5035,1.5859375,neutral,0,1,normal,1,Kids are talking by the door,2,male,1,17,0.4868365228176117,0.2147335261106491,0.03646684065461159,0.1350449025630951,0.016646621748805046,0.026599880307912827,0.05479920655488968,0.02887243777513504,neutral
962,962,01-01-02-01-17.wav,48000,16000,3.5035,1.670875,neutral,0,1,normal,2,Dogs are sitting by the door,1,male,1,17,0.5079643130302429,0.22502990067005157,0.028539588674902916,0.13101975619792938,0.010492345318198204,0.02126155234873295,0.03668879717588425,0.039003774523735046,neutral
963,963,01-01-02-02-17.wav,48000,16000,3.470125,1.7295,neutral,0,1,normal,2,Dogs are sitting by the door,2,male,1,17,0.5683401226997375,0.21295535564422607,0.020062962546944618,0.11173157393932343,0.023446500301361084,0.014317788183689117,0.024158908054232597,0.02498677931725979,neutral
964,964,02-01-01-01-17.wav,48000,16000,3.5035,1.7503125,calm,1,1,normal,1,Kids are talking by the door,1,male,1,17,0.3236035406589508,0.3470534384250641,0.03071543015539646,0.12440367043018341,0.031105760484933853,0.045466966927051544,0.05771432816982269,0.03993682563304901,calm
965,965,02-01-01-02-17.wav,48000,16000,3.536875,1.9149375,calm,1,1,normal,1,Kids are talking by the door,2,male,1,17,0.22757618129253387,0.4095986485481262,0.04116187244653702,0.16630415618419647,0.02864001877605915,0.04998815432190895,0.04553160071372986,0.031199323013424873,calm
966,966,02-01-02-01-17.wav,48000,16000,3.7370833333333335,1.7613125,calm,1,1,normal,2,Dogs are sitting by the door,1,male,1,17,0.23125533759593964,0.46702513098716736,0.025322094559669495,0.13546273112297058,0.00891074538230896,0.031881820410490036,0.05118909478187561,0.04895303398370743,calm
967,967,02-01-02-02-17.wav,48000,16000,3.7704375,1.8335,calm,1,1,normal,2,Dogs are sitting by the door,2,male,1,17,0.22532044351100922,0.5027329921722412,0.019010595977306366,0.14435026049613953,0.011958892457187176,0.02446765825152397,0.03332006186246872,0.03883904963731766,calm
968,968,02-02-01-01-17.wav,48000,16000,3.8705416666666665,2.3725,calm,1,2,strong,1,Kids are talking by the door,1,male,1,17,0.11947666853666306,0.4528324007987976,0.03163307532668114,0.16889116168022156,0.07579606771469116,0.07299529761075974,0.05038987100124359,0.02798542194068432,calm
969,969,02-02-01-02-17.wav,48000,16000,3.6036041666666665,1.7218125,calm,1,2,strong,1,Kids are talking by the door,2,male,1,17,0.35029006004333496,0.3947701156139374,0.019302157685160637,0.13346251845359802,0.019530275836586952,0.029343297705054283,0.03067588061094284,0.022625675424933434,calm
970,970,02-02-02-01-17.wav,48000,16000,3.8371666666666666,2.1310625,calm,1,2,strong,2,Dogs are sitting by the door,1,male,1,17,0.1368406116962433,0.5100879669189453,0.02548048086464405,0.14883172512054443,0.025071313604712486,0.06093085929751396,0.05348312854766846,0.0392739474773407,calm
971,971,02-02-02-02-17.wav,48000,16000,3.536875,1.69325,calm,1,2,strong,2,Dogs are sitting by the door,2,male,1,17,0.2169538289308548,0.4672092795372009,0.020269548520445824,0.15034781396389008,0.015818879008293152,0.03317122161388397,0.06354112178087234,0.032688260078430176,calm
972,972,03-01-01-01-17.wav,48000,16000,3.470125,1.6641875,happy,2,1,normal,1,Kids are talking by the door,1,male,1,17,0.20427459478378296,0.19418120384216309,0.09832894802093506,0.18701353669166565,0.047284215688705444,0.09431160986423492,0.10831457376480103,0.06629128009080887,neutral
973,973,03-01-01-02-17.wav,48000,16000,3.536875,2.3816875,happy,2,1,normal,1,Kids are talking by the door,2,male,1,17,0.09010246396064758,0.13120096921920776,0.14587661623954773,0.16159363090991974,0.11969709396362305,0.10864844173192978,0.09907416999340057,0.14380662143230438,sad
974,974,03-01-02-01-17.wav,48000,16000,3.470145833333333,1.8475,happy,2,1,normal,2,Dogs are sitting by the door,1,male,1,17,0.13195198774337769,0.13393205404281616,0.18796877562999725,0.16792303323745728,0.1173463687300682,0.07895566523075104,0.08432850986719131,0.09759358316659927,happy
975,975,03-01-02-02-17.wav,48000,16000,3.536854166666666,2.814125,happy,2,1,normal,2,Dogs are sitting by the door,2,male,1,17,0.1263492852449417,0.15218476951122284,0.14981408417224884,0.13803336024284363,0.09866566210985184,0.14757971465587616,0.058085065335035324,0.12928804755210876,calm
976,976,03-02-01-01-17.wav,48000,16000,3.7370625,2.3956875,happy,2,2,strong,1,Kids are talking by the door,1,male,1,17,0.048529479652643204,0.015930423513054848,0.15771958231925964,0.07918620854616165,0.09280671179294586,0.180958554148674,0.16077101230621338,0.26409807801246643,surprised
977,977,03-02-01-02-17.wav,48000,16000,4.104104166666667,3.403125,happy,2,2,strong,1,Kids are talking by the door,2,male,1,17,0.037872809916734695,0.031154632568359375,0.17627336084842682,0.07571791112422943,0.13950791954994202,0.23575866222381592,0.11934532970190048,0.18436938524246216,fearful
978,978,03-02-02-01-17.wav,48000,16000,3.7370625,2.8993125,happy,2,2,strong,2,Dogs are sitting by the door,1,male,1,17,0.05739910155534744,0.0571504570543766,0.1782730519771576,0.10488661378622055,0.08902428299188614,0.19462357461452484,0.10138165950775146,0.21726123988628387,surprised
979,979,03-02-02-02-17.wav,48000,16000,3.8037916666666662,2.673625,happy,2,2,strong,2,Dogs are sitting by the door,2,male,1,17,0.020866770297288895,0.05924654379487038,0.18536636233329773,0.16466516256332397,0.1178409680724144,0.19214105606079102,0.10479402542114258,0.15507914125919342,fearful
980,980,04-01-01-01-17.wav,48000,16000,3.670333333333333,2.0671875,sad,3,1,normal,1,Kids are talking by the door,1,male,1,17,0.2366178333759308,0.11471766233444214,0.08143644779920578,0.2626628279685974,0.07474721968173981,0.0530063733458519,0.10341717302799225,0.07339449226856232,sad
981,981,04-01-01-02-17.wav,48000,16000,3.5035,2.446875,sad,3,1,normal,1,Kids are talking by the door,2,male,1,17,0.14267659187316895,0.08293814212083817,0.09922280162572861,0.2385823279619217,0.07861234992742538,0.1340981274843216,0.11468576639890671,0.1091839075088501,sad
982,982,04-01-02-01-17.wav,48000,16000,3.5702291666666666,1.7815625,sad,3,1,normal,2,Dogs are sitting by the door,1,male,1,17,0.2982512414455414,0.24597880244255066,0.03586437925696373,0.202716663479805,0.044689010828733444,0.040407340973615646,0.07931935042142868,0.05277325212955475,neutral
983,983,04-01-02-02-17.wav,48000,16000,3.6036041666666665,2.1184375,sad,3,1,normal,2,Dogs are sitting by the door,2,male,1,17,0.14237827062606812,0.11630788445472717,0.08631613850593567,0.26003122329711914,0.08923245221376419,0.06963377445936203,0.15133792161941528,0.0847623348236084,sad
984,984,04-02-01-01-17.wav,48000,16000,3.670333333333333,2.8623125,sad,3,2,strong,1,Kids are talking by the door,1,male,1,17,0.04061539098620415,0.028676647692918777,0.10188516229391098,0.3740992546081543,0.07989126443862915,0.22736439108848572,0.07452106475830078,0.07294680178165436,sad
985,985,04-02-01-02-17.wav,48000,16000,3.703708333333333,2.48,sad,3,2,strong,1,Kids are talking by the door,2,male,1,17,0.08096154779195786,0.029678085818886757,0.09959235042333603,0.33974143862724304,0.09598273038864136,0.16821973025798798,0.09674471616744995,0.08907940238714218,sad
986,986,04-02-02-01-17.wav,48000,16000,3.6036041666666665,3.05175,sad,3,2,strong,2,Dogs are sitting by the door,1,male,1,17,0.08045868575572968,0.041970144957304,0.1045089140534401,0.36225900053977966,0.07873384654521942,0.16912151873111725,0.07880508899688721,0.08414280414581299,sad
987,987,04-02-02-02-17.wav,48000,16000,3.5702291666666666,2.8354375,sad,3,2,strong,2,Dogs are sitting by the door,2,male,1,17,0.05389085412025452,0.05427798256278038,0.13822688162326813,0.27628305554389954,0.1143927350640297,0.16452930867671967,0.09695854038000107,0.10144065320491791,sad
988,988,05-01-01-01-17.wav,48000,16000,3.470145833333333,1.8528125,angry,4,1,normal,1,Kids are talking by the door,1,male,1,17,0.13152609765529633,0.14736407995224,0.06028969958424568,0.1970318704843521,0.1357426941394806,0.09369325637817383,0.14428740739822388,0.09006492793560028,sad
989,989,05-01-01-02-17.wav,48000,16000,3.703708333333333,2.342,angry,4,1,normal,1,Kids are talking by the door,2,male,1,17,0.1701376587152481,0.15851180255413055,0.059817127883434296,0.13621096312999725,0.148016557097435,0.0986839160323143,0.15276028215885162,0.07586172968149185,neutral
990,990,05-01-02-01-17.wav,48000,16000,3.6036041666666665,2.1801875,angry,4,1,normal,2,Dogs are sitting by the door,1,male,1,17,0.06665117293596268,0.0588042214512825,0.10220068693161011,0.19418369233608246,0.2523438036441803,0.12002285569906235,0.12116627395153046,0.08462737500667572,angry
991,991,05-01-02-02-17.wav,48000,16000,3.536875,1.77475,angry,4,1,normal,2,Dogs are sitting by the door,2,male,1,17,0.14817170798778534,0.128381609916687,0.06398341804742813,0.1544817090034485,0.1872686743736267,0.08503714203834534,0.15773190557956696,0.07494381815195084,angry
992,992,05-02-01-01-17.wav,48000,16000,3.5035,2.1128125,angry,4,2,strong,1,Kids are talking by the door,1,male,1,17,0.04677511006593704,0.02534300461411476,0.12227654457092285,0.09064015001058578,0.357148677110672,0.14834216237068176,0.09931857138872147,0.11015576124191284,angry
993,993,05-02-01-02-17.wav,48000,16000,3.7370625,2.9538125,angry,4,2,strong,1,Kids are talking by the door,2,male,1,17,0.03063499554991722,0.06168676167726517,0.075409896671772,0.05437588691711426,0.5339592099189758,0.1170087531208992,0.07850652933120728,0.04841800406575203,angry
994,994,05-02-02-01-17.wav,48000,16000,3.636979166666667,2.1583125,angry,4,2,strong,2,Dogs are sitting by the door,1,male,1,17,0.07265382260084152,0.04404570534825325,0.08789476007223129,0.11496303975582123,0.38938021659851074,0.12825435400009155,0.09232073277235031,0.07048739492893219,angry
995,995,05-02-02-02-17.wav,48000,16000,3.8038125,3.2020625,angry,4,2,strong,2,Dogs are sitting by the door,2,male,1,17,0.009971044026315212,0.0428137443959713,0.1149572879076004,0.06493577361106873,0.4885471761226654,0.10776141285896301,0.10561593621969223,0.06539765000343323,angry
996,996,06-01-01-01-17.wav,48000,16000,3.470125,2.692625,fearful,5,1,normal,1,Kids are talking by the door,1,male,1,17,0.06534238159656525,0.09117094427347183,0.10580025613307953,0.1839095652103424,0.07808109372854233,0.296608567237854,0.09886479377746582,0.08022237569093704,fearful
997,997,06-01-01-02-17.wav,48000,16000,3.5035,2.9780625,fearful,5,1,normal,1,Kids are talking by the door,2,male,1,17,0.02983010932803154,0.03937112167477608,0.1088523268699646,0.14912153780460358,0.10865213721990585,0.36872580647468567,0.0930962786078453,0.10235068947076797,fearful
998,998,06-01-02-01-17.wav,48000,16000,3.536875,3.5345,fearful,5,1,normal,2,Dogs are sitting by the door,1,male,1,17,0.02892240136861801,0.058511801064014435,0.10860612243413925,0.22376148402690887,0.09866534173488617,0.32472407817840576,0.06788615882396698,0.08892263472080231,fearful
999,999,06-01-02-02-17.wav,48000,16000,3.636958333333333,3.1495625,fearful,5,1,normal,2,Dogs are sitting by the door,2,male,1,17,0.014209337532520294,0.01138904970139265,0.10376957058906555,0.1225714161992073,0.20310433208942413,0.340151846408844,0.060785192996263504,0.1440192461013794,fearful
1000,1000,06-02-01-01-17.wav,48000,16000,3.703708333333333,3.277875,fearful,5,2,strong,1,Kids are talking by the door,1,male,1,17,0.007023870944976807,0.015431308187544346,0.10113754123449326,0.12499930709600449,0.17835649847984314,0.336508572101593,0.0840350016951561,0.1525079309940338,fearful
1001,1001,06-02-01-02-17.wav,48000,16000,3.7370625,2.7278125,fearful,5,2,strong,1,Kids are talking by the door,2,male,1,17,0.009851465933024883,0.010455443523824215,0.09302316606044769,0.12074580043554306,0.1900930255651474,0.39762580394744873,0.0464974083006382,0.1317078024148941,fearful
1002,1002,06-02-02-01-17.wav,48000,16000,3.670333333333333,2.9231875,fearful,5,2,strong,2,Dogs are sitting by the door,1,male,1,17,0.009518574923276901,0.021858081221580505,0.10760951042175293,0.11961404979228973,0.1876508891582489,0.4006085991859436,0.04530469700694084,0.10783562809228897,fearful
1003,1003,06-02-02-02-17.wav,48000,16000,3.8371666666666666,3.5156875,fearful,5,2,strong,2,Dogs are sitting by the door,2,male,1,17,0.00955261755734682,0.04548836126923561,0.09909939020872116,0.12859274446964264,0.17682458460330963,0.3970050811767578,0.03363082930445671,0.1098063737154007,fearful
1004,1004,07-01-01-01-17.wav,48000,16000,3.8371666666666666,1.9784375,disgust,6,1,normal,1,Kids are talking by the door,1,male,1,17,0.10091203451156616,0.19454975426197052,0.047457948327064514,0.14971646666526794,0.07422894239425659,0.0832303985953331,0.25954723358154297,0.090357206761837,disgust
1005,1005,07-01-01-02-17.wav,48000,16000,3.703708333333333,1.7806875,disgust,6,1,normal,1,Kids are talking by the door,2,male,1,17,0.12932617962360382,0.17965662479400635,0.05349040403962135,0.16449081897735596,0.06166315823793411,0.09461015462875366,0.22032539546489716,0.0964372456073761,disgust
1006,1006,07-01-02-01-17.wav,48000,16000,3.5702291666666666,1.7175625,disgust,6,1,normal,2,Dogs are sitting by the door,1,male,1,17,0.12094783782958984,0.12658463418483734,0.07698402553796768,0.25533249974250793,0.08798817545175552,0.08442302793264389,0.17757856845855713,0.07016123086214066,sad
1007,1007,07-01-02-02-17.wav,48000,16000,3.5035,2.1461875,disgust,6,1,normal,2,Dogs are sitting by the door,2,male,1,17,0.1031346321105957,0.14617769420146942,0.05512731522321701,0.1263653188943863,0.10661237686872482,0.11927007138729095,0.249485582113266,0.0938270166516304,disgust
1008,1008,07-02-01-01-17.wav,48000,16000,4.204208333333334,2.3495625,disgust,6,2,strong,1,Kids are talking by the door,1,male,1,17,0.04232572764158249,0.049767374992370605,0.09919209033250809,0.10155656188726425,0.13312922418117523,0.11469550430774689,0.30320239067077637,0.15613111853599548,disgust
1009,1009,07-02-01-02-17.wav,48000,16000,4.170833333333333,2.2345,disgust,6,2,strong,1,Kids are talking by the door,2,male,1,17,0.03050096519291401,0.054874684661626816,0.09091648459434509,0.11021319031715393,0.11940991878509521,0.12136462330818176,0.3163159489631653,0.15640419721603394,disgust
1010,1010,07-02-02-01-17.wav,48000,16000,4.471145833333333,3.82325,disgust,6,2,strong,2,Dogs are sitting by the door,1,male,1,17,0.04646453261375427,0.08150463551282883,0.07438026368618011,0.11168090999126434,0.15128856897354126,0.15888363122940063,0.25189444422721863,0.12390301376581192,disgust
1011,1011,07-02-02-02-17.wav,48000,16000,4.604604166666666,3.449875,disgust,6,2,strong,2,Dogs are sitting by the door,2,male,1,17,0.08303042501211166,0.07668085396289825,0.07305561006069183,0.11909689754247665,0.08430588990449905,0.10824890434741974,0.3410719931125641,0.1145094484090805,disgust
1012,1012,08-01-01-01-17.wav,48000,16000,3.403395833333333,1.9343125,surprised,7,1,normal,1,Kids are talking by the door,1,male,1,17,0.07199373096227646,0.04271664470434189,0.13741378486156464,0.11412717401981354,0.12530642747879028,0.1633910834789276,0.08240117877721786,0.2626499533653259,surprised
1013,1013,08-01-01-02-17.wav,48000,16000,3.636958333333333,2.482625,surprised,7,1,normal,1,Kids are talking by the door,2,male,1,17,0.0557289719581604,0.0867341086268425,0.11590155214071274,0.09848953038454056,0.11028792709112167,0.1385643035173416,0.14618898928165436,0.24810457229614258,surprised
1014,1014,08-01-02-01-17.wav,48000,16000,3.370041666666667,2.072625,surprised,7,1,normal,2,Dogs are sitting by the door,1,male,1,17,0.051957033574581146,0.0777692198753357,0.0822506695985794,0.09783100336790085,0.06938127428293228,0.14878275990486145,0.14841815829277039,0.3236098289489746,surprised
1015,1015,08-01-02-02-17.wav,48000,16000,3.4367708333333336,2.500375,surprised,7,1,normal,2,Dogs are sitting by the door,2,male,1,17,0.05487950146198273,0.08651507645845413,0.13756972551345825,0.12222114205360413,0.09987075626850128,0.13413560390472412,0.12255778908729553,0.24225042760372162,surprised
1016,1016,08-02-01-01-17.wav,48000,16000,3.536875,2.6459375,surprised,7,2,strong,1,Kids are talking by the door,1,male,1,17,0.061325255781412125,0.041219789534807205,0.1442900002002716,0.07188209146261215,0.11911411583423615,0.1334409862756729,0.11613495647907257,0.3125928044319153,surprised
1017,1017,08-02-01-02-17.wav,48000,16000,3.670333333333333,2.83025,surprised,7,2,strong,1,Kids are talking by the door,2,male,1,17,0.02204604260623455,0.04122968390583992,0.12075711786746979,0.07744713872671127,0.10493426024913788,0.19317908585071564,0.11751433461904526,0.32289227843284607,surprised
1018,1018,08-02-02-01-17.wav,48000,16000,3.4367708333333336,2.63825,surprised,7,2,strong,2,Dogs are sitting by the door,1,male,1,17,0.01681368425488472,0.04023793712258339,0.11695348471403122,0.08175059407949448,0.12185739725828171,0.16235412657260895,0.11921168118715286,0.34082111716270447,surprised
1019,1019,08-02-02-02-17.wav,48000,16000,3.536854166666666,2.5545625,surprised,7,2,strong,2,Dogs are sitting by the door,2,male,1,17,0.03252954035997391,0.05758465826511383,0.12683016061782837,0.08366812765598297,0.0926394835114479,0.14774717390537262,0.10260707139968872,0.3563937842845917,surprised
1020,1020,01-01-01-01-18.wav,48000,16000,3.470145833333333,1.8158125,neutral,0,1,normal,1,Kids are talking by the door,1,female,0,18,0.47839224338531494,0.2964658737182617,0.01596846804022789,0.14076876640319824,0.011340067721903324,0.006765265483409166,0.03242342546582222,0.01787586323916912,neutral
1021,1021,01-01-01-02-18.wav,48000,16000,3.536875,1.7288125,neutral,0,1,normal,1,Kids are talking by the door,2,female,0,18,0.4975180923938751,0.3209897577762604,0.012809543870389462,0.11223603039979935,0.006328375544399023,0.003615997964516282,0.033570170402526855,0.012932040728628635,neutral
1022,1022,01-01-02-01-18.wav,48000,16000,3.470125,1.79325,neutral,0,1,normal,2,Dogs are sitting by the door,1,female,0,18,0.4060498774051666,0.34372326731681824,0.02177615649998188,0.11457013338804245,0.024509577080607414,0.012783762067556381,0.049206167459487915,0.027381010353565216,neutral
1023,1023,01-01-02-02-18.wav,48000,16000,3.470145833333333,1.7118125,neutral,0,1,normal,2,Dogs are sitting by the door,2,female,0,18,0.48316892981529236,0.3076397180557251,0.021732114255428314,0.12665998935699463,0.015718504786491394,0.005911989137530327,0.02688998356461525,0.012278805486857891,neutral
1024,1024,02-01-01-01-18.wav,48000,16000,3.470125,1.767125,calm,1,1,normal,1,Kids are talking by the door,1,female,0,18,0.29300570487976074,0.4160616397857666,0.029366059228777885,0.13396085798740387,0.0352538526058197,0.01321749109774828,0.051275577396154404,0.027858827263116837,calm
1025,1025,02-01-01-02-18.wav,48000,16000,3.4034166666666668,1.7303125,calm,1,1,normal,1,Kids are talking by the door,2,female,0,18,0.15597938001155853,0.6791464686393738,0.026924315840005875,0.08291798830032349,0.008510096929967403,0.008658179081976414,0.029401354491710663,0.008462170138955116,calm
1026,1026,02-01-02-01-18.wav,48000,16000,3.636979166666667,1.9406875,calm,1,1,normal,2,Dogs are sitting by the door,1,female,0,18,0.1363918036222458,0.5809799432754517,0.0414094552397728,0.09214673191308975,0.032666828483343124,0.014585696160793304,0.05723914876580238,0.044580381363630295,calm
1027,1027,02-01-02-02-18.wav,48000,16000,3.5035,1.8100625,calm,1,1,normal,2,Dogs are sitting by the door,2,female,0,18,0.157828226685524,0.6108916401863098,0.021010447293519974,0.111663818359375,0.012102525681257248,0.01466823648661375,0.04933099076151848,0.02250414341688156,calm
1028,1028,02-02-01-01-18.wav,48000,16000,3.6036041666666665,1.9038125,calm,1,2,strong,1,Kids are talking by the door,1,female,0,18,0.198805034160614,0.5627958178520203,0.026531005278229713,0.11108783632516861,0.017877651378512383,0.017634140327572823,0.038258541375398636,0.027009939774870872,calm
1029,1029,02-02-01-02-18.wav,48000,16000,3.6036041666666665,2.018875,calm,1,2,strong,1,Kids are talking by the door,2,female,0,18,0.1684277504682541,0.648047685623169,0.028382575139403343,0.07861453294754028,0.015011359937489033,0.012483635917305946,0.0374956950545311,0.011536819860339165,calm
1030,1030,02-02-02-01-18.wav,48000,16000,3.603583333333333,1.8561875,calm,1,2,strong,2,Dogs are sitting by the door,1,female,0,18,0.07126007229089737,0.7456529140472412,0.015611661598086357,0.09212949872016907,0.010601170361042023,0.012854371219873428,0.03253967687487602,0.01935061439871788,calm
1031,1031,02-02-02-02-18.wav,48000,16000,3.6036041666666665,1.86675,calm,1,2,strong,2,Dogs are sitting by the door,2,female,0,18,0.1823757141828537,0.5741466283798218,0.023210715502500534,0.10735706984996796,0.019203048199415207,0.01739870198071003,0.0564986914396286,0.019809411838650703,calm
1032,1032,03-01-01-01-18.wav,48000,16000,3.403395833333333,1.7139375,happy,2,1,normal,1,Kids are talking by the door,1,female,0,18,0.121179960668087,0.1950211524963379,0.22309765219688416,0.13129407167434692,0.0790802538394928,0.07050785422325134,0.0883268192410469,0.09149223566055298,happy
1033,1033,03-01-01-02-18.wav,48000,16000,3.370020833333333,1.83075,happy,2,1,normal,1,Kids are talking by the door,2,female,0,18,0.16739127039909363,0.22017508745193481,0.14826665818691254,0.1469329446554184,0.08807415515184402,0.060309357941150665,0.11254251003265381,0.05630800500512123,calm
1034,1034,03-01-02-01-18.wav,48000,16000,3.43675,1.7811875,happy,2,1,normal,2,Dogs are sitting by the door,1,female,0,18,0.16591137647628784,0.30828550457954407,0.21631474792957306,0.1613711267709732,0.01643790677189827,0.03645366057753563,0.05595329403877258,0.03927236795425415,calm
1035,1035,03-01-02-02-18.wav,48000,16000,3.5035,1.784875,happy,2,1,normal,2,Dogs are sitting by the door,2,female,0,18,0.13005346059799194,0.24280770123004913,0.23134960234165192,0.16943331062793732,0.04674611613154411,0.03684966266155243,0.08107097446918488,0.06168917194008827,calm
1036,1036,03-02-01-01-18.wav,48000,16000,3.7704375,2.4013125,happy,2,2,strong,1,Kids are talking by the door,1,female,0,18,0.05863453820347786,0.03472728282213211,0.29304423928260803,0.11739938706159592,0.11519087105989456,0.21622860431671143,0.05125018581748009,0.11352484673261642,happy
1037,1037,03-02-01-02-18.wav,48000,16000,3.93725,2.818,happy,2,2,strong,1,Kids are talking by the door,2,female,0,18,0.014974257908761501,0.022047221660614014,0.3343009948730469,0.1119115799665451,0.12346415221691132,0.23106463253498077,0.05066263675689697,0.11157453060150146,happy
1038,1038,03-02-02-01-18.wav,48000,16000,3.7704375,2.5425,happy,2,2,strong,2,Dogs are sitting by the door,1,female,0,18,0.018155120313167572,0.020555131137371063,0.3840957283973694,0.14785724878311157,0.13854509592056274,0.17192603647708893,0.047725580632686615,0.0711401179432869,happy
1039,1039,03-02-02-02-18.wav,48000,16000,3.8371666666666666,2.419,happy,2,2,strong,2,Dogs are sitting by the door,2,female,0,18,0.014622691087424755,0.020531339570879936,0.35618463158607483,0.12386656552553177,0.11170262098312378,0.24453233182430267,0.034889038652181625,0.09367077797651291,happy
1040,1040,04-01-01-01-18.wav,48000,16000,3.5702291666666666,2.07625,sad,3,1,normal,1,Kids are talking by the door,1,female,0,18,0.18773916363716125,0.10414083302021027,0.08491335064172745,0.2898465394973755,0.06721433997154236,0.06237022951245308,0.12073268741369247,0.08304285258054733,sad
1041,1041,04-01-01-02-18.wav,48000,16000,3.636958333333333,2.0150625,sad,3,1,normal,1,Kids are talking by the door,2,female,0,18,0.2312988042831421,0.19125911593437195,0.05336547642946243,0.2535955309867859,0.06928694248199463,0.05770495533943176,0.0953013226389885,0.04818791151046753,sad
1042,1042,04-01-02-01-18.wav,48000,16000,3.536875,1.8018125,sad,3,1,normal,2,Dogs are sitting by the door,1,female,0,18,0.24633733928203583,0.4505314826965332,0.015791675075888634,0.19206491112709045,0.010487880557775497,0.023232443258166313,0.04066899046301842,0.02088533341884613,calm
1043,1043,04-01-02-02-18.wav,48000,16000,3.636958333333333,1.837,sad,3,1,normal,2,Dogs are sitting by the door,2,female,0,18,0.22560960054397583,0.3204253315925598,0.015645835548639297,0.26905402541160583,0.04306038096547127,0.023998398333787918,0.06554220616817474,0.0366642028093338,calm
1044,1044,04-02-01-01-18.wav,48000,16000,3.8037916666666662,2.72375,sad,3,2,strong,1,Kids are talking by the door,1,female,0,18,0.04366493597626686,0.03696584329009056,0.15664003789424896,0.28955090045928955,0.10026616603136063,0.10963913053274155,0.13894079625606537,0.12433212995529175,sad
1045,1045,04-02-01-02-18.wav,48000,16000,3.8371666666666666,2.814,sad,3,2,strong,1,Kids are talking by the door,2,female,0,18,0.02115059271454811,0.02642643451690674,0.1502084881067276,0.3075945973396301,0.11054211109876633,0.15779022872447968,0.08389122784137726,0.14239637553691864,sad
1046,1046,04-02-02-01-18.wav,48000,16000,4.137479166666667,3.0980625,sad,3,2,strong,2,Dogs are sitting by the door,1,female,0,18,0.05480301380157471,0.02876986749470234,0.15010958909988403,0.265876442193985,0.09489882737398148,0.15729859471321106,0.09513022005558014,0.15311336517333984,sad
1047,1047,04-02-02-02-18.wav,48000,16000,3.8371666666666666,2.7273125,sad,3,2,strong,2,Dogs are sitting by the door,2,female,0,18,0.044570401310920715,0.027302799746394157,0.12578774988651276,0.32096365094184875,0.1070316806435585,0.1764492690563202,0.08905667066574097,0.1088378056883812,sad
1048,1048,05-01-01-01-18.wav,48000,16000,3.903895833333333,2.212375,angry,4,1,normal,1,Kids are talking by the door,1,female,0,18,0.09649062901735306,0.037715744227170944,0.129877969622612,0.12491092830896378,0.18789911270141602,0.07238764315843582,0.2282974123954773,0.1224205493927002,disgust
1049,1049,05-01-01-02-18.wav,48000,16000,4.170833333333333,2.8435,angry,4,1,normal,1,Kids are talking by the door,2,female,0,18,0.07470367848873138,0.07481036335229874,0.07580370455980301,0.08627312630414963,0.2847602069377899,0.06390825659036636,0.20689545571804047,0.1328452229499817,angry
1050,1050,05-01-02-01-18.wav,48000,16000,3.5702291666666666,1.8603125,angry,4,1,normal,2,Dogs are sitting by the door,1,female,0,18,0.08629836142063141,0.08346740901470184,0.09937265515327454,0.10575183480978012,0.23286086320877075,0.093721903860569,0.1712392270565033,0.12728776037693024,angry
1051,1051,05-01-02-02-18.wav,48000,16000,3.636979166666667,2.005375,angry,4,1,normal,2,Dogs are sitting by the door,2,female,0,18,0.08643411844968796,0.05442049354314804,0.12826843559741974,0.08797718584537506,0.25646325945854187,0.08646820485591888,0.13081836700439453,0.16914992034435272,angry
1052,1052,05-02-01-01-18.wav,48000,16000,3.703708333333333,1.944625,angry,4,2,strong,1,Kids are talking by the door,1,female,0,18,0.036833588033914566,0.022930089384317398,0.135633185505867,0.05217605084180832,0.5079026818275452,0.1853412538766861,0.035394925624132156,0.023788223043084145,angry
1053,1053,05-02-01-02-18.wav,48000,16000,3.7704375,1.9630625,angry,4,2,strong,1,Kids are talking by the door,2,female,0,18,0.02649979293346405,0.029831692576408386,0.1316961646080017,0.03285178169608116,0.5427970886230469,0.17173708975315094,0.040095072239637375,0.0244913250207901,angry
1054,1054,05-02-02-01-18.wav,48000,16000,3.8371666666666666,2.0564375,angry,4,2,strong,2,Dogs are sitting by the door,1,female,0,18,0.003700345754623413,0.015744680538773537,0.1617964208126068,0.0403660424053669,0.5085074305534363,0.16604377329349518,0.05791432783007622,0.04592692852020264,angry
1055,1055,05-02-02-02-18.wav,48000,16000,4.2375625,2.4469375,angry,4,2,strong,2,Dogs are sitting by the door,2,female,0,18,0.002356891520321369,0.006149619352072477,0.10058104991912842,0.02797125093638897,0.5980702638626099,0.14736922085285187,0.05414171516895294,0.06335995346307755,angry
1056,1056,06-01-01-01-18.wav,48000,16000,3.4367708333333336,2.0445,fearful,5,1,normal,1,Kids are talking by the door,1,female,0,18,0.07267819344997406,0.06637552380561829,0.07950004935264587,0.1372475028038025,0.1134347915649414,0.2593008875846863,0.16249500215053558,0.1089680939912796,fearful
1057,1057,06-01-01-02-18.wav,48000,16000,3.403395833333333,1.7680625,fearful,5,1,normal,1,Kids are talking by the door,2,female,0,18,0.06815258413553238,0.06060190126299858,0.143377423286438,0.16328437626361847,0.0798286721110344,0.21773116290569305,0.11670663207769394,0.1503172665834427,fearful
1058,1058,06-01-02-01-18.wav,48000,16000,3.470125,1.9436875,fearful,5,1,normal,2,Dogs are sitting by the door,1,female,0,18,0.16041992604732513,0.16767768561840057,0.0761309489607811,0.17186230421066284,0.0560641773045063,0.1356402486562729,0.11368947476148605,0.11851523816585541,sad
1059,1059,06-01-02-02-18.wav,48000,16000,3.470145833333333,2.205875,fearful,5,1,normal,2,Dogs are sitting by the door,2,female,0,18,0.10036957263946533,0.13230793178081512,0.09107751399278641,0.15648499131202698,0.08899945020675659,0.202894926071167,0.09825830161571503,0.12960734963417053,fearful
1060,1060,06-02-01-01-18.wav,48000,16000,3.7370833333333335,2.481625,fearful,5,2,strong,1,Kids are talking by the door,1,female,0,18,0.018138905987143517,0.028512245044112206,0.15464872121810913,0.17321766912937164,0.10205458849668503,0.30289319157600403,0.055247966200113297,0.16528666019439697,fearful
1061,1061,06-02-01-02-18.wav,48000,16000,4.170833333333333,2.7590625,fearful,5,2,strong,1,Kids are talking by the door,2,female,0,18,0.03066004253923893,0.024949191138148308,0.1494438201189041,0.0947735384106636,0.1698041707277298,0.3260549306869507,0.08495020866394043,0.11936410516500473,fearful
1062,1062,06-02-02-01-18.wav,48000,16000,3.8038125,2.3101875,fearful,5,2,strong,2,Dogs are sitting by the door,1,female,0,18,0.018204128369688988,0.023218130692839622,0.14793661236763,0.12841081619262695,0.11289455741643906,0.2558988928794861,0.08980579674243927,0.22363105416297913,fearful
1063,1063,06-02-02-02-18.wav,48000,16000,3.8037916666666662,2.5643125,fearful,5,2,strong,2,Dogs are sitting by the door,2,female,0,18,0.01579144410789013,0.008608958683907986,0.15868286788463593,0.17795316874980927,0.11231338232755661,0.3064957857131958,0.07006511092185974,0.150089293718338,fearful
1064,1064,07-01-01-01-18.wav,48000,16000,4.3043125,2.5864375,disgust,6,1,normal,1,Kids are talking by the door,1,female,0,18,0.1423814743757248,0.1567482203245163,0.05451611056923866,0.12347587943077087,0.06129414588212967,0.04881380498409271,0.28016024827957153,0.13261009752750397,disgust
1065,1065,07-01-01-02-18.wav,48000,16000,4.07075,2.4815625,disgust,6,1,normal,1,Kids are talking by the door,2,female,0,18,0.1363736242055893,0.10037415474653244,0.06602443009614944,0.1365286260843277,0.07765626162290573,0.05362426117062569,0.3296867609024048,0.09973186254501343,disgust
1066,1066,07-01-02-01-18.wav,48000,16000,3.670333333333333,2.2144375,disgust,6,1,normal,2,Dogs are sitting by the door,1,female,0,18,0.19843433797359467,0.06768513470888138,0.06700640916824341,0.10881627351045609,0.08999493718147278,0.0812450498342514,0.30915167927742004,0.07766621559858322,disgust
1067,1067,07-01-02-02-18.wav,48000,16000,4.371041666666667,2.8165625,disgust,6,1,normal,2,Dogs are sitting by the door,2,female,0,18,0.07097510993480682,0.06310726702213287,0.11151890456676483,0.20264099538326263,0.09445079416036606,0.08160723000764847,0.285766065120697,0.08993368595838547,disgust
1068,1068,07-02-01-01-18.wav,48000,16000,4.771416666666667,3.419375,disgust,6,2,strong,1,Kids are talking by the door,1,female,0,18,0.023941658437252045,0.0476243682205677,0.1223873421549797,0.1352805346250534,0.1724785417318344,0.10994444787502289,0.2955382764339447,0.09280478209257126,disgust
1069,1069,07-02-01-02-18.wav,48000,16000,4.471145833333333,2.5989375,disgust,6,2,strong,1,Kids are talking by the door,2,female,0,18,0.063683420419693,0.07173606753349304,0.11328751593828201,0.13524772226810455,0.21288681030273438,0.08044364303350449,0.18675917387008667,0.13595570623874664,angry
1070,1070,07-02-02-01-18.wav,48000,16000,4.637958333333334,2.95825,disgust,6,2,strong,2,Dogs are sitting by the door,1,female,0,18,0.021556582301855087,0.04608461633324623,0.1258402019739151,0.08466921001672745,0.12877793610095978,0.11410351097583771,0.35884183645248413,0.12012610584497452,disgust
1071,1071,07-02-02-02-18.wav,48000,16000,4.571229166666667,2.696625,disgust,6,2,strong,2,Dogs are sitting by the door,2,female,0,18,0.0243634395301342,0.031199855729937553,0.08400426805019379,0.1283443719148636,0.21051988005638123,0.1327592432498932,0.27651476860046387,0.11229418218135834,disgust
1072,1072,08-01-01-01-18.wav,48000,16000,3.370020833333333,2.006875,surprised,7,1,normal,1,Kids are talking by the door,1,female,0,18,0.15860699117183685,0.25070202350616455,0.04460848867893219,0.19651153683662415,0.03826180472970009,0.043892696499824524,0.10743580013513565,0.1599806547164917,calm
1073,1073,08-01-01-02-18.wav,48000,16000,3.5035,1.8125625,surprised,7,1,normal,1,Kids are talking by the door,2,female,0,18,0.14734676480293274,0.3014741837978363,0.040753915905952454,0.16138392686843872,0.036491166800260544,0.049765948206186295,0.10113798826932907,0.16164612770080566,calm
1074,1074,08-01-02-01-18.wav,48000,16000,3.5035,1.8493125,surprised,7,1,normal,2,Dogs are sitting by the door,1,female,0,18,0.14674559235572815,0.2615692615509033,0.053846325725317,0.18332937359809875,0.03708110377192497,0.06379281729459763,0.08751828968524933,0.16611722111701965,calm
1075,1075,08-01-02-02-18.wav,48000,16000,3.5035,1.7274375,surprised,7,1,normal,2,Dogs are sitting by the door,2,female,0,18,0.11277813464403152,0.3079834580421448,0.044134266674518585,0.18651548027992249,0.02768714912235737,0.06291286647319794,0.08030476421117783,0.17768387496471405,calm
1076,1076,08-02-01-01-18.wav,48000,16000,3.636979166666667,1.8785625,surprised,7,2,strong,1,Kids are talking by the door,1,female,0,18,0.03611389920115471,0.05708255246281624,0.09041239321231842,0.08287672698497772,0.104474738240242,0.1468280553817749,0.1561417281627655,0.32606983184814453,surprised
1077,1077,08-02-01-02-18.wav,48000,16000,3.536875,1.6581875,surprised,7,2,strong,1,Kids are talking by the door,2,female,0,18,0.07875947654247284,0.13743138313293457,0.07973290234804153,0.0779300108551979,0.059872984886169434,0.11186935007572174,0.10412728041410446,0.3502766191959381,surprised
1078,1078,08-02-02-01-18.wav,48000,16000,3.8705416666666665,2.0096875,surprised,7,2,strong,2,Dogs are sitting by the door,1,female,0,18,0.06671687215566635,0.1040482372045517,0.09614603221416473,0.10828808695077896,0.11237309128046036,0.10997582972049713,0.12542149424552917,0.2770303785800934,surprised
1079,1079,08-02-02-02-18.wav,48000,16000,3.636958333333333,1.776625,surprised,7,2,strong,2,Dogs are sitting by the door,2,female,0,18,0.04896334931254387,0.09159112721681595,0.09504971653223038,0.08170215040445328,0.05291856452822685,0.14118894934654236,0.08788910508155823,0.4006970226764679,surprised
1080,1080,01-01-01-01-19.wav,48000,16000,3.370041666666667,1.5465,neutral,0,1,normal,1,Kids are talking by the door,1,male,1,19,0.49495232105255127,0.22193916141986847,0.04196610301733017,0.1522529125213623,0.010138225741684437,0.037254754453897476,0.02092638425529003,0.02057010494172573,neutral
1081,1081,01-01-01-02-19.wav,48000,16000,3.2365625,1.70225,neutral,0,1,normal,1,Kids are talking by the door,2,male,1,19,0.4464081823825836,0.26081743836402893,0.03746245428919792,0.16754378378391266,0.01413615234196186,0.029674747958779335,0.022615564987063408,0.021341634914278984,neutral
1082,1082,01-01-02-01-19.wav,48000,16000,3.3366666666666664,1.5636875,neutral,0,1,normal,2,Dogs are sitting by the door,1,male,1,19,0.4490751326084137,0.22574208676815033,0.04366958513855934,0.18479375541210175,0.00966664869338274,0.024684084579348564,0.0213216133415699,0.041047099977731705,neutral
1083,1083,01-01-02-02-19.wav,48000,16000,3.3032916666666665,1.4885,neutral,0,1,normal,2,Dogs are sitting by the door,2,male,1,19,0.5197076201438904,0.2038881629705429,0.04864848032593727,0.15434114634990692,0.004706274718046188,0.014994040131568909,0.01597423106431961,0.037740059196949005,neutral
1084,1084,02-01-01-01-19.wav,48000,16000,3.670333333333333,1.992,calm,1,1,normal,1,Kids are talking by the door,1,male,1,19,0.10078803449869156,0.49688825011253357,0.0196720939129591,0.22266259789466858,0.027849320322275162,0.03974200040102005,0.06228003278374672,0.030117621645331383,calm
1085,1085,02-01-01-02-19.wav,48000,16000,3.670333333333333,1.83475,calm,1,1,normal,1,Kids are talking by the door,2,male,1,19,0.16471832990646362,0.4045833647251129,0.03144657611846924,0.25585952401161194,0.02452583611011505,0.033755552023649216,0.050968367606401443,0.03414247930049896,calm
1086,1086,02-01-02-01-19.wav,48000,16000,3.3366666666666664,1.6058125,calm,1,1,normal,2,Dogs are sitting by the door,1,male,1,19,0.2575920820236206,0.4100213646888733,0.03461515158414841,0.1957639753818512,0.01785658858716488,0.022898059338331223,0.031449709087610245,0.029803074896335602,calm
1087,1087,02-01-02-02-19.wav,48000,16000,3.470125,1.700375,calm,1,1,normal,2,Dogs are sitting by the door,2,male,1,19,0.06618265807628632,0.5673355460166931,0.018968356773257256,0.19846482574939728,0.014944779686629772,0.05810340493917465,0.04051918908953667,0.03548127040266991,calm
1088,1088,02-02-01-01-19.wav,48000,16000,4.471145833333333,2.968125,calm,1,2,strong,1,Kids are talking by the door,1,male,1,19,0.17431329190731049,0.32052382826805115,0.06259789317846298,0.25487393140792847,0.021693838760256767,0.06637904047966003,0.05603080242872238,0.043587397783994675,calm
1089,1089,02-02-01-02-19.wav,48000,16000,4.037375,2.316875,calm,1,2,strong,1,Kids are talking by the door,2,male,1,19,0.10787460207939148,0.44214972853660583,0.03954820707440376,0.2393091917037964,0.02199849858880043,0.04695013910531998,0.06365905702114105,0.03851053863763809,calm
1090,1090,02-02-02-01-19.wav,48000,16000,4.604604166666666,2.7521875,calm,1,2,strong,2,Dogs are sitting by the door,1,male,1,19,0.10295668989419937,0.5437191128730774,0.029569527134299278,0.18077601492404938,0.01809321530163288,0.03660451993346214,0.05934111401438713,0.028939787298440933,calm
1091,1091,02-02-02-02-19.wav,48000,16000,4.304291666666667,2.4608125,calm,1,2,strong,2,Dogs are sitting by the door,2,male,1,19,0.1639578640460968,0.45112451910972595,0.022372126579284668,0.2641974091529846,0.02035585604608059,0.024892769753932953,0.02750431001186371,0.025595160201191902,calm
1092,1092,03-01-01-01-19.wav,48000,16000,3.636958333333333,2.46725,happy,2,1,normal,1,Kids are talking by the door,1,male,1,19,0.12168332189321518,0.1861894130706787,0.15998303890228271,0.23566479980945587,0.0579865425825119,0.0788903534412384,0.08616325259208679,0.07343929260969162,sad
1093,1093,03-01-01-02-19.wav,48000,16000,3.703708333333333,2.5675,happy,2,1,normal,1,Kids are talking by the door,2,male,1,19,0.1289999932050705,0.12217742949724197,0.238754004240036,0.15551142394542694,0.06536633521318436,0.08495389670133591,0.08641961216926575,0.11781734228134155,happy
1094,1094,03-01-02-01-19.wav,48000,16000,3.2699375,2.066625,happy,2,1,normal,2,Dogs are sitting by the door,1,male,1,19,0.18738439679145813,0.17735029757022858,0.1144091933965683,0.24226363003253937,0.043645091354846954,0.046085044741630554,0.10887657105922699,0.07998579740524292,sad
1095,1095,03-01-02-02-19.wav,48000,16000,3.3033125,2.296875,happy,2,1,normal,2,Dogs are sitting by the door,2,male,1,19,0.2082337737083435,0.10789909958839417,0.1571226716041565,0.15933717787265778,0.05400913581252098,0.08716997504234314,0.07305572181940079,0.15317243337631226,neutral
1096,1096,03-02-01-01-19.wav,48000,16000,3.7704375,2.910625,happy,2,2,strong,1,Kids are talking by the door,1,male,1,19,0.07195326685905457,0.09636096656322479,0.21763330698013306,0.12338414788246155,0.131121426820755,0.08923444896936417,0.1338459551334381,0.13646648824214935,happy
1097,1097,03-02-01-02-19.wav,48000,16000,3.8037916666666662,3.431375,happy,2,2,strong,1,Kids are talking by the door,2,male,1,19,0.03955881670117378,0.034545306116342545,0.18424713611602783,0.10505704581737518,0.15672418475151062,0.1675746589899063,0.15750133991241455,0.15479156374931335,happy
1098,1098,03-02-02-01-19.wav,48000,16000,4.404395833333333,3.743375,happy,2,2,strong,2,Dogs are sitting by the door,1,male,1,19,0.04503947123885155,0.043448030948638916,0.19481226801872253,0.10998214036226273,0.15217585861682892,0.1485225260257721,0.14496728777885437,0.1610524207353592,happy
1099,1099,03-02-02-02-19.wav,48000,16000,4.004,2.4180625,happy,2,2,strong,2,Dogs are sitting by the door,2,male,1,19,0.07859242707490921,0.1225493922829628,0.17152570188045502,0.17398549616336823,0.08913904428482056,0.07303628325462341,0.15889787673950195,0.1322738230228424,sad
1100,1100,04-01-01-01-19.wav,48000,16000,3.4367708333333336,1.6925625,sad,3,1,normal,1,Kids are talking by the door,1,male,1,19,0.14448824524879456,0.2583846151828766,0.028665125370025635,0.37837129831314087,0.025916628539562225,0.051501110196113586,0.06962615251541138,0.043046820908784866,sad
1101,1101,04-01-01-02-19.wav,48000,16000,3.670333333333333,1.8730625,sad,3,1,normal,1,Kids are talking by the door,2,male,1,19,0.11432531476020813,0.23121997714042664,0.0697571262717247,0.33610206842422485,0.039548616856336594,0.048632536083459854,0.08398947864770889,0.07642491906881332,sad
1102,1102,04-01-02-01-19.wav,48000,16000,3.169833333333333,1.511875,sad,3,1,normal,2,Dogs are sitting by the door,1,male,1,19,0.14665891230106354,0.1733648180961609,0.0711970329284668,0.385860800743103,0.014313862659037113,0.0882924273610115,0.052115682512521744,0.06819646805524826,sad
1103,1103,04-01-02-02-19.wav,48000,16000,3.670333333333333,1.9188125,sad,3,1,normal,2,Dogs are sitting by the door,2,male,1,19,0.14072537422180176,0.447531133890152,0.017177993431687355,0.25730493664741516,0.012046124786138535,0.029428871348500252,0.051530297845602036,0.044255245476961136,calm
1104,1104,04-02-01-01-19.wav,48000,16000,4.004,3.258125,sad,3,2,strong,1,Kids are talking by the door,1,male,1,19,0.07648205757141113,0.05731974542140961,0.13793498277664185,0.2264479547739029,0.0919264554977417,0.1294064074754715,0.1120036244392395,0.16847878694534302,sad
1105,1105,04-02-01-02-19.wav,48000,16000,3.703708333333333,2.46725,sad,3,2,strong,1,Kids are talking by the door,2,male,1,19,0.07467661052942276,0.07971017807722092,0.10289286822080612,0.31335583329200745,0.0600006990134716,0.09725560992956161,0.16774868965148926,0.10435950756072998,sad
1106,1106,04-02-02-01-19.wav,48000,16000,3.4034166666666668,2.10225,sad,3,2,strong,2,Dogs are sitting by the door,1,male,1,19,0.09878242760896683,0.058693546801805496,0.06522209197282791,0.4234377443790436,0.05082259327173233,0.12910641729831696,0.09448479115962982,0.07945042848587036,sad
1107,1107,04-02-02-02-19.wav,48000,16000,3.7370833333333335,3.0983125,sad,3,2,strong,2,Dogs are sitting by the door,2,male,1,19,0.09510178118944168,0.0768754854798317,0.0782075822353363,0.39512914419174194,0.05862618237733841,0.08092901110649109,0.11481191962957382,0.10031885653734207,sad
1108,1108,05-01-01-01-19.wav,48000,16000,3.7704375,2.4825625,angry,4,1,normal,1,Kids are talking by the door,1,male,1,19,0.04650132730603218,0.025408552959561348,0.14480060338974,0.09695284813642502,0.3088335692882538,0.12288179993629456,0.1627959907054901,0.09182532876729965,angry
1109,1109,05-01-01-02-19.wav,48000,16000,3.703708333333333,2.4815625,angry,4,1,normal,1,Kids are talking by the door,2,male,1,19,0.051186561584472656,0.07121848315000534,0.1272503286600113,0.12977556884288788,0.2692936956882477,0.08535779267549515,0.18379811942577362,0.0821194127202034,angry
1110,1110,05-01-02-01-19.wav,48000,16000,3.3033125,1.7625,angry,4,1,normal,2,Dogs are sitting by the door,1,male,1,19,0.0955360159277916,0.14539289474487305,0.0716557502746582,0.15579256415367126,0.1762280911207199,0.07818586379289627,0.1790456771850586,0.09816314280033112,disgust
1111,1111,05-01-02-02-19.wav,48000,16000,3.5702291666666666,2.7365,angry,4,1,normal,2,Dogs are sitting by the door,2,male,1,19,0.05091249570250511,0.09707523882389069,0.10304569453001022,0.14560692012310028,0.21084167063236237,0.11899963021278381,0.13850289583206177,0.13501542806625366,angry
1112,1112,05-02-01-01-19.wav,48000,16000,3.970645833333333,2.3575,angry,4,2,strong,1,Kids are talking by the door,1,male,1,19,0.0097259022295475,0.004486228339374065,0.0678679347038269,0.048757437616586685,0.6516008973121643,0.10966885834932327,0.05937120318412781,0.04852163419127464,angry
1113,1113,05-02-01-02-19.wav,48000,16000,4.804791666666667,3.532375,angry,4,2,strong,1,Kids are talking by the door,2,male,1,19,0.0135085079818964,0.02085123024880886,0.07092474400997162,0.036382418125867844,0.6513399481773376,0.1266350895166397,0.035447895526885986,0.044910211116075516,angry
1114,1114,05-02-02-01-19.wav,48000,16000,4.337666666666666,3.8709375,angry,4,2,strong,2,Dogs are sitting by the door,1,male,1,19,0.018238330259919167,0.06140279769897461,0.06843792647123337,0.027504509314894676,0.5722672343254089,0.13720619678497314,0.06750750541687012,0.04743552580475807,angry
1115,1115,05-02-02-02-19.wav,48000,16000,4.104104166666667,2.48975,angry,4,2,strong,2,Dogs are sitting by the door,2,male,1,19,0.01234679576009512,0.005905838217586279,0.06281053274869919,0.041349902749061584,0.60675448179245,0.10719970613718033,0.11575275659561157,0.04788002371788025,angry
1116,1116,06-01-01-01-19.wav,48000,16000,3.7036875,2.0810625,fearful,5,1,normal,1,Kids are talking by the door,1,male,1,19,0.07768554240465164,0.12937892973423004,0.10475610196590424,0.1587311029434204,0.05593591183423996,0.17565305531024933,0.14083433151245117,0.15702500939369202,fearful
1117,1117,06-01-01-02-19.wav,48000,16000,3.5035,2.4326875,fearful,5,1,normal,1,Kids are talking by the door,2,male,1,19,0.12281116843223572,0.13928429782390594,0.08046770840883255,0.20120149850845337,0.05339711531996727,0.18986578285694122,0.11017930507659912,0.10279309004545212,sad
1118,1118,06-01-02-01-19.wav,48000,16000,3.7704375,2.70225,fearful,5,1,normal,2,Dogs are sitting by the door,1,male,1,19,0.0868445411324501,0.14776630699634552,0.0700826495885849,0.20616257190704346,0.07711965590715408,0.1780642718076706,0.11500225961208344,0.1189577728509903,sad
1119,1119,06-01-02-02-19.wav,48000,16000,3.536875,2.422875,fearful,5,1,normal,2,Dogs are sitting by the door,2,male,1,19,0.11258557438850403,0.1664077192544937,0.08349495381116867,0.18482832610607147,0.048037171363830566,0.15052613615989685,0.12820197641849518,0.12591810524463654,sad
1120,1120,06-02-01-01-19.wav,48000,16000,3.8371666666666666,3.0808125,fearful,5,2,strong,1,Kids are talking by the door,1,male,1,19,0.03266220539808273,0.012005566619336605,0.19926540553569794,0.13709068298339844,0.17503537237644196,0.3278708755970001,0.033015623688697815,0.0830543264746666,fearful
1121,1121,06-02-01-02-19.wav,48000,16000,4.371020833333334,2.7200625,fearful,5,2,strong,1,Kids are talking by the door,2,male,1,19,0.007542135193943977,0.009732301346957684,0.12786544859409332,0.0802905410528183,0.15157125890254974,0.42172008752822876,0.08220462501049042,0.11907362937927246,fearful
1122,1122,06-02-02-01-19.wav,48000,16000,3.5702291666666666,2.699375,fearful,5,2,strong,2,Dogs are sitting by the door,1,male,1,19,0.028775664046406746,0.0548909492790699,0.11100642383098602,0.0886082574725151,0.2073718011379242,0.3020365834236145,0.08495047688484192,0.12235978990793228,fearful
1123,1123,06-02-02-02-19.wav,48000,16000,4.037354166666667,4.037375,fearful,5,2,strong,2,Dogs are sitting by the door,2,male,1,19,0.0029716298449784517,0.01950146071612835,0.08271941542625427,0.0743127092719078,0.18926507234573364,0.47848230600357056,0.08328484743833542,0.0694626122713089,fearful
1124,1124,07-01-01-01-19.wav,48000,16000,4.3043125,3.279625,disgust,6,1,normal,1,Kids are talking by the door,1,male,1,19,0.07691793888807297,0.10960645973682404,0.07406549155712128,0.19190053641796112,0.058192335069179535,0.06675522029399872,0.3251727819442749,0.09738927334547043,disgust
1125,1125,07-01-01-02-19.wav,48000,16000,4.838166666666667,3.0806875,disgust,6,1,normal,1,Kids are talking by the door,2,male,1,19,0.07558201253414154,0.11712927371263504,0.06743420660495758,0.17611870169639587,0.067598856985569,0.06826508045196533,0.33733242750167847,0.09053947776556015,disgust
1126,1126,07-01-02-01-19.wav,48000,16000,4.170833333333333,3.2384375,disgust,6,1,normal,2,Dogs are sitting by the door,1,male,1,19,0.08587580919265747,0.1290760189294815,0.07783208042383194,0.1435551643371582,0.09369554370641708,0.12827643752098083,0.2380918711423874,0.10359708219766617,disgust
1127,1127,07-01-02-02-19.wav,48000,16000,3.937270833333333,2.5690625,disgust,6,1,normal,2,Dogs are sitting by the door,2,male,1,19,0.07867182046175003,0.11347471177577972,0.05202741548418999,0.13453783094882965,0.08092259615659714,0.08824624121189117,0.35664036870002747,0.09547903388738632,disgust
1128,1128,07-02-01-01-19.wav,48000,16000,4.8048125,3.491625,disgust,6,2,strong,1,Kids are talking by the door,1,male,1,19,0.06577448546886444,0.08164450526237488,0.1206757202744484,0.15275734663009644,0.07217486202716827,0.09176117181777954,0.22467942535877228,0.19053247570991516,disgust
1129,1129,07-02-01-02-19.wav,48000,16000,5.2719375,4.1389375,disgust,6,2,strong,1,Kids are talking by the door,2,male,1,19,0.03468744456768036,0.0899985209107399,0.09590504318475723,0.09453921765089035,0.15079721808433533,0.14685620367527008,0.26884716749191284,0.11836922913789749,disgust
1130,1130,07-02-02-01-19.wav,48000,16000,4.904895833333334,3.5474375,disgust,6,2,strong,2,Dogs are sitting by the door,1,male,1,19,0.02128320001065731,0.04466335475444794,0.07721186429262161,0.07603374868631363,0.2539673149585724,0.12035022675991058,0.27647411823272705,0.13001622259616852,disgust
1131,1131,07-02-02-02-19.wav,48000,16000,4.938270833333333,4.4439375,disgust,6,2,strong,2,Dogs are sitting by the door,2,male,1,19,0.0404314361512661,0.03544177860021591,0.11291217803955078,0.09635815024375916,0.2225058674812317,0.1417250633239746,0.2245226502418518,0.12610290944576263,disgust
1132,1132,08-01-01-01-19.wav,48000,16000,3.7370625,2.173,surprised,7,1,normal,1,Kids are talking by the door,1,male,1,19,0.12347813695669174,0.1356850266456604,0.07663778215646744,0.251606822013855,0.044086989015340805,0.07231362909078598,0.13951903581619263,0.15667253732681274,sad
1133,1133,08-01-01-02-19.wav,48000,16000,3.536854166666666,2.1688125,surprised,7,1,normal,1,Kids are talking by the door,2,male,1,19,0.1113663986325264,0.13629190623760223,0.08961423486471176,0.21482770144939423,0.06122749298810959,0.07068513333797455,0.13206996023654938,0.18391716480255127,sad
1134,1134,08-01-02-01-19.wav,48000,16000,4.1040833333333335,2.877375,surprised,7,1,normal,2,Dogs are sitting by the door,1,male,1,19,0.1478111892938614,0.12926019728183746,0.06903865188360214,0.19115395843982697,0.05857947841286659,0.08295311033725739,0.14046944677829742,0.18073394894599915,sad
1135,1135,08-01-02-02-19.wav,48000,16000,3.06975,1.2079375,surprised,7,1,normal,2,Dogs are sitting by the door,2,male,1,19,0.19343698024749756,0.2452736496925354,0.05093318596482277,0.2160511463880539,0.026983855292201042,0.06617804616689682,0.06160758063197136,0.13953553140163422,calm
1136,1136,08-02-01-01-19.wav,48000,16000,4.104104166666667,2.5036875,surprised,7,2,strong,1,Kids are talking by the door,1,male,1,19,0.07805371284484863,0.09732818603515625,0.09781316667795181,0.19535192847251892,0.0622398667037487,0.09534701704978943,0.1459607630968094,0.22790539264678955,surprised
1137,1137,08-02-01-02-19.wav,48000,16000,4.637979166666667,2.899625,surprised,7,2,strong,1,Kids are talking by the door,2,male,1,19,0.05102766677737236,0.11577815562486649,0.12102191895246506,0.15764346718788147,0.11530109494924545,0.10056893527507782,0.1765083372592926,0.16215048730373383,disgust
1138,1138,08-02-02-01-19.wav,48000,16000,3.2365833333333334,2.162875,surprised,7,2,strong,2,Dogs are sitting by the door,1,male,1,19,0.12285260856151581,0.0549091100692749,0.09088350832462311,0.19837865233421326,0.07146814465522766,0.12166529893875122,0.14591045677661896,0.1939321905374527,sad
1139,1139,08-02-02-02-19.wav,48000,16000,3.2699375,1.561125,surprised,7,2,strong,2,Dogs are sitting by the door,2,male,1,19,0.10259261727333069,0.10411843657493591,0.06618410348892212,0.22728486359119415,0.042923495173454285,0.10123121738433838,0.18084482848644257,0.1748204380273819,sad
1140,1140,01-01-01-01-20.wav,48000,16000,3.470125,1.6256875,neutral,0,1,normal,1,Kids are talking by the door,1,female,0,20,0.469781756401062,0.3074643611907959,0.019960664212703705,0.09693148732185364,0.01977481134235859,0.02776627242565155,0.03602015972137451,0.02230045199394226,neutral
1141,1141,01-01-01-02-20.wav,48000,16000,3.5702291666666666,1.891875,neutral,0,1,normal,1,Kids are talking by the door,2,female,0,20,0.5107842683792114,0.19643709063529968,0.043790802359580994,0.10371623188257217,0.034630075097084045,0.02242784947156906,0.05072842165827751,0.037485167384147644,neutral
1142,1142,01-01-02-01-20.wav,48000,16000,3.4367708333333336,1.555875,neutral,0,1,normal,2,Dogs are sitting by the door,1,female,0,20,0.5820019245147705,0.16326498985290527,0.018808385357260704,0.11502701789140701,0.01250428520143032,0.027468284592032433,0.05671517550945282,0.024209940806031227,neutral
1143,1143,01-01-02-02-20.wav,48000,16000,3.536875,1.7728125,neutral,0,1,normal,2,Dogs are sitting by the door,2,female,0,20,0.5232112407684326,0.21473418176174164,0.02203509770333767,0.12055123597383499,0.016089564189314842,0.026425296440720558,0.0456722266972065,0.031281184405088425,neutral
1144,1144,02-01-01-01-20.wav,48000,16000,3.636958333333333,1.7485625,calm,1,1,normal,1,Kids are talking by the door,1,female,0,20,0.17059122025966644,0.4891687333583832,0.021157171577215195,0.19495205581188202,0.019226564094424248,0.028230026364326477,0.05642208829522133,0.020252134650945663,calm
1145,1145,02-01-01-02-20.wav,48000,16000,3.5702291666666666,1.610125,calm,1,1,normal,1,Kids are talking by the door,2,female,0,20,0.22661493718624115,0.44026845693588257,0.03144988417625427,0.17623798549175262,0.014064280316233635,0.03001760132610798,0.04827750846743584,0.033069346100091934,calm
1146,1146,02-01-02-01-20.wav,48000,16000,3.3366666666666664,1.485625,calm,1,1,normal,2,Dogs are sitting by the door,1,female,0,20,0.14641395211219788,0.5349072217941284,0.014883183874189854,0.17839302122592926,0.020498575642704964,0.026897672563791275,0.039235956966876984,0.03877042606472969,calm
1147,1147,02-01-02-02-20.wav,48000,16000,3.5035,1.60925,calm,1,1,normal,2,Dogs are sitting by the door,2,female,0,20,0.12645259499549866,0.5781956911087036,0.024785369634628296,0.12338180094957352,0.016851911321282387,0.03584049269556999,0.06259509176015854,0.03189695253968239,calm
1148,1148,02-02-01-01-20.wav,48000,16000,3.8705416666666665,1.737125,calm,1,2,strong,1,Kids are talking by the door,1,female,0,20,0.1087510734796524,0.5124226212501526,0.019803917035460472,0.23760773241519928,0.009798446670174599,0.057716697454452515,0.03527263179421425,0.018626872450113297,calm
1149,1149,02-02-01-02-20.wav,48000,16000,4.07075,2.099875,calm,1,2,strong,1,Kids are talking by the door,2,female,0,20,0.13300487399101257,0.5436534881591797,0.03480188176035881,0.13960511982440948,0.019723497331142426,0.024160977452993393,0.057333528995513916,0.04771663248538971,calm
1150,1150,02-02-02-01-20.wav,48000,16000,3.636958333333333,1.809125,calm,1,2,strong,2,Dogs are sitting by the door,1,female,0,20,0.15887916088104248,0.5442137718200684,0.042152564972639084,0.15639318525791168,0.009245628491044044,0.030115438625216484,0.04638401046395302,0.012616156600415707,calm
1151,1151,02-02-02-02-20.wav,48000,16000,3.636979166666667,1.6799375,calm,1,2,strong,2,Dogs are sitting by the door,2,female,0,20,0.0990285724401474,0.5804911851882935,0.010382751934230328,0.17644181847572327,0.011178608983755112,0.03664810210466385,0.04133346676826477,0.04449554532766342,calm
1152,1152,03-01-01-01-20.wav,48000,16000,3.536875,1.6925625,happy,2,1,normal,1,Kids are talking by the door,1,female,0,20,0.03268444910645485,0.04170166328549385,0.297779381275177,0.13928799331188202,0.092342309653759,0.11898405849933624,0.08254452794790268,0.19467560946941376,happy
1153,1153,03-01-01-02-20.wav,48000,16000,3.7036875,1.83275,happy,2,1,normal,1,Kids are talking by the door,2,female,0,20,0.13444124162197113,0.06428094953298569,0.1710030734539032,0.11741930991411209,0.07231689244508743,0.07109551131725311,0.18102671205997467,0.18841630220413208,surprised
1154,1154,03-01-02-01-20.wav,48000,16000,3.470125,1.869625,happy,2,1,normal,2,Dogs are sitting by the door,1,female,0,20,0.20139317214488983,0.17426033318042755,0.1042424663901329,0.16323989629745483,0.053590960800647736,0.0564560629427433,0.13375575840473175,0.1130613386631012,neutral
1155,1155,03-01-02-02-20.wav,48000,16000,3.403395833333333,1.5435625,happy,2,1,normal,2,Dogs are sitting by the door,2,female,0,20,0.14856500923633575,0.09929244965314865,0.2570277452468872,0.14836826920509338,0.04004128649830818,0.0687156468629837,0.0798673927783966,0.1581222414970398,happy
1156,1156,03-02-01-01-20.wav,48000,16000,3.670333333333333,1.8573125,happy,2,2,strong,1,Kids are talking by the door,1,female,0,20,0.04670678824186325,0.01976574771106243,0.3207608461380005,0.17695143818855286,0.09902193397283554,0.09095480293035507,0.08753761649131775,0.15830078721046448,happy
1157,1157,03-02-01-02-20.wav,48000,16000,4.304291666666667,3.375875,happy,2,2,strong,1,Kids are talking by the door,2,female,0,20,0.04902049899101257,0.02728082612156868,0.2764754295349121,0.13308706879615784,0.11668715626001358,0.16651852428913116,0.08674366772174835,0.1441868394613266,happy
1158,1158,03-02-02-01-20.wav,48000,16000,3.57025,1.9525,happy,2,2,strong,2,Dogs are sitting by the door,1,female,0,20,0.03571118414402008,0.03987175226211548,0.24275197088718414,0.1028444841504097,0.15159057080745697,0.16406582295894623,0.07276100665330887,0.19040317833423615,happy
1159,1159,03-02-02-02-20.wav,48000,16000,3.703708333333333,2.17225,happy,2,2,strong,2,Dogs are sitting by the door,2,female,0,20,0.008152819238603115,0.0064098224975168705,0.20228901505470276,0.13777780532836914,0.12499813735485077,0.30785536766052246,0.050314538180828094,0.16220253705978394,fearful
1160,1160,04-01-01-01-20.wav,48000,16000,3.603583333333333,2.1411875,sad,3,1,normal,1,Kids are talking by the door,1,female,0,20,0.06574829667806625,0.18581978976726532,0.042756956070661545,0.3507572114467621,0.058262523263692856,0.13243184983730316,0.09117978066205978,0.07304360717535019,sad
1161,1161,04-01-01-02-20.wav,48000,16000,3.5035,1.4706875,sad,3,1,normal,1,Kids are talking by the door,2,female,0,20,0.15432265400886536,0.288510799407959,0.03026828169822693,0.2884833812713623,0.03630219027400017,0.06432701647281647,0.09290503710508347,0.04488062113523483,calm
1162,1162,04-01-02-01-20.wav,48000,16000,3.470125,1.577625,sad,3,1,normal,2,Dogs are sitting by the door,1,female,0,20,0.06322683393955231,0.16404128074645996,0.02933448925614357,0.4381282925605774,0.033046551048755646,0.11731050163507462,0.1008610874414444,0.05405097082257271,sad
1163,1163,04-01-02-02-20.wav,48000,16000,3.370041666666667,1.500875,sad,3,1,normal,2,Dogs are sitting by the door,2,female,0,20,0.15429402887821198,0.3237469494342804,0.02951599843800068,0.29664352536201477,0.024318553507328033,0.05379971116781235,0.05466665327548981,0.06301458925008774,calm
1164,1164,04-02-01-01-20.wav,48000,16000,3.7704375,2.242625,sad,3,2,strong,1,Kids are talking by the door,1,female,0,20,0.1387132853269577,0.19113825261592865,0.04969153180718422,0.3704893887042999,0.045221418142318726,0.05391682684421539,0.10921497642993927,0.04161427170038223,sad
1165,1165,04-02-01-02-20.wav,48000,16000,4.2375625,3.0223125,sad,3,2,strong,1,Kids are talking by the door,2,female,0,20,0.057180896401405334,0.03581901267170906,0.19882510602474213,0.40058407187461853,0.0605507455766201,0.08259885758161545,0.05857258290052414,0.10586873441934586,sad
1166,1166,04-02-02-01-20.wav,48000,16000,3.8038125,1.8790625,sad,3,2,strong,2,Dogs are sitting by the door,1,female,0,20,0.19897815585136414,0.22028787434101105,0.03434102237224579,0.34136879444122314,0.023457517847418785,0.040826618671417236,0.10015542060136795,0.04058457911014557,sad
1167,1167,04-02-02-02-20.wav,48000,16000,3.970625,2.737125,sad,3,2,strong,2,Dogs are sitting by the door,2,female,0,20,0.03922500088810921,0.022377409040927887,0.16829510033130646,0.343829870223999,0.0834803655743599,0.08683843165636063,0.10930542647838593,0.14664842188358307,sad
1168,1168,05-01-01-01-20.wav,48000,16000,3.2365833333333334,1.328875,angry,4,1,normal,1,Kids are talking by the door,1,female,0,20,0.21537469327449799,0.2565499544143677,0.04709428548812866,0.2587569057941437,0.028316395357251167,0.04940246790647507,0.07242309302091599,0.07208222895860672,sad
1169,1169,05-01-01-02-20.wav,48000,16000,3.7370625,1.8381875,angry,4,1,normal,1,Kids are talking by the door,2,female,0,20,0.06364810466766357,0.047207124531269073,0.09890440851449966,0.0903228148818016,0.14981357753276825,0.14019380509853363,0.1552448719739914,0.2546653151512146,surprised
1170,1170,05-01-02-01-20.wav,48000,16000,3.670333333333333,2.0801875,angry,4,1,normal,2,Dogs are sitting by the door,1,female,0,20,0.10976985841989517,0.10197575390338898,0.11649217456579208,0.12049572169780731,0.10817824304103851,0.08152265101671219,0.21770036220550537,0.14386525750160217,disgust
1171,1171,05-01-02-02-20.wav,48000,16000,3.8037916666666662,2.6679375,angry,4,1,normal,2,Dogs are sitting by the door,2,female,0,20,0.07366081327199936,0.05628538131713867,0.16412465274333954,0.09448423981666565,0.25476473569869995,0.08024108409881592,0.13974055647850037,0.1366986185312271,angry
1172,1172,05-02-01-01-20.wav,48000,16000,4.137479166666667,3.3945,angry,4,2,strong,1,Kids are talking by the door,1,female,0,20,0.030072784051299095,0.030759518966078758,0.12192538380622864,0.046133048832416534,0.2985229194164276,0.1282879114151001,0.17487779259681702,0.16942071914672852,angry
1173,1173,05-02-01-02-20.wav,48000,16000,4.070729166666666,3.1635,angry,4,2,strong,1,Kids are talking by the door,2,female,0,20,0.03288707509636879,0.05245464667677879,0.12040742486715317,0.07667595893144608,0.27865439653396606,0.25314512848854065,0.08797434717416763,0.09780097007751465,angry
1174,1174,05-02-02-01-20.wav,48000,16000,4.404416666666667,2.8245,angry,4,2,strong,2,Dogs are sitting by the door,1,female,0,20,0.010312704369425774,0.012432271614670753,0.1470179408788681,0.05101695656776428,0.35561200976371765,0.2051752507686615,0.09923308342695236,0.11919979006052017,angry
1175,1175,05-02-02-02-20.wav,48000,16000,3.536854166666666,2.186625,angry,4,2,strong,2,Dogs are sitting by the door,2,female,0,20,0.032801490277051926,0.04698417708277702,0.11182671785354614,0.08472464978694916,0.23565331101417542,0.17350292205810547,0.12384773790836334,0.19065897166728973,angry
1176,1176,06-01-01-01-20.wav,48000,16000,3.8038125,1.607125,fearful,5,1,normal,1,Kids are talking by the door,1,female,0,20,0.11751481145620346,0.1575188934803009,0.05941799655556679,0.20963390171527863,0.03613665699958801,0.13940350711345673,0.19970719516277313,0.08066702634096146,sad
1177,1177,06-01-01-02-20.wav,48000,16000,4.371020833333334,2.026125,fearful,5,1,normal,1,Kids are talking by the door,2,female,0,20,0.09728501737117767,0.11244221031665802,0.07936237752437592,0.1906559318304062,0.05388510227203369,0.15847811102867126,0.18616370856761932,0.12172754108905792,sad
1178,1178,06-01-02-01-20.wav,48000,16000,3.937270833333333,1.621375,fearful,5,1,normal,2,Dogs are sitting by the door,1,female,0,20,0.10062799602746964,0.19438284635543823,0.020474301651120186,0.2846081554889679,0.02018030174076557,0.2073022872209549,0.11374296993017197,0.05868113040924072,sad
1179,1179,06-01-02-02-20.wav,48000,16000,3.3032916666666665,1.529375,fearful,5,1,normal,2,Dogs are sitting by the door,2,female,0,20,0.08672769367694855,0.290757954120636,0.013766732066869736,0.3588779866695404,0.023450680077075958,0.08477497100830078,0.0960993841290474,0.045544616878032684,sad
1180,1180,06-02-01-01-20.wav,48000,16000,4.2375625,4.2375625,fearful,5,2,strong,1,Kids are talking by the door,1,female,0,20,0.02249944396317005,0.0114799365401268,0.18486322462558746,0.06310534477233887,0.12553942203521729,0.38930678367614746,0.07699551433324814,0.12621033191680908,fearful
1181,1181,06-02-01-02-20.wav,48000,16000,4.170833333333333,4.170875,fearful,5,2,strong,1,Kids are talking by the door,2,female,0,20,0.016335025429725647,0.004203785676509142,0.13074320554733276,0.0574926882982254,0.14224162697792053,0.44264793395996094,0.07241154462099075,0.13392411172389984,fearful
1182,1182,06-02-02-01-20.wav,48000,16000,3.8705416666666665,2.3725625,fearful,5,2,strong,2,Dogs are sitting by the door,1,female,0,20,0.01881522685289383,0.026470135897397995,0.15515577793121338,0.1027141585946083,0.21097062528133392,0.3990726172924042,0.03972052037715912,0.047080978751182556,fearful
1183,1183,06-02-02-02-20.wav,48000,16000,3.9039166666666665,3.780125,fearful,5,2,strong,2,Dogs are sitting by the door,2,female,0,20,0.023139871656894684,0.014796690084040165,0.13617751002311707,0.0863410234451294,0.07662200182676315,0.4738072156906128,0.06804939359426498,0.12106635421514511,fearful
1184,1184,07-01-01-01-20.wav,48000,16000,3.870520833333333,2.0245,disgust,6,1,normal,1,Kids are talking by the door,1,female,0,20,0.1001310721039772,0.09286527335643768,0.06343750655651093,0.12311123311519623,0.06625755876302719,0.09713037312030792,0.3297605812549591,0.12730640172958374,disgust
1185,1185,07-01-01-02-20.wav,48000,16000,3.7370625,2.226375,disgust,6,1,normal,1,Kids are talking by the door,2,female,0,20,0.1803876757621765,0.18812204897403717,0.06266405433416367,0.14559955894947052,0.06897170096635818,0.08699938654899597,0.18795718252658844,0.07929839193820953,calm
1186,1186,07-01-02-01-20.wav,48000,16000,3.636958333333333,1.87275,disgust,6,1,normal,2,Dogs are sitting by the door,1,female,0,20,0.10417741537094116,0.21065057814121246,0.02055148035287857,0.2329641729593277,0.03069736808538437,0.0655280277132988,0.26885107159614563,0.06657986342906952,disgust
1187,1187,07-01-02-02-20.wav,48000,16000,3.8371666666666666,2.2279375,disgust,6,1,normal,2,Dogs are sitting by the door,2,female,0,20,0.15329007804393768,0.23239931464195251,0.0328352190554142,0.17707818746566772,0.030059633776545525,0.07875323295593262,0.2467469722032547,0.0488373301923275,disgust
1188,1188,07-02-01-01-20.wav,48000,16000,4.104104166666667,2.3500625,disgust,6,2,strong,1,Kids are talking by the door,1,female,0,20,0.032968852669000626,0.055933982133865356,0.10124273598194122,0.11980223655700684,0.0665227398276329,0.09293796867132187,0.3539707064628601,0.17662076652050018,disgust
1189,1189,07-02-01-02-20.wav,48000,16000,4.1040833333333335,2.3833125,disgust,6,2,strong,1,Kids are talking by the door,2,female,0,20,0.06096567213535309,0.05637948587536812,0.07222241908311844,0.11581246554851532,0.12493932992219925,0.0904015526175499,0.3447292447090149,0.1345498114824295,disgust
1190,1190,07-02-02-01-20.wav,48000,16000,4.7380625,3.02075,disgust,6,2,strong,2,Dogs are sitting by the door,1,female,0,20,0.09081264585256577,0.06531701982021332,0.14621281623840332,0.08418035507202148,0.0874384194612503,0.09492695331573486,0.24635235965251923,0.18475943803787231,disgust
1191,1191,07-02-02-02-20.wav,48000,16000,3.870520833333333,2.825875,disgust,6,2,strong,2,Dogs are sitting by the door,2,female,0,20,0.051791902631521225,0.05948583036661148,0.08695997297763824,0.08791779726743698,0.09865057468414307,0.09322048723697662,0.3152782917022705,0.20669516921043396,disgust
1192,1192,08-01-01-01-20.wav,48000,16000,3.2365833333333334,1.3628125,surprised,7,1,normal,1,Kids are talking by the door,1,female,0,20,0.06607696413993835,0.04071750119328499,0.13741131126880646,0.1171809732913971,0.07532691955566406,0.13806547224521637,0.1464409977197647,0.2787798345088959,surprised
1193,1193,08-01-01-02-20.wav,48000,16000,3.57025,2.0585,surprised,7,1,normal,1,Kids are talking by the door,2,female,0,20,0.11438395828008652,0.06079747527837753,0.09862904250621796,0.13157348334789276,0.06453370302915573,0.1222568154335022,0.14254790544509888,0.2652776539325714,surprised
1194,1194,08-01-02-01-20.wav,48000,16000,3.1364791666666667,1.375125,surprised,7,1,normal,2,Dogs are sitting by the door,1,female,0,20,0.1665572226047516,0.15716798603534698,0.08806460350751877,0.20608609914779663,0.04730925336480141,0.08938606083393097,0.11905292421579361,0.12637583911418915,sad
1195,1195,08-01-02-02-20.wav,48000,16000,3.2031875,1.3714375,surprised,7,1,normal,2,Dogs are sitting by the door,2,female,0,20,0.14413943886756897,0.0655607283115387,0.09436856955289841,0.1747785210609436,0.04475833475589752,0.07371686398983002,0.14254260063171387,0.2601349353790283,surprised
1196,1196,08-02-01-01-20.wav,48000,16000,3.7370625,2.6301875,surprised,7,2,strong,1,Kids are talking by the door,1,female,0,20,0.03268617019057274,0.038318995386362076,0.15846508741378784,0.07927206158638,0.14413200318813324,0.16278360784053802,0.13156527280807495,0.2527768313884735,surprised
1197,1197,08-02-01-02-20.wav,48000,16000,3.2365833333333334,1.651375,surprised,7,2,strong,1,Kids are talking by the door,2,female,0,20,0.08386313170194626,0.04919198900461197,0.08038956671953201,0.14424341917037964,0.06409484148025513,0.08929062634706497,0.17224761843681335,0.31667882204055786,surprised
1198,1198,08-02-02-01-20.wav,48000,16000,3.536854166666666,2.626375,surprised,7,2,strong,2,Dogs are sitting by the door,1,female,0,20,0.018102210015058517,0.012918525375425816,0.18200087547302246,0.13088148832321167,0.08997035026550293,0.2194662243127823,0.10106658190488815,0.24559377133846283,surprised
1199,1199,08-02-02-02-20.wav,48000,16000,3.4367708333333336,1.9835625,surprised,7,2,strong,2,Dogs are sitting by the door,2,female,0,20,0.09621530771255493,0.05818459391593933,0.1084476038813591,0.11775974184274673,0.0934617891907692,0.13908828794956207,0.20799748599529266,0.17884521186351776,disgust
1200,1200,01-01-01-01-21.wav,48000,16000,3.8371666666666666,2.1114375,neutral,0,1,normal,1,Kids are talking by the door,1,male,1,21,0.4874306619167328,0.1845441460609436,0.05999450385570526,0.12793686985969543,0.017132427543401718,0.032235078513622284,0.054276660084724426,0.03644966334104538,neutral
1201,1201,01-01-01-02-21.wav,48000,16000,3.970625,2.2816875,neutral,0,1,normal,1,Kids are talking by the door,2,male,1,21,0.39245539903640747,0.2999400496482849,0.03972534462809563,0.12297917157411575,0.024248452857136726,0.0380343459546566,0.040015142410993576,0.04260211065411568,neutral
1202,1202,01-01-02-01-21.wav,48000,16000,3.6036041666666665,1.9455,neutral,0,1,normal,2,Dogs are sitting by the door,1,male,1,21,0.4098864197731018,0.19878463447093964,0.08027157187461853,0.1524249017238617,0.022897783666849136,0.05934533476829529,0.036239199340343475,0.04015021026134491,neutral
1203,1203,01-01-02-02-21.wav,48000,16000,3.670333333333333,1.9429375,neutral,0,1,normal,2,Dogs are sitting by the door,2,male,1,21,0.46577101945877075,0.22047805786132812,0.06298446655273438,0.11861828714609146,0.02253679558634758,0.02657725289463997,0.03945863991975784,0.043575529009103775,neutral
1204,1204,02-01-01-01-21.wav,48000,16000,4.037375,2.459125,calm,1,1,normal,1,Kids are talking by the door,1,male,1,21,0.20438706874847412,0.5273098945617676,0.032911624759435654,0.1280285269021988,0.016937175765633583,0.029011152684688568,0.03644554689526558,0.0249690692871809,calm
1205,1205,02-01-01-02-21.wav,48000,16000,4.004,2.5014375,calm,1,1,normal,1,Kids are talking by the door,2,male,1,21,0.2298121601343155,0.4301038384437561,0.04626912996172905,0.1728837937116623,0.01510014757514,0.04529062286019325,0.03551255539059639,0.025027794763445854,calm
1206,1206,02-01-02-01-21.wav,48000,16000,3.8038125,2.122375,calm,1,1,normal,2,Dogs are sitting by the door,1,male,1,21,0.2541269361972809,0.38337406516075134,0.04518616199493408,0.14499104022979736,0.037769608199596405,0.04955187439918518,0.0480443574488163,0.03695591911673546,calm
1207,1207,02-01-02-02-21.wav,48000,16000,4.070729166666666,2.535125,calm,1,1,normal,2,Dogs are sitting by the door,2,male,1,21,0.2198466807603836,0.4072692394256592,0.06084448844194412,0.14077098667621613,0.024973563849925995,0.06257974356412888,0.04743892326951027,0.03627638891339302,calm
1208,1208,02-02-01-01-21.wav,48000,16000,4.004,2.8223125,calm,1,2,strong,1,Kids are talking by the door,1,male,1,21,0.12580600380897522,0.4725490212440491,0.05494988337159157,0.10904829949140549,0.05861106887459755,0.04921594262123108,0.08951912820339203,0.040300678461790085,calm
1209,1209,02-02-01-02-21.wav,48000,16000,4.170833333333333,3.079875,calm,1,2,strong,1,Kids are talking by the door,2,male,1,21,0.1661304384469986,0.46991512179374695,0.061645787209272385,0.12913107872009277,0.0427706316113472,0.05857637897133827,0.04681147634983063,0.025019044056534767,calm
1210,1210,02-02-02-01-21.wav,48000,16000,4.137479166666667,2.68175,calm,1,2,strong,2,Dogs are sitting by the door,1,male,1,21,0.27353566884994507,0.2934363782405853,0.0700339749455452,0.15408776700496674,0.029209623113274574,0.07442602515220642,0.05599316582083702,0.04927735775709152,calm
1211,1211,02-02-02-02-21.wav,48000,16000,3.970625,2.7324375,calm,1,2,strong,2,Dogs are sitting by the door,2,male,1,21,0.2216729372739792,0.33343395590782166,0.06611905992031097,0.1464027613401413,0.04729413241147995,0.07604943960905075,0.06173589825630188,0.047291819006204605,calm
1212,1212,03-01-01-01-21.wav,48000,16000,3.8371666666666666,2.0405,happy,2,1,normal,1,Kids are talking by the door,1,male,1,21,0.290876567363739,0.19938340783119202,0.1309148073196411,0.15280911326408386,0.02581237629055977,0.05216548964381218,0.08104905486106873,0.0669892206788063,neutral
1213,1213,03-01-01-02-21.wav,48000,16000,3.8037916666666662,2.28425,happy,2,1,normal,1,Kids are talking by the door,2,male,1,21,0.2917756736278534,0.18800297379493713,0.1599174588918686,0.13510562479496002,0.04522237926721573,0.053717825561761856,0.07379563897848129,0.052462387830019,neutral
1214,1214,03-01-02-01-21.wav,48000,16000,3.703708333333333,2.369125,happy,2,1,normal,2,Dogs are sitting by the door,1,male,1,21,0.21017540991306305,0.11884281784296036,0.2249554693698883,0.15207305550575256,0.046783655881881714,0.0722273513674736,0.07591097056865692,0.09903126955032349,happy
1215,1215,03-01-02-02-21.wav,48000,16000,3.8371666666666666,2.5154375,happy,2,1,normal,2,Dogs are sitting by the door,2,male,1,21,0.2835628092288971,0.17485198378562927,0.12895026803016663,0.13334643840789795,0.03780516982078552,0.08246444910764694,0.08110252022743225,0.07791636139154434,neutral
1216,1216,03-02-01-01-21.wav,48000,16000,3.8037916666666662,2.1243125,happy,2,2,strong,1,Kids are talking by the door,1,male,1,21,0.06198335811495781,0.0357721708714962,0.28529077768325806,0.1005738228559494,0.12188597768545151,0.10150642693042755,0.11718026548624039,0.1758071631193161,happy
1217,1217,03-02-01-02-21.wav,48000,16000,3.937270833333333,2.2705625,happy,2,2,strong,1,Kids are talking by the door,2,male,1,21,0.060416318476200104,0.04614542797207832,0.2687874436378479,0.08803914487361908,0.14674727618694305,0.09459079056978226,0.1435629278421402,0.15171070396900177,happy
1218,1218,03-02-02-01-21.wav,48000,16000,3.670333333333333,2.0513125,happy,2,2,strong,2,Dogs are sitting by the door,1,male,1,21,0.1230710968375206,0.08276230841875076,0.2573436200618744,0.13131752610206604,0.07279220223426819,0.09925328195095062,0.09517618268728256,0.13828375935554504,happy
1219,1219,03-02-02-02-21.wav,48000,16000,3.8037916666666662,2.4720625,happy,2,2,strong,2,Dogs are sitting by the door,2,male,1,21,0.05458313599228859,0.04749097302556038,0.29894477128982544,0.1132132038474083,0.1134040579199791,0.11470246315002441,0.1031842827796936,0.15447716414928436,happy
1220,1220,04-01-01-01-21.wav,48000,16000,4.304291666666667,2.5055,sad,3,1,normal,1,Kids are talking by the door,1,male,1,21,0.20913900434970856,0.22948147356510162,0.0605422705411911,0.26124307513237,0.04216212406754494,0.04206940531730652,0.10274603217840195,0.052616626024246216,sad
1221,1221,04-01-01-02-21.wav,48000,16000,4.604604166666666,2.7063125,sad,3,1,normal,1,Kids are talking by the door,2,male,1,21,0.189264178276062,0.3069010078907013,0.03362295776605606,0.25307273864746094,0.0452549047768116,0.046173714101314545,0.08992214500904083,0.03578827157616615,calm
1222,1222,04-01-02-01-21.wav,48000,16000,4.07075,2.4183125,sad,3,1,normal,2,Dogs are sitting by the door,1,male,1,21,0.17094378173351288,0.15299712121486664,0.08906569331884384,0.2853423058986664,0.07484180480241776,0.05554981157183647,0.1099952757358551,0.06126423552632332,sad
1223,1223,04-01-02-02-21.wav,48000,16000,4.2041875,2.4053125,sad,3,1,normal,2,Dogs are sitting by the door,2,male,1,21,0.22118091583251953,0.14756833016872406,0.06991545110940933,0.283623605966568,0.05629287287592888,0.05264003947377205,0.12181857228279114,0.04696020856499672,sad
1224,1224,04-02-01-01-21.wav,48000,16000,4.170833333333333,2.6609375,sad,3,2,strong,1,Kids are talking by the door,1,male,1,21,0.031025204807519913,0.02361859567463398,0.12298135459423065,0.4932292103767395,0.050622303038835526,0.10514307022094727,0.10738188773393631,0.0659983828663826,sad
1225,1225,04-02-01-02-21.wav,48000,16000,4.2709166666666665,2.7645625,sad,3,2,strong,1,Kids are talking by the door,2,male,1,21,0.03356866538524628,0.03689572215080261,0.1403215080499649,0.4819583296775818,0.0704784244298935,0.11575142294168472,0.052840545773506165,0.06818545609712601,sad
1226,1226,04-02-02-01-21.wav,48000,16000,4.2709375,2.7485625,sad,3,2,strong,2,Dogs are sitting by the door,1,male,1,21,0.09268035739660263,0.04816493019461632,0.12093022465705872,0.33320432901382446,0.058689333498477936,0.12766538560390472,0.1197066381573677,0.09895876795053482,sad
1227,1227,04-02-02-02-21.wav,48000,16000,4.137479166666667,2.609125,sad,3,2,strong,2,Dogs are sitting by the door,2,male,1,21,0.06811507046222687,0.049758195877075195,0.11273680627346039,0.45917826890945435,0.0665765330195427,0.08728428930044174,0.09426272660493851,0.06208817660808563,sad
1228,1228,05-01-01-01-21.wav,48000,16000,4.137479166666667,2.80925,angry,4,1,normal,1,Kids are talking by the door,1,male,1,21,0.016899114474654198,0.013253390789031982,0.10148891061544418,0.05397415533661842,0.4139273166656494,0.11604225635528564,0.14800825715065002,0.1364065557718277,angry
1229,1229,05-01-01-02-21.wav,48000,16000,4.004,2.3566875,angry,4,1,normal,1,Kids are talking by the door,2,male,1,21,0.020833875983953476,0.011267692781984806,0.16674602031707764,0.07153987139463425,0.2877531349658966,0.13292700052261353,0.16546694934368134,0.14346545934677124,angry
1230,1230,05-01-02-01-21.wav,48000,16000,4.070729166666666,2.8789375,angry,4,1,normal,2,Dogs are sitting by the door,1,male,1,21,0.018615517765283585,0.012615745887160301,0.09418155252933502,0.0682104304432869,0.3920972943305969,0.14996205270290375,0.13672325015068054,0.12759412825107574,angry
1231,1231,05-01-02-02-21.wav,48000,16000,3.937270833333333,2.6511875,angry,4,1,normal,2,Dogs are sitting by the door,2,male,1,21,0.02304856665432453,0.012539519928395748,0.10689946264028549,0.06254152953624725,0.37927496433258057,0.143819659948349,0.16825620830059052,0.10362010449171066,angry
1232,1232,05-02-01-01-21.wav,48000,16000,4.371041666666667,3.589875,angry,4,2,strong,1,Kids are talking by the door,1,male,1,21,0.03346118703484535,0.021813195198774338,0.10341136157512665,0.045817650854587555,0.4675063490867615,0.12748226523399353,0.111790731549263,0.0887172520160675,angry
1233,1233,05-02-01-02-21.wav,48000,16000,4.471125,3.6523125,angry,4,2,strong,1,Kids are talking by the door,2,male,1,21,0.007244762498885393,0.01424697507172823,0.12063009291887283,0.054050981998443604,0.48970624804496765,0.13096481561660767,0.09460782259702682,0.08854834735393524,angry
1234,1234,05-02-02-01-21.wav,48000,16000,4.1040833333333335,2.8178125,angry,4,2,strong,2,Dogs are sitting by the door,1,male,1,21,0.01468790415674448,0.01968465931713581,0.14151383936405182,0.055028319358825684,0.4143529534339905,0.13437625765800476,0.09716708213090897,0.12318897992372513,angry
1235,1235,05-02-02-02-21.wav,48000,16000,4.2375625,3.2376875,angry,4,2,strong,2,Dogs are sitting by the door,2,male,1,21,0.017959170043468475,0.027994554489850998,0.0766359269618988,0.04474293068051338,0.5258848667144775,0.12506970763206482,0.0987495481967926,0.08296322822570801,angry
1236,1236,06-01-01-01-21.wav,48000,16000,3.670333333333333,2.617625,fearful,5,1,normal,1,Kids are talking by the door,1,male,1,21,0.10015237331390381,0.09961032122373581,0.13097430765628815,0.1777353286743164,0.07995951175689697,0.16676370799541473,0.12079469859600067,0.12400968372821808,sad
1237,1237,06-01-01-02-21.wav,48000,16000,3.7704166666666663,2.54025,fearful,5,1,normal,1,Kids are talking by the door,2,male,1,21,0.10000035166740417,0.08281727880239487,0.137369766831398,0.17308910191059113,0.09529495239257812,0.13560020923614502,0.14923779666423798,0.1265905350446701,sad
1238,1238,06-01-02-01-21.wav,48000,16000,3.970625,2.4479375,fearful,5,1,normal,2,Dogs are sitting by the door,1,male,1,21,0.15966935455799103,0.10720094293355942,0.1275906264781952,0.17999307811260223,0.08890941739082336,0.17110401391983032,0.09017584472894669,0.07535671442747116,sad
1239,1239,06-01-02-02-21.wav,48000,16000,4.070729166666666,2.1513125,fearful,5,1,normal,2,Dogs are sitting by the door,2,male,1,21,0.15055671334266663,0.13348615169525146,0.14048106968402863,0.1706395447254181,0.04977962374687195,0.13053052127361298,0.09879834204912186,0.12572801113128662,sad
1240,1240,06-02-01-01-21.wav,48000,16000,3.970625,2.7628125,fearful,5,2,strong,1,Kids are talking by the door,1,male,1,21,0.03525727614760399,0.01672978885471821,0.13802175223827362,0.1266137808561325,0.18453417718410492,0.2544597089290619,0.09533364325761795,0.14904986321926117,fearful
1241,1241,06-02-01-02-21.wav,48000,16000,3.8371666666666666,2.78525,fearful,5,2,strong,1,Kids are talking by the door,2,male,1,21,0.026155957952141762,0.02599060721695423,0.1735217422246933,0.12427955865859985,0.1384710967540741,0.2732120752334595,0.09505020827054977,0.1433187574148178,fearful
1242,1242,06-02-02-01-21.wav,48000,16000,3.7704375,2.4196875,fearful,5,2,strong,2,Dogs are sitting by the door,1,male,1,21,0.039447855204343796,0.037463635206222534,0.15137262642383575,0.15351803600788116,0.10272344201803207,0.2784128487110138,0.11727750301361084,0.11978406459093094,fearful
1243,1243,06-02-02-02-21.wav,48000,16000,3.636958333333333,2.1685,fearful,5,2,strong,2,Dogs are sitting by the door,2,male,1,21,0.09184296429157257,0.04479518160223961,0.14613088965415955,0.13635694980621338,0.14102599024772644,0.21271951496601105,0.10348968207836151,0.1236388310790062,fearful
1244,1244,07-01-01-01-21.wav,48000,16000,3.8037916666666662,2.108,disgust,6,1,normal,1,Kids are talking by the door,1,male,1,21,0.09618713706731796,0.07060347497463226,0.10870053619146347,0.05610175430774689,0.09815538674592972,0.048808638006448746,0.3832576274871826,0.13818544149398804,disgust
1245,1245,07-01-01-02-21.wav,48000,16000,4.07075,2.4589375,disgust,6,1,normal,1,Kids are talking by the door,2,male,1,21,0.07484761625528336,0.06477019190788269,0.09619084745645523,0.09008771181106567,0.08106593042612076,0.08196284621953964,0.42500269412994385,0.08607218414545059,disgust
1246,1246,07-01-02-01-21.wav,48000,16000,3.636979166666667,2.1926875,disgust,6,1,normal,2,Dogs are sitting by the door,1,male,1,21,0.11688889563083649,0.05697285383939743,0.09941957890987396,0.1258608102798462,0.10306566208600998,0.0890427827835083,0.2959674894809723,0.11278191953897476,disgust
1247,1247,07-01-02-02-21.wav,48000,16000,3.6036041666666665,1.8615,disgust,6,1,normal,2,Dogs are sitting by the door,2,male,1,21,0.05570678412914276,0.02910350076854229,0.08887825906276703,0.11958028376102448,0.14956529438495636,0.08631441742181778,0.3873927891254425,0.08345863223075867,disgust
1248,1248,07-02-01-01-21.wav,48000,16000,4.070729166666666,2.2699375,disgust,6,2,strong,1,Kids are talking by the door,1,male,1,21,0.09919671714305878,0.057830702513456345,0.12416356056928635,0.1071050614118576,0.08917880058288574,0.05298355594277382,0.4122506082057953,0.05729095637798309,disgust
1249,1249,07-02-01-02-21.wav,48000,16000,4.037354166666667,2.302625,disgust,6,2,strong,1,Kids are talking by the door,2,male,1,21,0.10730814188718796,0.05087403580546379,0.10855609178543091,0.12921418249607086,0.0964004173874855,0.06707072257995605,0.35685718059539795,0.08371920883655548,disgust
1250,1250,07-02-02-01-21.wav,48000,16000,4.170833333333333,2.517125,disgust,6,2,strong,2,Dogs are sitting by the door,1,male,1,21,0.04972384497523308,0.030835755169391632,0.12851884961128235,0.06629431992769241,0.15318509936332703,0.06482918560504913,0.4059595465660095,0.10065336525440216,disgust
1251,1251,07-02-02-02-21.wav,48000,16000,3.970625,2.44975,disgust,6,2,strong,2,Dogs are sitting by the door,2,male,1,21,0.12231969088315964,0.05883210524916649,0.07964372634887695,0.11254418641328812,0.10638153553009033,0.06232859194278717,0.3708939254283905,0.08705627173185349,disgust
1252,1252,08-01-01-01-21.wav,48000,16000,3.5035,1.87125,surprised,7,1,normal,1,Kids are talking by the door,1,male,1,21,0.1367594599723816,0.049048252403736115,0.1440930962562561,0.08661972731351852,0.0989600419998169,0.10014674812555313,0.1268589198589325,0.25751376152038574,surprised
1253,1253,08-01-01-02-21.wav,48000,16000,3.470125,1.7939375,surprised,7,1,normal,1,Kids are talking by the door,2,male,1,21,0.1566275805234909,0.06522747874259949,0.12790581583976746,0.09565538167953491,0.10973894596099854,0.10104000568389893,0.09764886647462845,0.24615590274333954,surprised
1254,1254,08-01-02-01-21.wav,48000,16000,3.470145833333333,1.89425,surprised,7,1,normal,2,Dogs are sitting by the door,1,male,1,21,0.09136610478162766,0.05966390669345856,0.15955381095409393,0.1212598979473114,0.1373451054096222,0.1404741406440735,0.10561823099851608,0.1847188025712967,surprised
1255,1255,08-01-02-02-21.wav,48000,16000,3.5702291666666666,1.9611875,surprised,7,1,normal,2,Dogs are sitting by the door,2,male,1,21,0.14635254442691803,0.06992596387863159,0.12542426586151123,0.1680968701839447,0.07755091041326523,0.10971572250127792,0.10572734475135803,0.19720642268657684,surprised
1256,1256,08-02-01-01-21.wav,48000,16000,3.636958333333333,2.1059375,surprised,7,2,strong,1,Kids are talking by the door,1,male,1,21,0.03694474697113037,0.026423892006278038,0.15829387307167053,0.09330002218484879,0.1430620402097702,0.15075604617595673,0.09205923974514008,0.29916009306907654,surprised
1257,1257,08-02-01-02-21.wav,48000,16000,3.636979166666667,2.214375,surprised,7,2,strong,1,Kids are talking by the door,2,male,1,21,0.046478308737277985,0.032001569867134094,0.16675198078155518,0.07318666577339172,0.13292761147022247,0.16599752008914948,0.11427760869264603,0.26837876439094543,surprised
1258,1258,08-02-02-01-21.wav,48000,16000,3.470145833333333,2.09575,surprised,7,2,strong,2,Dogs are sitting by the door,1,male,1,21,0.07753770053386688,0.015975119546055794,0.11481896787881851,0.07524780184030533,0.22535958886146545,0.12958507239818573,0.13082119822502136,0.23065456748008728,surprised
1259,1259,08-02-02-02-21.wav,48000,16000,3.536875,2.090625,surprised,7,2,strong,2,Dogs are sitting by the door,2,male,1,21,0.0454430915415287,0.025354837998747826,0.12425573915243149,0.08919193595647812,0.1974107176065445,0.12932147085666656,0.11760260909795761,0.27141958475112915,surprised
1260,1260,01-01-01-01-22.wav,48000,16000,3.636979166666667,2.0376875,neutral,0,1,normal,1,Kids are talking by the door,1,female,0,22,0.47896331548690796,0.2768111526966095,0.03188452497124672,0.1090470403432846,0.013378970324993134,0.01748267002403736,0.03706393390893936,0.03536837548017502,neutral
1261,1261,01-01-01-02-22.wav,48000,16000,3.4367708333333336,2.03875,neutral,0,1,normal,1,Kids are talking by the door,2,female,0,22,0.4353828430175781,0.23544716835021973,0.06249988079071045,0.1214037537574768,0.03574598580598831,0.034260280430316925,0.044857222586870193,0.03040286898612976,neutral
1262,1262,01-01-02-01-22.wav,48000,16000,3.603583333333333,1.9675,neutral,0,1,normal,2,Dogs are sitting by the door,1,female,0,22,0.5228288769721985,0.2038436084985733,0.027280187234282494,0.11758475750684738,0.022016318514943123,0.031865306198596954,0.04464182257652283,0.029939068481326103,neutral
1263,1263,01-01-02-02-22.wav,48000,16000,3.536854166666666,2.00575,neutral,0,1,normal,2,Dogs are sitting by the door,2,female,0,22,0.45729923248291016,0.23876091837882996,0.031226297840476036,0.1579691469669342,0.0203735139220953,0.028580496087670326,0.03179917484521866,0.03399120643734932,neutral
1264,1264,02-01-01-01-22.wav,48000,16000,3.536854166666666,2.0425,calm,1,1,normal,1,Kids are talking by the door,1,female,0,22,0.2273436337709427,0.3982076346874237,0.04425864666700363,0.139800027012825,0.03809143975377083,0.03927094489336014,0.08099599182605743,0.03203172609210014,calm
1265,1265,02-01-01-02-22.wav,48000,16000,3.5702291666666666,2.2190625,calm,1,1,normal,1,Kids are talking by the door,2,female,0,22,0.2417926788330078,0.38080695271492004,0.08328933268785477,0.1161108911037445,0.051401399075984955,0.02727886475622654,0.060785915702581406,0.038533907383680344,calm
1266,1266,02-01-02-01-22.wav,48000,16000,3.5702291666666666,2.032625,calm,1,1,normal,2,Dogs are sitting by the door,1,female,0,22,0.2910583019256592,0.3487163782119751,0.05637284368276596,0.161151722073555,0.019208624958992004,0.040559250861406326,0.04708298295736313,0.0358499214053154,calm
1267,1267,02-01-02-02-22.wav,48000,16000,3.536875,2.019375,calm,1,1,normal,2,Dogs are sitting by the door,2,female,0,22,0.23024681210517883,0.41991204023361206,0.04907994344830513,0.16003337502479553,0.027749663218855858,0.04223768413066864,0.04087039455771446,0.029870063066482544,calm
1268,1268,02-02-01-01-22.wav,48000,16000,3.703708333333333,2.3879375,calm,1,2,strong,1,Kids are talking by the door,1,female,0,22,0.12707510590553284,0.490840345621109,0.0439155250787735,0.1483224630355835,0.04311053082346916,0.041525308042764664,0.0778469368815422,0.027363784611225128,calm
1269,1269,02-02-01-02-22.wav,48000,16000,3.8371666666666666,2.247875,calm,1,2,strong,1,Kids are talking by the door,2,female,0,22,0.1599128246307373,0.44370606541633606,0.0427626296877861,0.15585339069366455,0.029999226331710815,0.04207548499107361,0.08599597960710526,0.03969438374042511,calm
1270,1270,02-02-02-01-22.wav,48000,16000,3.636958333333333,2.232125,calm,1,2,strong,2,Dogs are sitting by the door,1,female,0,22,0.1797284334897995,0.46354541182518005,0.05043947696685791,0.13933108747005463,0.06446675211191177,0.028641145676374435,0.05146230757236481,0.02238539792597294,calm
1271,1271,02-02-02-02-22.wav,48000,16000,3.7704375,2.305625,calm,1,2,strong,2,Dogs are sitting by the door,2,female,0,22,0.20544500648975372,0.40611541271209717,0.05787363275885582,0.13753558695316315,0.0618479959666729,0.03344257175922394,0.0633104145526886,0.03442941978573799,calm
1272,1272,03-01-01-01-22.wav,48000,16000,3.536875,2.488125,happy,2,1,normal,1,Kids are talking by the door,1,female,0,22,0.20706357061862946,0.20972894132137299,0.15231430530548096,0.15118668973445892,0.06342308223247528,0.04990386590361595,0.08410296589136124,0.08227661997079849,calm
1273,1273,03-01-01-02-22.wav,48000,16000,3.4367708333333336,2.052125,happy,2,1,normal,1,Kids are talking by the door,2,female,0,22,0.1550149917602539,0.1768687218427658,0.1713378131389618,0.16145792603492737,0.08433017134666443,0.07768435031175613,0.08975041657686234,0.08355557918548584,calm
1274,1274,03-01-02-01-22.wav,48000,16000,3.5035,1.946875,happy,2,1,normal,2,Dogs are sitting by the door,1,female,0,22,0.19966614246368408,0.13372673094272614,0.13171592354774475,0.17313475906848907,0.06643713265657425,0.06438915431499481,0.13169868290424347,0.09923146665096283,neutral
1275,1275,03-01-02-02-22.wav,48000,16000,3.5035,1.9296875,happy,2,1,normal,2,Dogs are sitting by the door,2,female,0,22,0.2116643190383911,0.22504961490631104,0.1414528340101242,0.1649567186832428,0.0714004710316658,0.04124872758984566,0.0778113380074501,0.0664159506559372,calm
1276,1276,03-02-01-01-22.wav,48000,16000,3.7370833333333335,2.3039375,happy,2,2,strong,1,Kids are talking by the door,1,female,0,22,0.04904418811202049,0.034683145582675934,0.2385263592004776,0.08344962447881699,0.1292264759540558,0.13632942736148834,0.07746116816997528,0.2512795925140381,surprised
1277,1277,03-02-01-02-22.wav,48000,16000,3.8371666666666666,2.6430625,happy,2,2,strong,1,Kids are talking by the door,2,female,0,22,0.02412392944097519,0.0429842509329319,0.21101151406764984,0.08785831183195114,0.1501566618680954,0.11160437762737274,0.13327541947364807,0.2389855682849884,surprised
1278,1278,03-02-02-01-22.wav,48000,16000,3.670333333333333,2.3895,happy,2,2,strong,2,Dogs are sitting by the door,1,female,0,22,0.013748067431151867,0.02687544748187065,0.16217190027236938,0.0582515113055706,0.1932392120361328,0.16361217200756073,0.14605507254600525,0.23604664206504822,surprised
1279,1279,03-02-02-02-22.wav,48000,16000,3.937270833333333,2.7008125,happy,2,2,strong,2,Dogs are sitting by the door,2,female,0,22,0.05547651648521423,0.046554651111364365,0.23072150349617004,0.07942081987857819,0.14111950993537903,0.10365848988294601,0.1344485729932785,0.20859988033771515,happy
1280,1280,04-01-01-01-22.wav,48000,16000,3.6036041666666665,1.9760625,sad,3,1,normal,1,Kids are talking by the door,1,female,0,22,0.21682508289813995,0.2295866459608078,0.059184301644563675,0.2693725526332855,0.04036631062626839,0.06064120680093765,0.07897435873746872,0.045049555599689484,sad
1281,1281,04-01-01-02-22.wav,48000,16000,3.703708333333333,2.2325625,sad,3,1,normal,1,Kids are talking by the door,2,female,0,22,0.20895709097385406,0.2375667244195938,0.055124104022979736,0.24175022542476654,0.04880534112453461,0.06920266151428223,0.08830421417951584,0.050289642065763474,sad
1282,1282,04-01-02-01-22.wav,48000,16000,3.670333333333333,2.38675,sad,3,1,normal,2,Dogs are sitting by the door,1,female,0,22,0.23496009409427643,0.1612658053636551,0.08215322345495224,0.22215452790260315,0.06102939322590828,0.06228437274694443,0.10409308224916458,0.07205939292907715,neutral
1283,1283,04-01-02-02-22.wav,48000,16000,3.703708333333333,2.494375,sad,3,1,normal,2,Dogs are sitting by the door,2,female,0,22,0.2301717847585678,0.15701688826084137,0.0625845268368721,0.23156513273715973,0.06246756389737129,0.07963470369577408,0.10933879017829895,0.06722060590982437,sad
1284,1284,04-02-01-01-22.wav,48000,16000,3.7370625,2.3973125,sad,3,2,strong,1,Kids are talking by the door,1,female,0,22,0.16935959458351135,0.14931118488311768,0.09205719828605652,0.22545908391475677,0.05691071227192879,0.09803172945976257,0.12121789157390594,0.08765258640050888,sad
1285,1285,04-02-01-02-22.wav,48000,16000,3.636979166666667,2.475,sad,3,2,strong,1,Kids are talking by the door,2,female,0,22,0.1652815192937851,0.09971227496862411,0.1011192798614502,0.2508280873298645,0.05708138644695282,0.10905192047357559,0.12266767770051956,0.09425783902406693,sad
1286,1286,04-02-02-01-22.wav,48000,16000,3.7370833333333335,2.1923125,sad,3,2,strong,2,Dogs are sitting by the door,1,female,0,22,0.2056598961353302,0.15730687975883484,0.06349257379770279,0.27111923694610596,0.05943514034152031,0.09125711768865585,0.09046225249767303,0.061266928911209106,sad
1287,1287,04-02-02-02-22.wav,48000,16000,3.8371666666666666,2.1258125,sad,3,2,strong,2,Dogs are sitting by the door,2,female,0,22,0.18844935297966003,0.15273630619049072,0.08544908463954926,0.2104121446609497,0.057563357055187225,0.06217757984995842,0.10114754736423492,0.1420646756887436,sad
1288,1288,05-01-01-01-22.wav,48000,16000,3.703708333333333,2.3814375,angry,4,1,normal,1,Kids are talking by the door,1,female,0,22,0.1625443398952484,0.15888157486915588,0.11623676866292953,0.14609141647815704,0.12087631225585938,0.07193851470947266,0.13500556349754333,0.08842547982931137,neutral
1289,1289,05-01-01-02-22.wav,48000,16000,3.7370625,2.141875,angry,4,1,normal,1,Kids are talking by the door,2,female,0,22,0.10248567909002304,0.1154574304819107,0.1010311096906662,0.14593257009983063,0.15963706374168396,0.06425066292285919,0.2019118070602417,0.1092936173081398,disgust
1290,1290,05-01-02-01-22.wav,48000,16000,3.870520833333333,2.54025,angry,4,1,normal,2,Dogs are sitting by the door,1,female,0,22,0.10359375178813934,0.10731908679008484,0.12289680540561676,0.13849328458309174,0.15532179176807404,0.06573518365621567,0.20136034488677979,0.1052798479795456,disgust
1291,1291,05-01-02-02-22.wav,48000,16000,4.037354166666667,2.8020625,angry,4,1,normal,2,Dogs are sitting by the door,2,female,0,22,0.09079421311616898,0.07718837261199951,0.1230810135602951,0.11820002645254135,0.20855927467346191,0.07379764318466187,0.1839018315076828,0.12447762489318848,angry
1292,1292,05-02-01-01-22.wav,48000,16000,3.8705416666666665,2.5929375,angry,4,2,strong,1,Kids are talking by the door,1,female,0,22,0.03919428959488869,0.015470755286514759,0.14320634305477142,0.0689837709069252,0.2713969647884369,0.154624342918396,0.17964525520801544,0.12747822701931,angry
1293,1293,05-02-01-02-22.wav,48000,16000,3.903895833333333,2.553625,angry,4,2,strong,1,Kids are talking by the door,2,female,0,22,0.03467769920825958,0.027635429054498672,0.11502017080783844,0.08458886295557022,0.30400094389915466,0.1135098934173584,0.1989317536354065,0.12163526564836502,angry
1294,1294,05-02-02-01-22.wav,48000,16000,4.237583333333333,2.921,angry,4,2,strong,2,Dogs are sitting by the door,1,female,0,22,0.05036044120788574,0.025057530030608177,0.10423531383275986,0.061036139726638794,0.3277856111526489,0.1555403769016266,0.15922534465789795,0.11675920337438583,angry
1295,1295,05-02-02-02-22.wav,48000,16000,4.204208333333334,2.9925,angry,4,2,strong,2,Dogs are sitting by the door,2,female,0,22,0.021392961964011192,0.018164929002523422,0.1268203854560852,0.06495286524295807,0.36668795347213745,0.16189545392990112,0.1261432021856308,0.11394228041172028,angry
1296,1296,06-01-01-01-22.wav,48000,16000,3.57025,2.3809375,fearful,5,1,normal,1,Kids are talking by the door,1,female,0,22,0.12042896449565887,0.12181435525417328,0.08963769674301147,0.17181368172168732,0.07244446873664856,0.1412055939435959,0.14469453692436218,0.13796068727970123,sad
1297,1297,06-01-01-02-22.wav,48000,16000,3.6036041666666665,2.181,fearful,5,1,normal,1,Kids are talking by the door,2,female,0,22,0.08433835208415985,0.08174530416727066,0.13269004225730896,0.17023372650146484,0.06701914221048355,0.1334606558084488,0.1619584858417511,0.16855427622795105,sad
1298,1298,06-01-02-01-22.wav,48000,16000,3.670333333333333,2.601875,fearful,5,1,normal,2,Dogs are sitting by the door,1,female,0,22,0.10923604667186737,0.057465068995952606,0.11153216660022736,0.14716696739196777,0.07427918165922165,0.17923904955387115,0.148622527718544,0.1724589765071869,fearful
1299,1299,06-01-02-02-22.wav,48000,16000,3.536875,2.2834375,fearful,5,1,normal,2,Dogs are sitting by the door,2,female,0,22,0.10476886481046677,0.07567789405584335,0.12219579517841339,0.16684339940547943,0.08841764181852341,0.16312812268733978,0.14422698318958282,0.13474130630493164,sad
1300,1300,06-02-01-01-22.wav,48000,16000,3.5702291666666666,2.382,fearful,5,2,strong,1,Kids are talking by the door,1,female,0,22,0.03732559457421303,0.023984670639038086,0.08994735032320023,0.052975285798311234,0.12674418091773987,0.35022780299186707,0.07757043093442917,0.24122467637062073,fearful
1301,1301,06-02-01-02-22.wav,48000,16000,3.5702291666666666,2.1736875,fearful,5,2,strong,1,Kids are talking by the door,2,female,0,22,0.009517045691609383,0.029064824804663658,0.13306349515914917,0.06265682727098465,0.1283246874809265,0.31236597895622253,0.1015695184469223,0.2234376221895218,fearful
1302,1302,06-02-02-01-22.wav,48000,16000,3.670333333333333,2.372,fearful,5,2,strong,2,Dogs are sitting by the door,1,female,0,22,0.015977971255779266,0.021662045270204544,0.11602285504341125,0.07555218040943146,0.1653745174407959,0.34425076842308044,0.10239852964878082,0.15876111388206482,fearful
1303,1303,06-02-02-02-22.wav,48000,16000,3.6036041666666665,2.359375,fearful,5,2,strong,2,Dogs are sitting by the door,2,female,0,22,0.008424069732427597,0.008722648955881596,0.1401381939649582,0.08093013614416122,0.14373920857906342,0.31728702783584595,0.1128869354724884,0.1878717839717865,fearful
1304,1304,07-01-01-01-22.wav,48000,16000,3.7036875,2.01675,disgust,6,1,normal,1,Kids are talking by the door,1,female,0,22,0.12960337102413177,0.10912954807281494,0.10585279762744904,0.16968460381031036,0.06882573664188385,0.08018048852682114,0.20168869197368622,0.13503476977348328,disgust
1305,1305,07-01-01-02-22.wav,48000,16000,3.903895833333333,2.50075,disgust,6,1,normal,1,Kids are talking by the door,2,female,0,22,0.11821961402893066,0.11129587888717651,0.11745991557836533,0.154401496052742,0.118909552693367,0.058578263968229294,0.20831848680973053,0.11281680315732956,disgust
1306,1306,07-01-02-01-22.wav,48000,16000,3.8037916666666662,2.1696875,disgust,6,1,normal,2,Dogs are sitting by the door,1,female,0,22,0.09963288903236389,0.1181163415312767,0.07255946099758148,0.20088808238506317,0.05540592223405838,0.05917080119252205,0.25010421872138977,0.14412227272987366,disgust
1307,1307,07-01-02-02-22.wav,48000,16000,3.8371666666666666,2.4266875,disgust,6,1,normal,2,Dogs are sitting by the door,2,female,0,22,0.16591905057430267,0.08761423081159592,0.07734429091215134,0.20272882282733917,0.08314070850610733,0.05622993782162666,0.2247350662946701,0.10228791832923889,disgust
1308,1308,07-02-01-01-22.wav,48000,16000,4.2375625,2.9369375,disgust,6,2,strong,1,Kids are talking by the door,1,female,0,22,0.06719918549060822,0.10726778954267502,0.09408481419086456,0.12579724192619324,0.10958193242549896,0.0726688802242279,0.27762672305107117,0.14577342569828033,disgust
1309,1309,07-02-01-02-22.wav,48000,16000,4.170833333333333,2.4864375,disgust,6,2,strong,1,Kids are talking by the door,2,female,0,22,0.06364261358976364,0.09048577398061752,0.14828501641750336,0.13863559067249298,0.07600245624780655,0.08194643259048462,0.30894702672958374,0.09205511957406998,disgust
1310,1310,07-02-02-01-22.wav,48000,16000,4.204208333333334,2.6541875,disgust,6,2,strong,2,Dogs are sitting by the door,1,female,0,22,0.12049226462841034,0.09309149533510208,0.07488732039928436,0.15349307656288147,0.07012900710105896,0.08511639386415482,0.27098581194877625,0.13180463016033173,disgust
1311,1311,07-02-02-02-22.wav,48000,16000,4.1040833333333335,2.761,disgust,6,2,strong,2,Dogs are sitting by the door,2,female,0,22,0.1064901277422905,0.10465525090694427,0.10842087864875793,0.12445613741874695,0.08916017413139343,0.06042678281664848,0.2705741822719574,0.13581646978855133,disgust
1312,1312,08-01-01-01-22.wav,48000,16000,3.536875,1.970375,surprised,7,1,normal,1,Kids are talking by the door,1,female,0,22,0.07018373161554337,0.06120343133807182,0.11685743927955627,0.12782789766788483,0.08676180243492126,0.1141427680850029,0.1590597927570343,0.26396313309669495,surprised
1313,1313,08-01-01-02-22.wav,48000,16000,3.5702291666666666,2.0571875,surprised,7,1,normal,1,Kids are talking by the door,2,female,0,22,0.09922534227371216,0.05685579776763916,0.1375388354063034,0.12495865672826767,0.07232661545276642,0.12941834330558777,0.1187242716550827,0.2609521448612213,surprised
1314,1314,08-01-02-01-22.wav,48000,16000,3.4367708333333336,1.9669375,surprised,7,1,normal,2,Dogs are sitting by the door,1,female,0,22,0.060203421860933304,0.03456299379467964,0.1021469235420227,0.15559422969818115,0.15091605484485626,0.09646514058113098,0.13018503785133362,0.26992616057395935,surprised
1315,1315,08-01-02-02-22.wav,48000,16000,3.6036041666666665,2.2108125,surprised,7,1,normal,2,Dogs are sitting by the door,2,female,0,22,0.046540915966033936,0.03292565420269966,0.1650451272726059,0.17071124911308289,0.09600512683391571,0.10619001090526581,0.10908615589141846,0.27349576354026794,surprised
1316,1316,08-02-01-01-22.wav,48000,16000,3.5702291666666666,2.1785625,surprised,7,2,strong,1,Kids are talking by the door,1,female,0,22,0.06119449436664581,0.04663727805018425,0.1400197595357895,0.0939943864941597,0.13377754390239716,0.11262036859989166,0.12554338574409485,0.2862127721309662,surprised
1317,1317,08-02-01-02-22.wav,48000,16000,3.7370833333333335,2.420125,surprised,7,2,strong,1,Kids are talking by the door,2,female,0,22,0.05878357216715813,0.031952422112226486,0.12574352324008942,0.09478909522294998,0.12549246847629547,0.15507709980010986,0.11871034651994705,0.2894514501094818,surprised
1318,1318,08-02-02-01-22.wav,48000,16000,3.703708333333333,2.4760625,surprised,7,2,strong,2,Dogs are sitting by the door,1,female,0,22,0.0342019684612751,0.03221006318926811,0.12720273435115814,0.13147680461406708,0.12190743535757065,0.1262703835964203,0.1247362568974495,0.30199435353279114,surprised
1319,1319,08-02-02-02-22.wav,48000,16000,3.636958333333333,2.3475625,surprised,7,2,strong,2,Dogs are sitting by the door,2,female,0,22,0.07885080575942993,0.036689575761556625,0.11979556083679199,0.057551175355911255,0.14961989223957062,0.12383656203746796,0.11690805107355118,0.31674835085868835,surprised
1320,1320,01-01-01-01-23.wav,48000,16000,3.8037916666666662,2.0648125,neutral,0,1,normal,1,Kids are talking by the door,1,male,1,23,0.3768755793571472,0.17474427819252014,0.07705576717853546,0.1633816808462143,0.02772861160337925,0.041267432272434235,0.08693012595176697,0.05201653763651848,neutral
1321,1321,01-01-01-02-23.wav,48000,16000,3.7370625,1.8824375,neutral,0,1,normal,1,Kids are talking by the door,2,male,1,23,0.48176273703575134,0.11284436285495758,0.09667261689901352,0.11834458261728287,0.026546481996774673,0.038969460874795914,0.06862814724445343,0.05623163655400276,neutral
1322,1322,01-01-02-01-23.wav,48000,16000,3.670333333333333,1.79475,neutral,0,1,normal,2,Dogs are sitting by the door,1,male,1,23,0.5037723779678345,0.0937422588467598,0.08434906601905823,0.12375898659229279,0.02459043823182583,0.051442284137010574,0.07081475108861923,0.04752979800105095,neutral
1323,1323,01-01-02-02-23.wav,48000,16000,3.8371666666666666,2.3550625,neutral,0,1,normal,2,Dogs are sitting by the door,2,male,1,23,0.4805176854133606,0.10141897201538086,0.0842796117067337,0.11374208331108093,0.033388927578926086,0.04786409065127373,0.07357841730117798,0.06521023064851761,neutral
1324,1324,02-01-01-01-23.wav,48000,16000,3.970625,2.00325,calm,1,1,normal,1,Kids are talking by the door,1,male,1,23,0.2414136677980423,0.47946611046791077,0.029950112104415894,0.1189769059419632,0.022854460403323174,0.031210174784064293,0.04016115888953209,0.035967472940683365,calm
1325,1325,02-01-01-02-23.wav,48000,16000,4.070729166666666,1.8889375,calm,1,1,normal,1,Kids are talking by the door,2,male,1,23,0.24479641020298004,0.4203430414199829,0.04968808963894844,0.11451543867588043,0.01855085790157318,0.0385962575674057,0.08407166600227356,0.029438253492116928,calm
1326,1326,02-01-02-01-23.wav,48000,16000,4.170833333333333,1.8769375,calm,1,1,normal,2,Dogs are sitting by the door,1,male,1,23,0.2875805199146271,0.4271548390388489,0.04131985828280449,0.12344774603843689,0.009954235516488552,0.0334709957242012,0.04748794063925743,0.029583828523755074,calm
1327,1327,02-01-02-02-23.wav,48000,16000,4.004,1.971,calm,1,1,normal,2,Dogs are sitting by the door,2,male,1,23,0.2550811469554901,0.3625275194644928,0.04473143443465233,0.15595872700214386,0.035730961710214615,0.043686408549547195,0.06805235147476196,0.03423146530985832,calm
1328,1328,02-02-01-01-23.wav,48000,16000,4.604604166666666,2.450125,calm,1,2,strong,1,Kids are talking by the door,1,male,1,23,0.22730772197246552,0.4754451513290405,0.031314313411712646,0.13912440836429596,0.02390381135046482,0.028183570131659508,0.049552127718925476,0.02516886033117771,calm
1329,1329,02-02-01-02-23.wav,48000,16000,4.604583333333333,2.33875,calm,1,2,strong,1,Kids are talking by the door,2,male,1,23,0.22466576099395752,0.3865959048271179,0.047920964658260345,0.1772482544183731,0.042113207280635834,0.03562213480472565,0.055086396634578705,0.030747398734092712,calm
1330,1330,02-02-02-01-23.wav,48000,16000,4.104104166666667,1.8653125,calm,1,2,strong,2,Dogs are sitting by the door,1,male,1,23,0.21866407990455627,0.47355011105537415,0.0289751123636961,0.12831057608127594,0.013939082622528076,0.04775308072566986,0.06396538019180298,0.024842597544193268,calm
1331,1331,02-02-02-02-23.wav,48000,16000,4.571229166666667,2.3095625,calm,1,2,strong,2,Dogs are sitting by the door,2,male,1,23,0.18757428228855133,0.44650426506996155,0.04861832037568092,0.15055720508098602,0.024740230292081833,0.05453318729996681,0.05268201231956482,0.03479047492146492,calm
1332,1332,03-01-01-01-23.wav,48000,16000,3.3366666666666664,1.6185,happy,2,1,normal,1,Kids are talking by the door,1,male,1,23,0.20253625512123108,0.09686873108148575,0.18023225665092468,0.17981989681720734,0.05453634262084961,0.06516149640083313,0.08227050304412842,0.1385744959115982,neutral
1333,1333,03-01-01-02-23.wav,48000,16000,3.2699375,1.586875,happy,2,1,normal,1,Kids are talking by the door,2,male,1,23,0.10469315201044083,0.05959518626332283,0.2401638776063919,0.1076429933309555,0.05441451445221901,0.1274413913488388,0.09894096851348877,0.20710788667201996,happy
1334,1334,03-01-02-01-23.wav,48000,16000,3.2365625,1.524125,happy,2,1,normal,2,Dogs are sitting by the door,1,male,1,23,0.2224341779947281,0.0636644959449768,0.20092949271202087,0.13350911438465118,0.05841968581080437,0.08870279043912888,0.090732142329216,0.14160814881324768,neutral
1335,1335,03-01-02-02-23.wav,48000,16000,3.2699375,1.48125,happy,2,1,normal,2,Dogs are sitting by the door,2,male,1,23,0.19782622158527374,0.08366706222295761,0.17943735420703888,0.13361339271068573,0.06320178508758545,0.1046929806470871,0.09437404572963715,0.14318718016147614,neutral
1336,1336,03-02-01-01-23.wav,48000,16000,3.2365833333333334,1.416,happy,2,2,strong,1,Kids are talking by the door,1,male,1,23,0.02611219882965088,0.01246574055403471,0.22913242876529694,0.048305265605449677,0.1289641559123993,0.16525961458683014,0.10851118713617325,0.28124937415122986,surprised
1337,1337,03-02-01-02-23.wav,48000,16000,3.2031875,1.4044375,happy,2,2,strong,1,Kids are talking by the door,2,male,1,23,0.046955712139606476,0.006830883678048849,0.24016320705413818,0.05125018209218979,0.1305319368839264,0.1818682998418808,0.08294139802455902,0.25945839285850525,surprised
1338,1338,03-02-02-01-23.wav,48000,16000,3.2365625,1.4045,happy,2,2,strong,2,Dogs are sitting by the door,1,male,1,23,0.056543927639722824,0.007082448340952396,0.30095306038856506,0.0602932833135128,0.11391045153141022,0.1583648920059204,0.0600418858230114,0.24281001091003418,happy
1339,1339,03-02-02-02-23.wav,48000,16000,3.2365625,1.4660625,happy,2,2,strong,2,Dogs are sitting by the door,2,male,1,23,0.02773992531001568,0.009778527542948723,0.30114468932151794,0.07282120734453201,0.10633451491594315,0.165218785405159,0.07391054183244705,0.24305176734924316,happy
1340,1340,04-01-01-01-23.wav,48000,16000,3.6036041666666665,1.884,sad,3,1,normal,1,Kids are talking by the door,1,male,1,23,0.19468027353286743,0.21890582144260406,0.057942431420087814,0.32114967703819275,0.021970577538013458,0.04402594268321991,0.10013880580663681,0.04118648171424866,sad
1341,1341,04-01-01-02-23.wav,48000,16000,3.8705416666666665,2.0931875,sad,3,1,normal,1,Kids are talking by the door,2,male,1,23,0.17701280117034912,0.23782341182231903,0.04640434682369232,0.28771668672561646,0.0357368029654026,0.057192884385585785,0.11958138644695282,0.03853169083595276,sad
1342,1342,04-01-02-01-23.wav,48000,16000,3.5702291666666666,1.7165,sad,3,1,normal,2,Dogs are sitting by the door,1,male,1,23,0.2467249631881714,0.17611071467399597,0.04245278611779213,0.3136516511440277,0.023808375000953674,0.06095869466662407,0.08049410581588745,0.055798739194869995,sad
1343,1343,04-01-02-02-23.wav,48000,16000,3.670333333333333,1.9214375,sad,3,1,normal,2,Dogs are sitting by the door,2,male,1,23,0.17984916269779205,0.22424276173114777,0.07429558038711548,0.28213590383529663,0.028419774025678635,0.050173815339803696,0.09498777240514755,0.06589523702859879,sad
1344,1344,04-02-01-01-23.wav,48000,16000,4.2709375,3.1868125,sad,3,2,strong,1,Kids are talking by the door,1,male,1,23,0.10030808299779892,0.11546515673398972,0.08359458297491074,0.27002495527267456,0.09571418911218643,0.08579155057668686,0.15466555953025818,0.09443598240613937,sad
1345,1345,04-02-01-02-23.wav,48000,16000,4.371020833333334,2.78525,sad,3,2,strong,1,Kids are talking by the door,2,male,1,23,0.12432149797677994,0.1255934089422226,0.08574606478214264,0.2272891253232956,0.09280923753976822,0.09495478868484497,0.14631155133247375,0.10297423601150513,sad
1346,1346,04-02-02-01-23.wav,48000,16000,3.937270833333333,2.067875,sad,3,2,strong,2,Dogs are sitting by the door,1,male,1,23,0.13812902569770813,0.17316707968711853,0.0753990039229393,0.29679736495018005,0.04108527675271034,0.05419400334358215,0.1437688171863556,0.07745937258005142,sad
1347,1347,04-02-02-02-23.wav,48000,16000,4.7380625,3.69075,sad,3,2,strong,2,Dogs are sitting by the door,2,male,1,23,0.09319395571947098,0.15305520594120026,0.07942818105220795,0.2865544557571411,0.0732676312327385,0.15657347440719604,0.10296541452407837,0.054961737245321274,sad
1348,1348,05-01-01-01-23.wav,48000,16000,3.3033125,1.4351875,angry,4,1,normal,1,Kids are talking by the door,1,male,1,23,0.02107558213174343,0.008774826303124428,0.1716541051864624,0.07439310103654861,0.22179988026618958,0.1558145135641098,0.1525866538286209,0.19390133023262024,angry
1349,1349,05-01-01-02-23.wav,48000,16000,3.3033125,1.4879375,angry,4,1,normal,1,Kids are talking by the door,2,male,1,23,0.021051259711384773,0.013800042681396008,0.10906945168972015,0.09944001585245132,0.26529473066329956,0.21756915748119354,0.12055736780166626,0.15321798622608185,angry
1350,1350,05-01-02-01-23.wav,48000,16000,3.2699375,1.5626875,angry,4,1,normal,2,Dogs are sitting by the door,1,male,1,23,0.09124019742012024,0.022257452830672264,0.10676434636116028,0.07574243098497391,0.25435712933540344,0.13777662813663483,0.1286843717098236,0.18317747116088867,angry
1351,1351,05-01-02-02-23.wav,48000,16000,3.3366666666666664,1.5041875,angry,4,1,normal,2,Dogs are sitting by the door,2,male,1,23,0.025804966688156128,0.007281039375811815,0.12472274899482727,0.07248368859291077,0.27224570512771606,0.18228274583816528,0.10522709786891937,0.20995204150676727,angry
1352,1352,05-02-01-01-23.wav,48000,16000,3.403395833333333,1.6650625,angry,4,2,strong,1,Kids are talking by the door,1,male,1,23,0.019261837005615234,0.0035460186190903187,0.10951416194438934,0.029013773426413536,0.4836120903491974,0.21795494854450226,0.06232569366693497,0.0747714415192604,angry
1353,1353,05-02-01-02-23.wav,48000,16000,3.3366666666666664,1.6023125,angry,4,2,strong,1,Kids are talking by the door,2,male,1,23,0.028065290302038193,0.006880903150886297,0.1030958890914917,0.02891959249973297,0.4756631553173065,0.21160045266151428,0.05413408949971199,0.0916406586766243,angry
1354,1354,05-02-02-01-23.wav,48000,16000,3.2365625,1.64975,angry,4,2,strong,2,Dogs are sitting by the door,1,male,1,23,0.008198479190468788,0.006495925597846508,0.11063233762979507,0.03903002291917801,0.4776507318019867,0.2386680543422699,0.04761500656604767,0.0717095211148262,angry
1355,1355,05-02-02-02-23.wav,48000,16000,3.3032916666666665,1.658875,angry,4,2,strong,2,Dogs are sitting by the door,2,male,1,23,0.06346949934959412,0.0075530135072767735,0.11563120782375336,0.034390661865472794,0.36541756987571716,0.2280077338218689,0.05452483147382736,0.13100548088550568,angry
1356,1356,06-01-01-01-23.wav,48000,16000,3.4367708333333336,1.6941875,fearful,5,1,normal,1,Kids are talking by the door,1,male,1,23,0.14542441070079803,0.0913773775100708,0.0848212018609047,0.19442079961299896,0.060686469078063965,0.14817801117897034,0.17405223846435547,0.10103952884674072,sad
1357,1357,06-01-01-02-23.wav,48000,16000,3.2365625,1.3884375,fearful,5,1,normal,1,Kids are talking by the door,2,male,1,23,0.14264854788780212,0.15071293711662292,0.08473611623048782,0.25026175379753113,0.04457014426589012,0.12122109532356262,0.1339128613471985,0.07193657010793686,sad
1358,1358,06-01-02-01-23.wav,48000,16000,3.136458333333333,1.3096875,fearful,5,1,normal,2,Dogs are sitting by the door,1,male,1,23,0.20769153535366058,0.0748642161488533,0.08604548871517181,0.2747197449207306,0.03663305938243866,0.14663578569889069,0.09400888532400131,0.07940125465393066,sad
1359,1359,06-01-02-02-23.wav,48000,16000,3.1031041666666668,1.274625,fearful,5,1,normal,2,Dogs are sitting by the door,2,male,1,23,0.25627952814102173,0.15404503047466278,0.05779663100838661,0.22705788910388947,0.02503696084022522,0.10187844187021255,0.112885981798172,0.06501955538988113,neutral
1360,1360,06-02-01-01-23.wav,48000,16000,3.5702291666666666,2.483375,fearful,5,2,strong,1,Kids are talking by the door,1,male,1,23,0.07485740631818771,0.04806343838572502,0.15026964247226715,0.12915556132793427,0.10850665718317032,0.14970111846923828,0.14540989696979523,0.19403626024723053,surprised
1361,1361,06-02-01-02-23.wav,48000,16000,3.4367708333333336,2.0266875,fearful,5,2,strong,1,Kids are talking by the door,2,male,1,23,0.10858812183141708,0.04946523159742355,0.09936322271823883,0.15361222624778748,0.09981025010347366,0.2005443125963211,0.13345584273338318,0.1551608145236969,fearful
1362,1362,06-02-02-01-23.wav,48000,16000,3.57025,1.8470625,fearful,5,2,strong,2,Dogs are sitting by the door,1,male,1,23,0.045922618359327316,0.051617298275232315,0.12285055220127106,0.10023751854896545,0.09802687168121338,0.25423410534858704,0.15778475999832153,0.1693262755870819,fearful
1363,1363,06-02-02-02-23.wav,48000,16000,3.536875,2.627,fearful,5,2,strong,2,Dogs are sitting by the door,2,male,1,23,0.08101920783519745,0.05760478600859642,0.1062050312757492,0.1089932844042778,0.11507341265678406,0.2179441601037979,0.18457069993019104,0.12858937680721283,fearful
1364,1364,07-01-01-01-23.wav,48000,16000,3.5702291666666666,1.719,disgust,6,1,normal,1,Kids are talking by the door,1,male,1,23,0.09464319050312042,0.13788186013698578,0.06383544951677322,0.15827417373657227,0.0780545249581337,0.08756646513938904,0.2863076329231262,0.09343666583299637,disgust
1365,1365,07-01-01-02-23.wav,48000,16000,3.5702291666666666,1.70725,disgust,6,1,normal,1,Kids are talking by the door,2,male,1,23,0.07867639511823654,0.12734761834144592,0.07716876268386841,0.17101018130779266,0.06570176035165787,0.1041995957493782,0.2677937150001526,0.1081019788980484,disgust
1366,1366,07-01-02-01-23.wav,48000,16000,3.470125,1.607875,disgust,6,1,normal,2,Dogs are sitting by the door,1,male,1,23,0.15195408463478088,0.16269360482692719,0.06166514754295349,0.15053796768188477,0.058704182505607605,0.06864064931869507,0.27466320991516113,0.07114117592573166,disgust
1367,1367,07-01-02-02-23.wav,48000,16000,3.3366666666666664,1.47625,disgust,6,1,normal,2,Dogs are sitting by the door,2,male,1,23,0.11320443451404572,0.10017944127321243,0.03813028708100319,0.18337856233119965,0.06060994789004326,0.0803271159529686,0.34606096148490906,0.0781092494726181,disgust
1368,1368,07-02-01-01-23.wav,48000,16000,4.070729166666666,1.98825,disgust,6,2,strong,1,Kids are talking by the door,1,male,1,23,0.09081865847110748,0.05810375511646271,0.10236483067274094,0.11703912913799286,0.08887419104576111,0.105416439473629,0.30128610134124756,0.13609687983989716,disgust
1369,1369,07-02-01-02-23.wav,48000,16000,3.870520833333333,2.1243125,disgust,6,2,strong,1,Kids are talking by the door,2,male,1,23,0.0513220950961113,0.05511728301644325,0.0814293697476387,0.1348717361688614,0.13300786912441254,0.13213704526424408,0.2928503751754761,0.11926421523094177,disgust
1370,1370,07-02-02-01-23.wav,48000,16000,3.7370625,1.8780625,disgust,6,2,strong,2,Dogs are sitting by the door,1,male,1,23,0.07101930677890778,0.08033663779497147,0.09283032268285751,0.12564583122730255,0.11020377278327942,0.15296588838100433,0.22306285798549652,0.1439354419708252,disgust
1371,1371,07-02-02-02-23.wav,48000,16000,3.870520833333333,1.944375,disgust,6,2,strong,2,Dogs are sitting by the door,2,male,1,23,0.12953920662403107,0.06311780959367752,0.07091439515352249,0.14344054460525513,0.07726003229618073,0.11374799907207489,0.30255618691444397,0.0994238629937172,disgust
1372,1372,08-01-01-01-23.wav,48000,16000,3.2699375,1.4779375,surprised,7,1,normal,1,Kids are talking by the door,1,male,1,23,0.05394809693098068,0.015282431617379189,0.19075550138950348,0.05971641093492508,0.13160350918769836,0.11268647015094757,0.1288774311542511,0.30713018774986267,surprised
1373,1373,08-01-01-02-23.wav,48000,16000,3.2365625,1.5401875,surprised,7,1,normal,1,Kids are talking by the door,2,male,1,23,0.1235736832022667,0.043709542602300644,0.16250640153884888,0.08235135674476624,0.07416259497404099,0.11650441586971283,0.09616287797689438,0.30102914571762085,surprised
1374,1374,08-01-02-01-23.wav,48000,16000,3.3032916666666665,1.486875,surprised,7,1,normal,2,Dogs are sitting by the door,1,male,1,23,0.08300163596868515,0.020360231399536133,0.19132037460803986,0.09337849169969559,0.06830056756734848,0.1020607277750969,0.09792298078536987,0.34365496039390564,surprised
1375,1375,08-01-02-02-23.wav,48000,16000,3.3033125,1.54925,surprised,7,1,normal,2,Dogs are sitting by the door,2,male,1,23,0.07889775186777115,0.01675558090209961,0.18642209470272064,0.09578811377286911,0.07209800183773041,0.09915433079004288,0.1300627589225769,0.3208213448524475,surprised
1376,1376,08-02-01-01-23.wav,48000,16000,3.5035,1.8083125,surprised,7,2,strong,1,Kids are talking by the door,1,male,1,23,0.14129121601581573,0.047609731554985046,0.12494948506355286,0.08598844707012177,0.09769398719072342,0.10721072554588318,0.11641376465559006,0.27884262800216675,surprised
1377,1377,08-02-01-02-23.wav,48000,16000,3.370020833333333,1.668125,surprised,7,2,strong,1,Kids are talking by the door,2,male,1,23,0.025187551975250244,0.010044101625680923,0.1405460238456726,0.06631168723106384,0.1323123276233673,0.18912740051746368,0.13643710315227509,0.3000338077545166,surprised
1378,1378,08-02-02-01-23.wav,48000,16000,3.3366666666666664,1.507,surprised,7,2,strong,2,Dogs are sitting by the door,1,male,1,23,0.05391021445393562,0.009938124567270279,0.19240225851535797,0.0690896213054657,0.1120089516043663,0.15833018720149994,0.10850439220666885,0.2958162724971771,surprised
1379,1379,08-02-02-02-23.wav,48000,16000,3.3032916666666665,1.4830625,surprised,7,2,strong,2,Dogs are sitting by the door,2,male,1,23,0.03673224896192551,0.010331050492823124,0.17392940819263458,0.06195875629782677,0.11936615407466888,0.184328094124794,0.13375917077064514,0.27959513664245605,surprised
1380,1380,01-01-01-01-24.wav,48000,16000,3.703708333333333,1.837625,neutral,0,1,normal,1,Kids are talking by the door,1,female,0,24,0.4140838384628296,0.22567380964756012,0.026846813037991524,0.13522154092788696,0.06476637721061707,0.023386886343359947,0.05893818661570549,0.051082510501146317,neutral
1381,1381,01-01-01-02-24.wav,48000,16000,3.636958333333333,1.7838125,neutral,0,1,normal,1,Kids are talking by the door,2,female,0,24,0.5368386507034302,0.19298970699310303,0.0322079062461853,0.12440890073776245,0.0164056234061718,0.01873805746436119,0.05139255151152611,0.027018673717975616,neutral
1382,1382,01-01-02-01-24.wav,48000,16000,3.636979166666667,1.7956875,neutral,0,1,normal,2,Dogs are sitting by the door,1,female,0,24,0.4317009747028351,0.20163625478744507,0.053735941648483276,0.14799058437347412,0.01976931095123291,0.02317908965051174,0.07936229556798935,0.04262559488415718,neutral
1383,1383,01-01-02-02-24.wav,48000,16000,3.6036041666666665,1.84,neutral,0,1,normal,2,Dogs are sitting by the door,2,female,0,24,0.5532379746437073,0.16547463834285736,0.027481086552143097,0.12791568040847778,0.012030639685690403,0.018481729552149773,0.049007028341293335,0.04637124761939049,neutral
1384,1384,02-01-01-01-24.wav,48000,16000,3.5702291666666666,1.7198125,calm,1,1,normal,1,Kids are talking by the door,1,female,0,24,0.21387119591236115,0.3995737135410309,0.04607030376791954,0.17335723340511322,0.057174794375896454,0.030909225344657898,0.04997273534536362,0.029070788994431496,calm
1385,1385,02-01-01-02-24.wav,48000,16000,3.5035,1.727375,calm,1,1,normal,1,Kids are talking by the door,2,female,0,24,0.29940104484558105,0.3960854411125183,0.019958149641752243,0.14448146522045135,0.04094390571117401,0.015809133648872375,0.05094560980796814,0.03237525373697281,calm
1386,1386,02-01-02-01-24.wav,48000,16000,3.8705416666666665,2.1644375,calm,1,1,normal,2,Dogs are sitting by the door,1,female,0,24,0.19292256236076355,0.4576481878757477,0.031976908445358276,0.17341408133506775,0.022303607314825058,0.033425457775592804,0.05057775229215622,0.03773153945803642,calm
1387,1387,02-01-02-02-24.wav,48000,16000,3.7036875,1.8420625,calm,1,1,normal,2,Dogs are sitting by the door,2,female,0,24,0.2734772264957428,0.3987114131450653,0.02885572426021099,0.13903197646141052,0.036045268177986145,0.02258242666721344,0.0669163167476654,0.03437966853380203,calm
1388,1388,02-02-01-01-24.wav,48000,16000,4.104104166666667,2.3155,calm,1,2,strong,1,Kids are talking by the door,1,female,0,24,0.2356768697500229,0.32458969950675964,0.054195333272218704,0.18909789621829987,0.01798260770738125,0.037559960037469864,0.09607961773872375,0.04481798782944679,calm
1389,1389,02-02-01-02-24.wav,48000,16000,4.070729166666666,2.206875,calm,1,2,strong,1,Kids are talking by the door,2,female,0,24,0.20731066167354584,0.4173657298088074,0.03348790481686592,0.17142532765865326,0.025497425347566605,0.02863195538520813,0.0806683748960495,0.035612668842077255,calm
1390,1390,02-02-02-01-24.wav,48000,16000,4.037375,2.144625,calm,1,2,strong,2,Dogs are sitting by the door,1,female,0,24,0.254238098859787,0.4476260542869568,0.019391866400837898,0.15282274782657623,0.007474673446267843,0.016202932223677635,0.08012673258781433,0.022116905078291893,calm
1391,1391,02-02-02-02-24.wav,48000,16000,4.104104166666667,2.28525,calm,1,2,strong,2,Dogs are sitting by the door,2,female,0,24,0.1647419035434723,0.4719052016735077,0.07541120052337646,0.1644682139158249,0.02510897070169449,0.025729697197675705,0.05030309036374092,0.02233174256980419,calm
1392,1392,03-01-01-01-24.wav,48000,16000,3.6036041666666665,1.93075,happy,2,1,normal,1,Kids are talking by the door,1,female,0,24,0.19395075738430023,0.13502222299575806,0.18063491582870483,0.14984841644763947,0.05707133561372757,0.05713704973459244,0.11908606439828873,0.10724928230047226,neutral
1393,1393,03-01-01-02-24.wav,48000,16000,3.903895833333333,2.0811875,happy,2,1,normal,1,Kids are talking by the door,2,female,0,24,0.20725874602794647,0.23266837000846863,0.1372927725315094,0.13710840046405792,0.0439523309469223,0.04760299623012543,0.1124027743935585,0.08171353489160538,calm
1394,1394,03-01-02-01-24.wav,48000,16000,3.5035,1.663125,happy,2,1,normal,2,Dogs are sitting by the door,1,female,0,24,0.3471187353134155,0.18417730927467346,0.14401036500930786,0.13059410452842712,0.02902732975780964,0.04157302901148796,0.06728679686784744,0.05621231719851494,neutral
1395,1395,03-01-02-02-24.wav,48000,16000,3.7370625,2.138125,happy,2,1,normal,2,Dogs are sitting by the door,2,female,0,24,0.2557971477508545,0.17602591216564178,0.15750373899936676,0.11448981612920761,0.04659176617860794,0.051349274814128876,0.10247792303562164,0.09576438367366791,neutral
1396,1396,03-02-01-01-24.wav,48000,16000,4.004,2.4920625,happy,2,2,strong,1,Kids are talking by the door,1,female,0,24,0.039341818541288376,0.050732146948575974,0.24897663295269012,0.07180529087781906,0.13674311339855194,0.10875481367111206,0.16521985828876495,0.1784263402223587,happy
1397,1397,03-02-01-02-24.wav,48000,16000,3.7704375,2.2070625,happy,2,2,strong,1,Kids are talking by the door,2,female,0,24,0.06091795116662979,0.047795966267585754,0.2648041546344757,0.10415804386138916,0.14464063942432404,0.1065204069018364,0.15384569764137268,0.11731713265180588,happy
1398,1398,03-02-02-01-24.wav,48000,16000,3.8705416666666665,2.5185,happy,2,2,strong,2,Dogs are sitting by the door,1,female,0,24,0.04226764291524887,0.03295717388391495,0.26750415563583374,0.0998961478471756,0.102684885263443,0.12818366289138794,0.11556687951087952,0.2109394669532776,happy
1399,1399,03-02-02-02-24.wav,48000,16000,3.8705416666666665,2.4574375,happy,2,2,strong,2,Dogs are sitting by the door,2,female,0,24,0.03685126453638077,0.045858025550842285,0.20251423120498657,0.10016197711229324,0.08460546284914017,0.16308270394802094,0.10032200068235397,0.26660433411598206,surprised
1400,1400,04-01-01-01-24.wav,48000,16000,4.104104166666667,2.281,sad,3,1,normal,1,Kids are talking by the door,1,female,0,24,0.13018803298473358,0.2806759178638458,0.028710877522826195,0.2830501198768616,0.025682246312499046,0.0662628710269928,0.14396049082279205,0.04146953672170639,sad
1401,1401,04-01-01-02-24.wav,48000,16000,3.970625,2.1226875,sad,3,1,normal,1,Kids are talking by the door,2,female,0,24,0.25735610723495483,0.27472448348999023,0.017865678295493126,0.2275482565164566,0.016784442588686943,0.05061540752649307,0.10400490462779999,0.05110074207186699,calm
1402,1402,04-01-02-01-24.wav,48000,16000,3.536875,1.6528125,sad,3,1,normal,2,Dogs are sitting by the door,1,female,0,24,0.2060837596654892,0.3254939913749695,0.050428614020347595,0.2681363523006439,0.006241470109671354,0.03347418084740639,0.06197414919734001,0.048167504370212555,calm
1403,1403,04-01-02-02-24.wav,48000,16000,3.8371666666666666,1.9823125,sad,3,1,normal,2,Dogs are sitting by the door,2,female,0,24,0.27445653080940247,0.2745295464992523,0.01677982322871685,0.24087171256542206,0.03996363654732704,0.030088521540164948,0.08898910135030746,0.034321121871471405,calm
1404,1404,04-02-01-01-24.wav,48000,16000,4.404395833333333,2.7035,sad,3,2,strong,1,Kids are talking by the door,1,female,0,24,0.05087018385529518,0.06717883050441742,0.11042739450931549,0.3275989294052124,0.08300323784351349,0.11419830471277237,0.13207785785198212,0.11464523524045944,sad
1405,1405,04-02-01-02-24.wav,48000,16000,4.57125,2.800875,sad,3,2,strong,1,Kids are talking by the door,2,female,0,24,0.13072626292705536,0.09260564297437668,0.07392966002225876,0.21501241624355316,0.09338470548391342,0.09788797795772552,0.1809144765138626,0.11553888022899628,sad
1406,1406,04-02-02-01-24.wav,48000,16000,4.204208333333334,3.1366875,sad,3,2,strong,2,Dogs are sitting by the door,1,female,0,24,0.08743755519390106,0.11827883869409561,0.07769441604614258,0.3323977291584015,0.053262125700712204,0.06125859543681145,0.18578556180000305,0.08388519287109375,sad
1407,1407,04-02-02-02-24.wav,48000,16000,4.671333333333333,2.661,sad,3,2,strong,2,Dogs are sitting by the door,2,female,0,24,0.1913013756275177,0.17682687938213348,0.045067962259054184,0.29647910594940186,0.027763621881604195,0.0592523068189621,0.13397443294525146,0.06933428347110748,sad
1408,1408,05-01-01-01-24.wav,48000,16000,4.104104166666667,2.347,angry,4,1,normal,1,Kids are talking by the door,1,female,0,24,0.03954554349184036,0.033793602138757706,0.11656154692173004,0.07013305276632309,0.28947877883911133,0.09315381199121475,0.23554371297359467,0.12178993970155716,angry
1409,1409,05-01-01-02-24.wav,48000,16000,3.7370625,1.9841875,angry,4,1,normal,1,Kids are talking by the door,2,female,0,24,0.051941074430942535,0.01569836214184761,0.10900319367647171,0.05878480523824692,0.3025378882884979,0.10098759084939957,0.21730944514274597,0.14373759925365448,angry
1410,1410,05-01-02-01-24.wav,48000,16000,3.670333333333333,2.0860625,angry,4,1,normal,2,Dogs are sitting by the door,1,female,0,24,0.07787364721298218,0.04371776059269905,0.129487544298172,0.10463255643844604,0.2166329175233841,0.08444473147392273,0.20537610352039337,0.13783474266529083,angry
1411,1411,05-01-02-02-24.wav,48000,16000,4.2041875,2.7253125,angry,4,1,normal,2,Dogs are sitting by the door,2,female,0,24,0.06820645183324814,0.0645560696721077,0.1426369547843933,0.10720792412757874,0.23256108164787292,0.09654246270656586,0.16898314654827118,0.11930593848228455,angry
1412,1412,05-02-01-01-24.wav,48000,16000,4.371041666666667,2.8291875,angry,4,2,strong,1,Kids are talking by the door,1,female,0,24,0.016111137345433235,0.02514912746846676,0.1038789227604866,0.09225853532552719,0.36323946714401245,0.15935850143432617,0.13626283407211304,0.10374144464731216,angry
1413,1413,05-02-01-02-24.wav,48000,16000,4.371041666666667,2.472875,angry,4,2,strong,1,Kids are talking by the door,2,female,0,24,0.013570785522460938,0.008257528766989708,0.12093407660722733,0.08434789627790451,0.3989008367061615,0.12098024040460587,0.15960222482681274,0.09340643882751465,angry
1414,1414,05-02-02-01-24.wav,48000,16000,4.170833333333333,2.4555,angry,4,2,strong,2,Dogs are sitting by the door,1,female,0,24,0.053301990032196045,0.06260989606380463,0.09107598662376404,0.10035910457372665,0.2045041173696518,0.09703170508146286,0.2715151011943817,0.11960210651159286,disgust
1415,1415,05-02-02-02-24.wav,48000,16000,5.105104166666667,3.3554375,angry,4,2,strong,2,Dogs are sitting by the door,2,female,0,24,0.040909647941589355,0.044773396104574203,0.1058269515633583,0.10589644312858582,0.27889585494995117,0.11840074509382248,0.21440006792545319,0.09089690446853638,angry
1416,1416,06-01-01-01-24.wav,48000,16000,4.104104166666667,3.003625,fearful,5,1,normal,1,Kids are talking by the door,1,female,0,24,0.07788316160440445,0.04080883786082268,0.09632603824138641,0.0776926726102829,0.08231797069311142,0.1773790717124939,0.20539407432079315,0.24219819903373718,surprised
1417,1417,06-01-01-02-24.wav,48000,16000,4.070729166666666,2.65475,fearful,5,1,normal,1,Kids are talking by the door,2,female,0,24,0.0373573862016201,0.060864321887493134,0.1322835385799408,0.08754196763038635,0.08842562884092331,0.20707622170448303,0.13529568910598755,0.2511552572250366,surprised
1418,1418,06-01-02-01-24.wav,48000,16000,3.93725,2.6340625,fearful,5,1,normal,2,Dogs are sitting by the door,1,female,0,24,0.04467961937189102,0.06895846873521805,0.11779970675706863,0.1111111119389534,0.09502970427274704,0.18404348194599152,0.18313169479370117,0.19524621963500977,surprised
1419,1419,06-01-02-02-24.wav,48000,16000,4.004,2.267625,fearful,5,1,normal,2,Dogs are sitting by the door,2,female,0,24,0.043562307953834534,0.05507566034793854,0.10070459544658661,0.09323377162218094,0.11828252673149109,0.18241523206233978,0.19066911935806274,0.21605680882930756,surprised
1420,1420,06-02-01-01-24.wav,48000,16000,3.8371666666666666,2.733875,fearful,5,2,strong,1,Kids are talking by the door,1,female,0,24,0.016425900161266327,0.03968152031302452,0.13000203669071198,0.13850067555904388,0.08906270563602448,0.33434903621673584,0.12448550760746002,0.12749259173870087,fearful
1421,1421,06-02-01-02-24.wav,48000,16000,4.070729166666666,2.20675,fearful,5,2,strong,1,Kids are talking by the door,2,female,0,24,0.017018310725688934,0.02537337690591812,0.12428345531225204,0.13562972843647003,0.08152966946363449,0.3245692551136017,0.09858296066522598,0.1930132508277893,fearful
1422,1422,06-02-02-01-24.wav,48000,16000,3.603583333333333,2.6655625,fearful,5,2,strong,2,Dogs are sitting by the door,1,female,0,24,0.0214858315885067,0.026972327381372452,0.14741608500480652,0.10267545282840729,0.0822238177061081,0.3273385167121887,0.07884417474269867,0.21304379403591156,fearful
1423,1423,06-02-02-02-24.wav,48000,16000,3.8371666666666666,2.400625,fearful,5,2,strong,2,Dogs are sitting by the door,2,female,0,24,0.011632326990365982,0.023259172216057777,0.148521289229393,0.08951566368341446,0.07802685350179672,0.5106006860733032,0.0506947785615921,0.08774928003549576,fearful
1424,1424,07-01-01-01-24.wav,48000,16000,4.304291666666667,2.6594375,disgust,6,1,normal,1,Kids are talking by the door,1,female,0,24,0.1606724113225937,0.10063716769218445,0.06268759816884995,0.12683996558189392,0.08053436875343323,0.04358714446425438,0.32755783200263977,0.09748347103595734,disgust
1425,1425,07-01-01-02-24.wav,48000,16000,4.104104166666667,2.3933125,disgust,6,1,normal,1,Kids are talking by the door,2,female,0,24,0.14109006524085999,0.09686724096536636,0.07060636579990387,0.1539730578660965,0.06961251050233841,0.05269444361329079,0.2743144929409027,0.14084181189537048,disgust
1426,1426,07-01-02-01-24.wav,48000,16000,4.004,2.5336875,disgust,6,1,normal,2,Dogs are sitting by the door,1,female,0,24,0.09883485734462738,0.07864826917648315,0.1734924167394638,0.14761510491371155,0.0828322246670723,0.059807613492012024,0.21647828817367554,0.14229124784469604,disgust
1427,1427,07-01-02-02-24.wav,48000,16000,4.070729166666666,2.4489375,disgust,6,1,normal,2,Dogs are sitting by the door,2,female,0,24,0.050675373524427414,0.06807804107666016,0.08110767602920532,0.20559413731098175,0.08954477310180664,0.0673632025718689,0.356438010931015,0.0811988115310669,disgust
1428,1428,07-02-01-01-24.wav,48000,16000,4.337666666666666,2.6985625,disgust,6,2,strong,1,Kids are talking by the door,1,female,0,24,0.12285929173231125,0.07320093363523483,0.05219290778040886,0.16429290175437927,0.09235525876283646,0.04856135696172714,0.35072800517082214,0.09580937027931213,disgust
1429,1429,07-02-01-02-24.wav,48000,16000,4.637958333333334,3.180875,disgust,6,2,strong,1,Kids are talking by the door,2,female,0,24,0.045381296426057816,0.03035581484436989,0.08088754117488861,0.09346627444028854,0.17551065981388092,0.13025979697704315,0.2756527364253998,0.16848590970039368,disgust
1430,1430,07-02-02-01-24.wav,48000,16000,4.2375625,2.5428125,disgust,6,2,strong,2,Dogs are sitting by the door,1,female,0,24,0.05056968331336975,0.04032335802912712,0.1260910928249359,0.07981421053409576,0.09746989607810974,0.11318295449018478,0.27841320633888245,0.21413558721542358,disgust
1431,1431,07-02-02-02-24.wav,48000,16000,4.437770833333333,2.9890625,disgust,6,2,strong,2,Dogs are sitting by the door,2,female,0,24,0.03345227986574173,0.061234332621097565,0.11126590520143509,0.10794046521186829,0.11422938108444214,0.1529485136270523,0.2572167217731476,0.1617124229669571,disgust
1432,1432,08-01-01-01-24.wav,48000,16000,3.3033125,1.456875,surprised,7,1,normal,1,Kids are talking by the door,1,female,0,24,0.11096345633268356,0.20316669344902039,0.06637834757566452,0.1707444041967392,0.032807521522045135,0.08123831450939178,0.1317465603351593,0.2029547244310379,calm
1433,1433,08-01-01-02-24.wav,48000,16000,3.470145833333333,1.8929375,surprised,7,1,normal,1,Kids are talking by the door,2,female,0,24,0.06108373403549194,0.0347798652946949,0.085161954164505,0.10602378845214844,0.07849177718162537,0.15015749633312225,0.13943548500537872,0.34486591815948486,surprised
1434,1434,08-01-02-01-24.wav,48000,16000,3.370041666666667,1.8179375,surprised,7,1,normal,2,Dogs are sitting by the door,1,female,0,24,0.07246306538581848,0.07529158145189285,0.13327307999134064,0.10067985206842422,0.08543338626623154,0.15202929079532623,0.13958881795406342,0.24124091863632202,surprised
1435,1435,08-01-02-02-24.wav,48000,16000,3.403395833333333,1.873125,surprised,7,1,normal,2,Dogs are sitting by the door,2,female,0,24,0.041935697197914124,0.032937005162239075,0.1316625028848648,0.09643245488405228,0.09980893135070801,0.13120371103286743,0.1071949154138565,0.35882478952407837,surprised
1436,1436,08-02-01-01-24.wav,48000,16000,3.937270833333333,2.400875,surprised,7,2,strong,1,Kids are talking by the door,1,female,0,24,0.0372607596218586,0.03575815260410309,0.08815500885248184,0.10097669810056686,0.10436137765645981,0.13960833847522736,0.2550956904888153,0.23878388106822968,disgust
1437,1437,08-02-01-02-24.wav,48000,16000,3.970625,2.3946875,surprised,7,2,strong,1,Kids are talking by the door,2,female,0,24,0.025150833651423454,0.031120460480451584,0.1265384703874588,0.10178250074386597,0.09871570020914078,0.14750441908836365,0.1780977100133896,0.2910899221897125,surprised
1438,1438,08-02-02-01-24.wav,48000,16000,3.670333333333333,2.489875,surprised,7,2,strong,2,Dogs are sitting by the door,1,female,0,24,0.05176861211657524,0.041904523968696594,0.09968674927949905,0.05588507279753685,0.11313668638467789,0.21953047811985016,0.12795166671276093,0.2901362478733063,surprised
1439,1439,08-02-02-02-24.wav,48000,16000,3.636958333333333,2.39475,surprised,7,2,strong,2,Dogs are sitting by the door,2,female,0,24,0.08082542568445206,0.06323232501745224,0.09284292906522751,0.0965055450797081,0.0739717036485672,0.14901718497276306,0.09592578560113907,0.3476790487766266,surprised
