,filename,sr,cleaned_sr,length,cleaned_length,emotion,emo_label,intensity,int_label,stmt,stmt_label,repetition,sex,sex_label,actor
0,01-01-01-01-01.wav,48000,16000,3.3032916666666665,1.5159375,neutral,0,01,normal,01,Kids are talking by the door,01,male,1,01
1,01-01-01-02-01.wav,48000,16000,3.3366666666666664,1.6495625,neutral,0,01,normal,01,Kids are talking by the door,02,male,1,01
2,01-01-02-01-01.wav,48000,16000,3.2699166666666666,1.419875,neutral,0,01,normal,02,Dogs are sitting by the door,01,male,1,01
3,01-01-02-02-01.wav,48000,16000,3.1698333333333335,1.3514375,neutral,0,01,normal,02,Dogs are sitting by the door,02,male,1,01
4,02-01-01-01-01.wav,48000,16000,3.5368541666666666,1.7140625,calm,1,01,normal,01,Kids are talking by the door,01,male,1,01
5,02-01-01-02-01.wav,48000,16000,3.6035833333333334,1.82925,calm,1,01,normal,01,Kids are talking by the door,02,male,1,01
6,02-01-02-01-01.wav,48000,16000,3.5035,1.8061875,calm,1,01,normal,02,Dogs are sitting by the door,01,male,1,01
7,02-01-02-02-01.wav,48000,16000,3.4701458333333335,1.6786875,calm,1,01,normal,02,Dogs are sitting by the door,02,male,1,01
8,02-02-01-01-01.wav,48000,16000,3.703708333333333,1.9084375,calm,1,02,strong,01,Kids are talking by the door,01,male,1,01
9,02-02-01-02-01.wav,48000,16000,4.004,2.2853125,calm,1,02,strong,01,Kids are talking by the door,02,male,1,01
10,02-02-02-01-01.wav,48000,16000,4.204208333333334,2.418,calm,1,02,strong,02,Dogs are sitting by the door,01,male,1,01
11,02-02-02-02-01.wav,48000,16000,4.004,2.3378125,calm,1,02,strong,02,Dogs are sitting by the door,02,male,1,01
12,03-01-01-01-01.wav,48000,16000,3.4701458333333335,1.719875,happy,2,01,normal,01,Kids are talking by the door,01,male,1,01
13,03-01-01-02-01.wav,48000,16000,3.470125,1.8448125,happy,2,01,normal,01,Kids are talking by the door,02,male,1,01
14,03-01-02-01-01.wav,48000,16000,3.5368541666666666,1.843875,happy,2,01,normal,02,Dogs are sitting by the door,01,male,1,01
15,03-01-02-02-01.wav,48000,16000,3.703708333333333,1.9650625,happy,2,01,normal,02,Dogs are sitting by the door,02,male,1,01
16,03-02-01-01-01.wav,48000,16000,3.6703333333333332,1.819875,happy,2,02,strong,01,Kids are talking by the door,01,male,1,01
17,03-02-01-02-01.wav,48000,16000,3.6369583333333333,2.0445,happy,2,02,strong,01,Kids are talking by the door,02,male,1,01
18,03-02-02-01-01.wav,48000,16000,3.93725,2.762875,happy,2,02,strong,02,Dogs are sitting by the door,01,male,1,01
19,03-02-02-02-01.wav,48000,16000,3.9372708333333333,2.4918125,happy,2,02,strong,02,Dogs are sitting by the door,02,male,1,01
20,04-01-01-01-01.wav,48000,16000,3.8371666666666666,1.950625,sad,3,01,normal,01,Kids are talking by the door,01,male,1,01
21,04-01-01-02-01.wav,48000,16000,3.5702291666666666,1.7143125,sad,3,01,normal,01,Kids are talking by the door,02,male,1,01
22,04-01-02-01-01.wav,48000,16000,3.5035,1.60275,sad,3,01,normal,02,Dogs are sitting by the door,01,male,1,01
23,04-01-02-02-01.wav,48000,16000,3.370041666666667,1.6335,sad,3,01,normal,02,Dogs are sitting by the door,02,male,1,01
24,04-02-01-01-01.wav,48000,16000,3.8037916666666667,1.98725,sad,3,02,strong,01,Kids are talking by the door,01,male,1,01
25,04-02-01-02-01.wav,48000,16000,3.703708333333333,1.8730625,sad,3,02,strong,01,Kids are talking by the door,02,male,1,01
26,04-02-02-01-01.wav,48000,16000,3.7370833333333335,1.8645,sad,3,02,strong,02,Dogs are sitting by the door,01,male,1,01
27,04-02-02-02-01.wav,48000,16000,3.7370625,1.9661875,sad,3,02,strong,02,Dogs are sitting by the door,02,male,1,01
28,05-01-01-01-01.wav,48000,16000,3.8705416666666665,2.2325,angry,4,01,normal,01,Kids are talking by the door,01,male,1,01
29,05-01-01-02-01.wav,48000,16000,3.9372708333333333,2.506125,angry,4,01,normal,01,Kids are talking by the door,02,male,1,01
30,05-01-02-01-01.wav,48000,16000,3.5035,1.799375,angry,4,01,normal,02,Dogs are sitting by the door,01,male,1,01
31,05-01-02-02-01.wav,48000,16000,3.7370625,2.1820625,angry,4,01,normal,02,Dogs are sitting by the door,02,male,1,01
32,05-02-01-01-01.wav,48000,16000,4.104104166666667,3.2521875,angry,4,02,strong,01,Kids are talking by the door,01,male,1,01
33,05-02-01-02-01.wav,48000,16000,4.371041666666667,3.491875,angry,4,02,strong,01,Kids are talking by the door,02,male,1,01
34,05-02-02-01-01.wav,48000,16000,4.137458333333333,3.760375,angry,4,02,strong,02,Dogs are sitting by the door,01,male,1,01
35,05-02-02-02-01.wav,48000,16000,4.437770833333333,4.307125,angry,4,02,strong,02,Dogs are sitting by the door,02,male,1,01
36,06-01-01-01-01.wav,48000,16000,3.6703333333333332,2.210625,fearful,5,01,normal,01,Kids are talking by the door,01,male,1,01
37,06-01-01-02-01.wav,48000,16000,3.636979166666667,1.81425,fearful,5,01,normal,01,Kids are talking by the door,02,male,1,01
38,06-01-02-01-01.wav,48000,16000,3.4367708333333336,2.12375,fearful,5,01,normal,02,Dogs are sitting by the door,01,male,1,01
39,06-01-02-02-01.wav,48000,16000,3.7036875,2.2473125,fearful,5,01,normal,02,Dogs are sitting by the door,02,male,1,01
40,06-02-01-01-01.wav,48000,16000,5.005,4.9953125,fearful,5,02,strong,01,Kids are talking by the door,01,male,1,01
41,06-02-01-02-01.wav,48000,16000,4.2375625,4.127375,fearful,5,02,strong,01,Kids are talking by the door,02,male,1,01
42,06-02-02-01-01.wav,48000,16000,3.970625,3.898875,fearful,5,02,strong,02,Dogs are sitting by the door,01,male,1,01
43,06-02-02-02-01.wav,48000,16000,3.9039166666666665,3.7729375,fearful,5,02,strong,02,Dogs are sitting by the door,02,male,1,01
44,07-01-01-01-01.wav,48000,16000,3.8705208333333334,2.404375,disgust,6,01,normal,01,Kids are talking by the door,01,male,1,01
45,07-01-01-02-01.wav,48000,16000,3.9038958333333333,2.6015625,disgust,6,01,normal,01,Kids are talking by the door,02,male,1,01
46,07-01-02-01-01.wav,48000,16000,3.9038958333333333,2.429125,disgust,6,01,normal,02,Dogs are sitting by the door,01,male,1,01
47,07-01-02-02-01.wav,48000,16000,3.8371666666666666,2.0154375,disgust,6,01,normal,02,Dogs are sitting by the door,02,male,1,01
48,07-02-01-01-01.wav,48000,16000,4.304291666666667,3.4276875,disgust,6,02,strong,01,Kids are talking by the door,01,male,1,01
49,07-02-01-02-01.wav,48000,16000,4.104104166666667,2.9226875,disgust,6,02,strong,01,Kids are talking by the door,02,male,1,01
50,07-02-02-01-01.wav,48000,16000,4.037375,2.7860625,disgust,6,02,strong,02,Dogs are sitting by the door,01,male,1,01
51,07-02-02-02-01.wav,48000,16000,4.371020833333334,2.5680625,disgust,6,02,strong,02,Dogs are sitting by the door,02,male,1,01
52,08-01-01-01-01.wav,48000,16000,3.403395833333333,1.5683125,surprised,7,01,normal,01,Kids are talking by the door,01,male,1,01
53,08-01-01-02-01.wav,48000,16000,3.2699166666666666,1.41525,surprised,7,01,normal,01,Kids are talking by the door,02,male,1,01
54,08-01-02-01-01.wav,48000,16000,3.536875,1.882625,surprised,7,01,normal,02,Dogs are sitting by the door,01,male,1,01
55,08-01-02-02-01.wav,48000,16000,3.2699166666666666,1.43575,surprised,7,01,normal,02,Dogs are sitting by the door,02,male,1,01
56,08-02-01-01-01.wav,48000,16000,3.43675,1.8048125,surprised,7,02,strong,01,Kids are talking by the door,01,male,1,01
57,08-02-01-02-01.wav,48000,16000,3.5702291666666666,1.7266875,surprised,7,02,strong,01,Kids are talking by the door,02,male,1,01
58,08-02-02-01-01.wav,48000,16000,3.5035,1.7945,surprised,7,02,strong,02,Dogs are sitting by the door,01,male,1,01
59,08-02-02-02-01.wav,48000,16000,3.2699375,1.7456875,surprised,7,02,strong,02,Dogs are sitting by the door,02,male,1,01
60,01-01-01-01-02.wav,48000,16000,3.6369583333333333,1.7646875,neutral,0,01,normal,01,Kids are talking by the door,01,female,0,02
61,01-01-01-02-02.wav,48000,16000,3.6036041666666665,1.8585,neutral,0,01,normal,01,Kids are talking by the door,02,female,0,02
62,01-01-02-01-02.wav,48000,16000,3.7704166666666667,1.879125,neutral,0,01,normal,02,Dogs are sitting by the door,01,female,0,02
63,01-01-02-02-02.wav,48000,16000,3.6035833333333334,1.908625,neutral,0,01,normal,02,Dogs are sitting by the door,02,female,0,02
64,02-01-01-01-02.wav,48000,16000,3.8371666666666666,2.1294375,calm,1,01,normal,01,Kids are talking by the door,01,female,0,02
65,02-01-01-02-02.wav,48000,16000,4.004,2.1388125,calm,1,01,normal,01,Kids are talking by the door,02,female,0,02
66,02-01-02-01-02.wav,48000,16000,3.8371666666666666,1.9545625,calm,1,01,normal,02,Dogs are sitting by the door,01,female,0,02
67,02-01-02-02-02.wav,48000,16000,3.970625,2.1531875,calm,1,01,normal,02,Dogs are sitting by the door,02,female,0,02
68,02-02-01-01-02.wav,48000,16000,4.137479166666667,2.4349375,calm,1,02,strong,01,Kids are talking by the door,01,female,0,02
69,02-02-01-02-02.wav,48000,16000,4.037375,2.1940625,calm,1,02,strong,01,Kids are talking by the door,02,female,0,02
70,02-02-02-01-02.wav,48000,16000,4.104104166666667,2.4493125,calm,1,02,strong,02,Dogs are sitting by the door,01,female,0,02
71,02-02-02-02-02.wav,48000,16000,4.104104166666667,2.2656875,calm,1,02,strong,02,Dogs are sitting by the door,02,female,0,02
72,03-01-01-01-02.wav,48000,16000,3.6036041666666665,2.0156875,happy,2,01,normal,01,Kids are talking by the door,01,female,0,02
73,03-01-01-02-02.wav,48000,16000,3.7036875,1.971125,happy,2,01,normal,01,Kids are talking by the door,02,female,0,02
74,03-01-02-01-02.wav,48000,16000,3.7704375,2.00575,happy,2,01,normal,02,Dogs are sitting by the door,01,female,0,02
75,03-01-02-02-02.wav,48000,16000,3.7370833333333335,2.1648125,happy,2,01,normal,02,Dogs are sitting by the door,02,female,0,02
76,03-02-01-01-02.wav,48000,16000,3.703708333333333,2.217875,happy,2,02,strong,01,Kids are talking by the door,01,female,0,02
77,03-02-01-02-02.wav,48000,16000,3.6703333333333332,2.398375,happy,2,02,strong,01,Kids are talking by the door,02,female,0,02
78,03-02-02-01-02.wav,48000,16000,3.703708333333333,2.381875,happy,2,02,strong,02,Dogs are sitting by the door,01,female,0,02
79,03-02-02-02-02.wav,48000,16000,3.8705208333333334,2.3428125,happy,2,02,strong,02,Dogs are sitting by the door,02,female,0,02
80,04-01-01-01-02.wav,48000,16000,3.8371666666666666,2.1295,sad,3,01,normal,01,Kids are talking by the door,01,female,0,02
81,04-01-01-02-02.wav,48000,16000,3.7704375,1.9355,sad,3,01,normal,01,Kids are talking by the door,02,female,0,02
82,04-01-02-01-02.wav,48000,16000,3.7370625,1.86525,sad,3,01,normal,02,Dogs are sitting by the door,01,female,0,02
83,04-01-02-02-02.wav,48000,16000,3.7704375,1.902625,sad,3,01,normal,02,Dogs are sitting by the door,02,female,0,02
84,04-02-01-01-02.wav,48000,16000,3.7370833333333335,1.8316875,sad,3,02,strong,01,Kids are talking by the door,01,female,0,02
85,04-02-01-02-02.wav,48000,16000,3.7704166666666667,1.9099375,sad,3,02,strong,01,Kids are talking by the door,02,female,0,02
86,04-02-02-01-02.wav,48000,16000,3.7036875,1.8285625,sad,3,02,strong,02,Dogs are sitting by the door,01,female,0,02
87,04-02-02-02-02.wav,48000,16000,3.6703333333333332,1.99125,sad,3,02,strong,02,Dogs are sitting by the door,02,female,0,02
88,05-01-01-01-02.wav,48000,16000,3.6703333333333332,2.0050625,angry,4,01,normal,01,Kids are talking by the door,01,female,0,02
89,05-01-01-02-02.wav,48000,16000,3.6703333333333332,2.16825,angry,4,01,normal,01,Kids are talking by the door,02,female,0,02
90,05-01-02-01-02.wav,48000,16000,3.7704166666666667,2.15075,angry,4,01,normal,02,Dogs are sitting by the door,01,female,0,02
91,05-01-02-02-02.wav,48000,16000,3.8037916666666667,2.2398125,angry,4,01,normal,02,Dogs are sitting by the door,02,female,0,02
92,05-02-01-01-02.wav,48000,16000,3.9039166666666665,2.465625,angry,4,02,strong,01,Kids are talking by the door,01,female,0,02
93,05-02-01-02-02.wav,48000,16000,4.004,2.4205,angry,4,02,strong,01,Kids are talking by the door,02,female,0,02
94,05-02-02-01-02.wav,48000,16000,4.004,2.3306875,angry,4,02,strong,02,Dogs are sitting by the door,01,female,0,02
95,05-02-02-02-02.wav,48000,16000,4.004,2.248375,angry,4,02,strong,02,Dogs are sitting by the door,02,female,0,02
96,06-01-01-01-02.wav,48000,16000,3.636979166666667,2.549375,fearful,5,01,normal,01,Kids are talking by the door,01,female,0,02
97,06-01-01-02-02.wav,48000,16000,3.7370625,2.2590625,fearful,5,01,normal,01,Kids are talking by the door,02,female,0,02
98,06-01-02-01-02.wav,48000,16000,3.6703333333333332,2.4554375,fearful,5,01,normal,02,Dogs are sitting by the door,01,female,0,02
99,06-01-02-02-02.wav,48000,16000,3.7370625,2.4131875,fearful,5,01,normal,02,Dogs are sitting by the door,02,female,0,02
100,06-02-01-01-02.wav,48000,16000,3.8037916666666667,2.529625,fearful,5,02,strong,01,Kids are talking by the door,01,female,0,02
101,06-02-01-02-02.wav,48000,16000,3.636979166666667,2.6280625,fearful,5,02,strong,01,Kids are talking by the door,02,female,0,02
102,06-02-02-01-02.wav,48000,16000,3.6036041666666665,2.365125,fearful,5,02,strong,02,Dogs are sitting by the door,01,female,0,02
103,06-02-02-02-02.wav,48000,16000,3.6036041666666665,2.5666875,fearful,5,02,strong,02,Dogs are sitting by the door,02,female,0,02
104,07-01-01-01-02.wav,48000,16000,3.6703333333333332,2.00725,disgust,6,01,normal,01,Kids are talking by the door,01,female,0,02
105,07-01-01-02-02.wav,48000,16000,3.636979166666667,1.8188125,disgust,6,01,normal,01,Kids are talking by the door,02,female,0,02
106,07-01-02-01-02.wav,48000,16000,3.8705416666666665,2.140875,disgust,6,01,normal,02,Dogs are sitting by the door,01,female,0,02
107,07-01-02-02-02.wav,48000,16000,3.8371666666666666,2.0528125,disgust,6,01,normal,02,Dogs are sitting by the door,02,female,0,02
108,07-02-01-01-02.wav,48000,16000,4.137458333333333,2.375625,disgust,6,02,strong,01,Kids are talking by the door,01,female,0,02
109,07-02-01-02-02.wav,48000,16000,4.137458333333333,2.4135,disgust,6,02,strong,01,Kids are talking by the door,02,female,0,02
110,07-02-02-01-02.wav,48000,16000,4.004,2.379875,disgust,6,02,strong,02,Dogs are sitting by the door,01,female,0,02
111,07-02-02-02-02.wav,48000,16000,4.037375,2.6148125,disgust,6,02,strong,02,Dogs are sitting by the door,02,female,0,02
112,08-01-01-01-02.wav,48000,16000,3.5368541666666666,2.045375,surprised,7,01,normal,01,Kids are talking by the door,01,female,0,02
113,08-01-01-02-02.wav,48000,16000,3.5368541666666666,1.7705625,surprised,7,01,normal,01,Kids are talking by the door,02,female,0,02
114,08-01-02-01-02.wav,48000,16000,3.6036041666666665,1.7044375,surprised,7,01,normal,02,Dogs are sitting by the door,01,female,0,02
115,08-01-02-02-02.wav,48000,16000,3.536875,1.952625,surprised,7,01,normal,02,Dogs are sitting by the door,02,female,0,02
116,08-02-01-01-02.wav,48000,16000,3.7370625,2.337,surprised,7,02,strong,01,Kids are talking by the door,01,female,0,02
117,08-02-01-02-02.wav,48000,16000,3.7704375,2.3406875,surprised,7,02,strong,01,Kids are talking by the door,02,female,0,02
118,08-02-02-01-02.wav,48000,16000,3.7370833333333335,2.1079375,surprised,7,02,strong,02,Dogs are sitting by the door,01,female,0,02
119,08-02-02-02-02.wav,48000,16000,3.8038125,2.3365,surprised,7,02,strong,02,Dogs are sitting by the door,02,female,0,02
120,01-01-01-01-03.wav,48000,16000,3.4367708333333336,1.7874375,neutral,0,01,normal,01,Kids are talking by the door,01,male,1,03
121,01-01-01-02-03.wav,48000,16000,3.5035,1.98975,neutral,0,01,normal,01,Kids are talking by the door,02,male,1,03
122,01-01-02-01-03.wav,48000,16000,3.5035,1.752125,neutral,0,01,normal,02,Dogs are sitting by the door,01,male,1,03
123,01-01-02-02-03.wav,48000,16000,3.4701458333333335,1.7690625,neutral,0,01,normal,02,Dogs are sitting by the door,02,male,1,03
124,02-01-01-01-03.wav,48000,16000,3.8371666666666666,2.13025,calm,1,01,normal,01,Kids are talking by the door,01,male,1,03
125,02-01-01-02-03.wav,48000,16000,3.7370625,2.152125,calm,1,01,normal,01,Kids are talking by the door,02,male,1,03
126,02-01-02-01-03.wav,48000,16000,3.8371666666666666,2.30575,calm,1,01,normal,02,Dogs are sitting by the door,01,male,1,03
127,02-01-02-02-03.wav,48000,16000,3.970625,2.6945625,calm,1,01,normal,02,Dogs are sitting by the door,02,male,1,03
128,02-02-01-01-03.wav,48000,16000,4.037375,3.4911875,calm,1,02,strong,01,Kids are talking by the door,01,male,1,03
129,02-02-01-02-03.wav,48000,16000,3.970645833333333,2.9968125,calm,1,02,strong,01,Kids are talking by the door,02,male,1,03
130,02-02-02-01-03.wav,48000,16000,4.137458333333333,3.1694375,calm,1,02,strong,02,Dogs are sitting by the door,01,male,1,03
131,02-02-02-02-03.wav,48000,16000,4.004,3.18725,calm,1,02,strong,02,Dogs are sitting by the door,02,male,1,03
132,03-01-01-01-03.wav,48000,16000,3.7704166666666667,2.7145,happy,2,01,normal,01,Kids are talking by the door,01,male,1,03
133,03-01-01-02-03.wav,48000,16000,3.6035833333333334,2.667875,happy,2,01,normal,01,Kids are talking by the door,02,male,1,03
134,03-01-02-01-03.wav,48000,16000,3.5035,2.428,happy,2,01,normal,02,Dogs are sitting by the door,01,male,1,03
135,03-01-02-02-03.wav,48000,16000,3.5035,2.35875,happy,2,01,normal,02,Dogs are sitting by the door,02,male,1,03
136,03-02-01-01-03.wav,48000,16000,4.3043125,3.5440625,happy,2,02,strong,01,Kids are talking by the door,01,male,1,03
137,03-02-01-02-03.wav,48000,16000,4.404395833333333,3.92375,happy,2,02,strong,01,Kids are talking by the door,02,male,1,03
138,03-02-02-01-03.wav,48000,16000,4.137458333333333,3.82775,happy,2,02,strong,02,Dogs are sitting by the door,01,male,1,03
139,03-02-02-02-03.wav,48000,16000,3.8371666666666666,3.43425,happy,2,02,strong,02,Dogs are sitting by the door,02,male,1,03
140,04-01-01-01-03.wav,48000,16000,3.6036041666666665,1.9514375,sad,3,01,normal,01,Kids are talking by the door,01,male,1,03
141,04-01-01-02-03.wav,48000,16000,3.5702291666666666,2.48925,sad,3,01,normal,01,Kids are talking by the door,02,male,1,03
142,04-01-02-01-03.wav,48000,16000,3.5702291666666666,2.608375,sad,3,01,normal,02,Dogs are sitting by the door,01,male,1,03
143,04-01-02-02-03.wav,48000,16000,3.536875,2.4945,sad,3,01,normal,02,Dogs are sitting by the door,02,male,1,03
144,04-02-01-01-03.wav,48000,16000,3.7704375,2.5514375,sad,3,02,strong,01,Kids are talking by the door,01,male,1,03
145,04-02-01-02-03.wav,48000,16000,3.8371666666666666,2.9256875,sad,3,02,strong,01,Kids are talking by the door,02,male,1,03
146,04-02-02-01-03.wav,48000,16000,3.470125,3.3946875,sad,3,02,strong,02,Dogs are sitting by the door,01,male,1,03
147,04-02-02-02-03.wav,48000,16000,3.7036875,2.7875,sad,3,02,strong,02,Dogs are sitting by the door,02,male,1,03
148,05-01-01-01-03.wav,48000,16000,4.004,2.74175,angry,4,01,normal,01,Kids are talking by the door,01,male,1,03
149,05-01-01-02-03.wav,48000,16000,4.070729166666666,3.0728125,angry,4,01,normal,01,Kids are talking by the door,02,male,1,03
150,05-01-02-01-03.wav,48000,16000,3.8038125,3.0786875,angry,4,01,normal,02,Dogs are sitting by the door,01,male,1,03
151,05-01-02-02-03.wav,48000,16000,3.8371666666666666,3.0103125,angry,4,01,normal,02,Dogs are sitting by the door,02,male,1,03
152,05-02-01-01-03.wav,48000,16000,4.404395833333333,4.3640625,angry,4,02,strong,01,Kids are talking by the door,01,male,1,03
153,05-02-01-02-03.wav,48000,16000,4.404416666666667,4.4044375,angry,4,02,strong,01,Kids are talking by the door,02,male,1,03
154,05-02-02-01-03.wav,48000,16000,4.2375625,4.1911875,angry,4,02,strong,02,Dogs are sitting by the door,01,male,1,03
155,05-02-02-02-03.wav,48000,16000,4.5045,4.2059375,angry,4,02,strong,02,Dogs are sitting by the door,02,male,1,03
156,06-01-01-01-03.wav,48000,16000,3.7370833333333335,2.7698125,fearful,5,01,normal,01,Kids are talking by the door,01,male,1,03
157,06-01-01-02-03.wav,48000,16000,3.8371666666666666,3.125875,fearful,5,01,normal,01,Kids are talking by the door,02,male,1,03
158,06-01-02-01-03.wav,48000,16000,3.5035,2.5975625,fearful,5,01,normal,02,Dogs are sitting by the door,01,male,1,03
159,06-01-02-02-03.wav,48000,16000,3.2032083333333334,2.558375,fearful,5,01,normal,02,Dogs are sitting by the door,02,male,1,03
160,06-02-01-01-03.wav,48000,16000,3.3033125,3.2576875,fearful,5,02,strong,01,Kids are talking by the door,01,male,1,03
161,06-02-01-02-03.wav,48000,16000,3.9038958333333333,3.9039375,fearful,5,02,strong,01,Kids are talking by the door,02,male,1,03
162,06-02-02-01-03.wav,48000,16000,3.3033125,3.2505625,fearful,5,02,strong,02,Dogs are sitting by the door,01,male,1,03
163,06-02-02-02-03.wav,48000,16000,3.4367708333333336,3.4368125,fearful,5,02,strong,02,Dogs are sitting by the door,02,male,1,03
164,07-01-01-01-03.wav,48000,16000,4.037375,3.5135625,disgust,6,01,normal,01,Kids are talking by the door,01,male,1,03
165,07-01-01-02-03.wav,48000,16000,3.970645833333333,3.17725,disgust,6,01,normal,01,Kids are talking by the door,02,male,1,03
166,07-01-02-01-03.wav,48000,16000,3.6036041666666665,2.5786875,disgust,6,01,normal,02,Dogs are sitting by the door,01,male,1,03
167,07-01-02-02-03.wav,48000,16000,3.7704375,3.2418125,disgust,6,01,normal,02,Dogs are sitting by the door,02,male,1,03
168,07-02-01-01-03.wav,48000,16000,4.104104166666667,3.3245,disgust,6,02,strong,01,Kids are talking by the door,01,male,1,03
169,07-02-01-02-03.wav,48000,16000,4.104104166666667,3.706375,disgust,6,02,strong,01,Kids are talking by the door,02,male,1,03
170,07-02-02-01-03.wav,48000,16000,3.8371666666666666,3.2335625,disgust,6,02,strong,02,Dogs are sitting by the door,01,male,1,03
171,07-02-02-02-03.wav,48000,16000,3.9372708333333333,3.443125,disgust,6,02,strong,02,Dogs are sitting by the door,02,male,1,03
172,08-01-01-01-03.wav,48000,16000,3.2365625,2.05425,surprised,7,01,normal,01,Kids are talking by the door,01,male,1,03
173,08-01-01-02-03.wav,48000,16000,3.370041666666667,2.0886875,surprised,7,01,normal,01,Kids are talking by the door,02,male,1,03
174,08-01-02-01-03.wav,48000,16000,3.2032083333333334,1.782875,surprised,7,01,normal,02,Dogs are sitting by the door,01,male,1,03
175,08-01-02-02-03.wav,48000,16000,3.5702291666666666,2.155625,surprised,7,01,normal,02,Dogs are sitting by the door,02,male,1,03
176,08-02-01-01-03.wav,48000,16000,3.2699375,2.2781875,surprised,7,02,strong,01,Kids are talking by the door,01,male,1,03
177,08-02-01-02-03.wav,48000,16000,3.6036041666666665,2.3905625,surprised,7,02,strong,01,Kids are talking by the door,02,male,1,03
178,08-02-02-01-03.wav,48000,16000,3.5035,2.6255625,surprised,7,02,strong,02,Dogs are sitting by the door,01,male,1,03
179,08-02-02-02-03.wav,48000,16000,3.2365625,2.05025,surprised,7,02,strong,02,Dogs are sitting by the door,02,male,1,03
180,01-01-01-01-04.wav,48000,16000,3.3032916666666665,1.574,neutral,0,01,normal,01,Kids are talking by the door,01,female,0,04
181,01-01-01-02-04.wav,48000,16000,3.370041666666667,1.53025,neutral,0,01,normal,01,Kids are talking by the door,02,female,0,04
182,01-01-02-01-04.wav,48000,16000,3.2699375,1.406,neutral,0,01,normal,02,Dogs are sitting by the door,01,female,0,04
183,01-01-02-02-04.wav,48000,16000,3.2365625,1.357,neutral,0,01,normal,02,Dogs are sitting by the door,02,female,0,04
184,02-01-01-01-04.wav,48000,16000,3.8037916666666667,2.207,calm,1,01,normal,01,Kids are talking by the door,01,female,0,04
185,02-01-01-02-04.wav,48000,16000,3.7370625,2.184125,calm,1,01,normal,01,Kids are talking by the door,02,female,0,04
186,02-01-02-01-04.wav,48000,16000,3.636979166666667,2.3855625,calm,1,01,normal,02,Dogs are sitting by the door,01,female,0,04
187,02-01-02-02-04.wav,48000,16000,3.57025,1.9088125,calm,1,01,normal,02,Dogs are sitting by the door,02,female,0,04
188,02-02-01-01-04.wav,48000,16000,3.970625,2.33325,calm,1,02,strong,01,Kids are talking by the door,01,female,0,04
189,02-02-01-02-04.wav,48000,16000,3.8038125,2.436625,calm,1,02,strong,01,Kids are talking by the door,02,female,0,04
190,02-02-02-01-04.wav,48000,16000,3.8037916666666667,2.8729375,calm,1,02,strong,02,Dogs are sitting by the door,01,female,0,04
191,02-02-02-02-04.wav,48000,16000,4.037375,2.2275625,calm,1,02,strong,02,Dogs are sitting by the door,02,female,0,04
192,03-01-01-01-04.wav,48000,16000,3.5035,1.6721875,happy,2,01,normal,01,Kids are talking by the door,01,female,0,04
193,03-01-01-02-04.wav,48000,16000,3.5368541666666666,1.7365625,happy,2,01,normal,01,Kids are talking by the door,02,female,0,04
194,03-01-02-01-04.wav,48000,16000,3.5035,1.768125,happy,2,01,normal,02,Dogs are sitting by the door,01,female,0,04
195,03-01-02-02-04.wav,48000,16000,3.4367708333333336,1.604125,happy,2,01,normal,02,Dogs are sitting by the door,02,female,0,04
196,03-02-01-01-04.wav,48000,16000,3.8705416666666665,2.6598125,happy,2,02,strong,01,Kids are talking by the door,01,female,0,04
197,03-02-01-02-04.wav,48000,16000,3.5702291666666666,1.75275,happy,2,02,strong,01,Kids are talking by the door,02,female,0,04
198,03-02-02-01-04.wav,48000,16000,3.6036041666666665,1.84025,happy,2,02,strong,02,Dogs are sitting by the door,01,female,0,04
199,03-02-02-02-04.wav,48000,16000,3.7704166666666667,2.5983125,happy,2,02,strong,02,Dogs are sitting by the door,02,female,0,04
200,04-01-01-01-04.wav,48000,16000,3.370041666666667,1.533875,sad,3,01,normal,01,Kids are talking by the door,01,female,0,04
201,04-01-01-02-04.wav,48000,16000,3.403395833333333,1.6874375,sad,3,01,normal,01,Kids are talking by the door,02,female,0,04
202,04-01-02-01-04.wav,48000,16000,3.4367708333333336,1.915125,sad,3,01,normal,02,Dogs are sitting by the door,01,female,0,04
203,04-01-02-02-04.wav,48000,16000,3.470125,1.9388125,sad,3,01,normal,02,Dogs are sitting by the door,02,female,0,04
204,04-02-01-01-04.wav,48000,16000,3.6703333333333332,2.172875,sad,3,02,strong,01,Kids are talking by the door,01,female,0,04
205,04-02-01-02-04.wav,48000,16000,3.7704375,2.0105625,sad,3,02,strong,01,Kids are talking by the door,02,female,0,04
206,04-02-02-01-04.wav,48000,16000,3.7704375,2.429125,sad,3,02,strong,02,Dogs are sitting by the door,01,female,0,04
207,04-02-02-02-04.wav,48000,16000,3.7704375,2.2021875,sad,3,02,strong,02,Dogs are sitting by the door,02,female,0,04
208,05-01-01-01-04.wav,48000,16000,3.703708333333333,2.05125,angry,4,01,normal,01,Kids are talking by the door,01,female,0,04
209,05-01-01-02-04.wav,48000,16000,3.6036041666666665,1.872875,angry,4,01,normal,01,Kids are talking by the door,02,female,0,04
210,05-01-02-01-04.wav,48000,16000,3.470125,1.8538125,angry,4,01,normal,02,Dogs are sitting by the door,01,female,0,04
211,05-01-02-02-04.wav,48000,16000,3.7370625,2.0426875,angry,4,01,normal,02,Dogs are sitting by the door,02,female,0,04
212,05-02-01-01-04.wav,48000,16000,3.7704375,2.7829375,angry,4,02,strong,01,Kids are talking by the door,01,female,0,04
213,05-02-01-02-04.wav,48000,16000,3.8705208333333334,2.271875,angry,4,02,strong,01,Kids are talking by the door,02,female,0,04
214,05-02-02-01-04.wav,48000,16000,3.7036875,2.4705,angry,4,02,strong,02,Dogs are sitting by the door,01,female,0,04
215,05-02-02-02-04.wav,48000,16000,3.8371666666666666,2.4185625,angry,4,02,strong,02,Dogs are sitting by the door,02,female,0,04
216,06-01-01-01-04.wav,48000,16000,3.3032916666666665,1.9866875,fearful,5,01,normal,01,Kids are talking by the door,01,female,0,04
217,06-01-01-02-04.wav,48000,16000,3.2365833333333334,1.8793125,fearful,5,01,normal,01,Kids are talking by the door,02,female,0,04
218,06-01-02-01-04.wav,48000,16000,3.470125,2.0106875,fearful,5,01,normal,02,Dogs are sitting by the door,01,female,0,04
219,06-01-02-02-04.wav,48000,16000,3.470125,2.0508125,fearful,5,01,normal,02,Dogs are sitting by the door,02,female,0,04
220,06-02-01-01-04.wav,48000,16000,3.9372708333333333,3.0843125,fearful,5,02,strong,01,Kids are talking by the door,01,female,0,04
221,06-02-01-02-04.wav,48000,16000,3.403395833333333,2.0128125,fearful,5,02,strong,01,Kids are talking by the door,02,female,0,04
222,06-02-02-01-04.wav,48000,16000,3.6036041666666665,2.197,fearful,5,02,strong,02,Dogs are sitting by the door,01,female,0,04
223,06-02-02-02-04.wav,48000,16000,3.5702291666666666,2.123875,fearful,5,02,strong,02,Dogs are sitting by the door,02,female,0,04
224,07-01-01-01-04.wav,48000,16000,3.9039166666666665,2.034125,disgust,6,01,normal,01,Kids are talking by the door,01,female,0,04
225,07-01-01-02-04.wav,48000,16000,3.9038958333333333,2.344625,disgust,6,01,normal,01,Kids are talking by the door,02,female,0,04
226,07-01-02-01-04.wav,48000,16000,3.7704375,1.9065,disgust,6,01,normal,02,Dogs are sitting by the door,01,female,0,04
227,07-01-02-02-04.wav,48000,16000,3.8038125,1.915125,disgust,6,01,normal,02,Dogs are sitting by the door,02,female,0,04
228,07-02-01-01-04.wav,48000,16000,4.004,2.296875,disgust,6,02,strong,01,Kids are talking by the door,01,female,0,04
229,07-02-01-02-04.wav,48000,16000,4.037375,2.6531875,disgust,6,02,strong,01,Kids are talking by the door,02,female,0,04
230,07-02-02-01-04.wav,48000,16000,3.8705416666666665,2.4059375,disgust,6,02,strong,02,Dogs are sitting by the door,01,female,0,04
231,07-02-02-02-04.wav,48000,16000,3.9372708333333333,2.678875,disgust,6,02,strong,02,Dogs are sitting by the door,02,female,0,04
232,08-01-01-01-04.wav,48000,16000,3.2365833333333334,1.6361875,surprised,7,01,normal,01,Kids are talking by the door,01,female,0,04
233,08-01-01-02-04.wav,48000,16000,3.3366666666666664,1.6383125,surprised,7,01,normal,01,Kids are talking by the door,02,female,0,04
234,08-01-02-01-04.wav,48000,16000,3.6369583333333333,1.99925,surprised,7,01,normal,02,Dogs are sitting by the door,01,female,0,04
235,08-01-02-02-04.wav,48000,16000,3.43675,1.9298125,surprised,7,01,normal,02,Dogs are sitting by the door,02,female,0,04
236,08-02-01-01-04.wav,48000,16000,3.6703333333333332,1.991,surprised,7,02,strong,01,Kids are talking by the door,01,female,0,04
237,08-02-01-02-04.wav,48000,16000,3.5702291666666666,2.0329375,surprised,7,02,strong,01,Kids are talking by the door,02,female,0,04
238,08-02-02-01-04.wav,48000,16000,3.470125,1.74475,surprised,7,02,strong,02,Dogs are sitting by the door,01,female,0,04
239,08-02-02-02-04.wav,48000,16000,3.5368541666666666,2.0070625,surprised,7,02,strong,02,Dogs are sitting by the door,02,female,0,04
240,01-01-01-01-05.wav,48000,16000,3.6036041666666665,1.76325,neutral,0,01,normal,01,Kids are talking by the door,01,male,1,05
241,01-01-01-02-05.wav,48000,16000,3.636979166666667,1.87675,neutral,0,01,normal,01,Kids are talking by the door,02,male,1,05
242,01-01-02-01-05.wav,48000,16000,3.103083333333333,1.7049375,neutral,0,01,normal,02,Dogs are sitting by the door,01,male,1,05
243,01-01-02-02-05.wav,48000,16000,3.6036041666666665,1.6643125,neutral,0,01,normal,02,Dogs are sitting by the door,02,male,1,05
244,02-01-01-01-05.wav,48000,16000,4.037354166666667,2.1839375,calm,1,01,normal,01,Kids are talking by the door,01,male,1,05
245,02-01-01-02-05.wav,48000,16000,4.104104166666667,2.1378125,calm,1,01,normal,01,Kids are talking by the door,02,male,1,05
246,02-01-02-01-05.wav,48000,16000,4.137479166666667,2.155,calm,1,01,normal,02,Dogs are sitting by the door,01,male,1,05
247,02-01-02-02-05.wav,48000,16000,4.2375625,2.348,calm,1,01,normal,02,Dogs are sitting by the door,02,male,1,05
248,02-02-01-01-05.wav,48000,16000,4.7380625,2.8801875,calm,1,02,strong,01,Kids are talking by the door,01,male,1,05
249,02-02-01-02-05.wav,48000,16000,4.5045,2.2085625,calm,1,02,strong,01,Kids are talking by the door,02,male,1,05
250,02-02-02-01-05.wav,48000,16000,4.7714375,2.618875,calm,1,02,strong,02,Dogs are sitting by the door,01,male,1,05
251,02-02-02-02-05.wav,48000,16000,4.304291666666667,2.286875,calm,1,02,strong,02,Dogs are sitting by the door,02,male,1,05
252,03-01-01-01-05.wav,48000,16000,4.004,2.1955625,happy,2,01,normal,01,Kids are talking by the door,01,male,1,05
253,03-01-01-02-05.wav,48000,16000,3.2365625,1.725875,happy,2,01,normal,01,Kids are talking by the door,02,male,1,05
254,03-01-02-01-05.wav,48000,16000,3.3700208333333332,1.514625,happy,2,01,normal,02,Dogs are sitting by the door,01,male,1,05
255,03-01-02-02-05.wav,48000,16000,3.7704375,2.23775,happy,2,01,normal,02,Dogs are sitting by the door,02,male,1,05
256,03-02-01-01-05.wav,48000,16000,4.137479166666667,2.418375,happy,2,02,strong,01,Kids are talking by the door,01,male,1,05
257,03-02-01-02-05.wav,48000,16000,3.8705416666666665,2.455875,happy,2,02,strong,01,Kids are talking by the door,02,male,1,05
258,03-02-02-01-05.wav,48000,16000,3.6035833333333334,2.3786875,happy,2,02,strong,02,Dogs are sitting by the door,01,male,1,05
259,03-02-02-02-05.wav,48000,16000,3.403395833333333,2.1250625,happy,2,02,strong,02,Dogs are sitting by the door,02,male,1,05
260,04-01-01-01-05.wav,48000,16000,3.2699375,1.4658125,sad,3,01,normal,01,Kids are talking by the door,01,male,1,05
261,04-01-01-02-05.wav,48000,16000,3.6369583333333333,1.901,sad,3,01,normal,01,Kids are talking by the door,02,male,1,05
262,04-01-02-01-05.wav,48000,16000,3.1031041666666668,1.393125,sad,3,01,normal,02,Dogs are sitting by the door,01,male,1,05
263,04-01-02-02-05.wav,48000,16000,3.7036875,1.932875,sad,3,01,normal,02,Dogs are sitting by the door,02,male,1,05
264,04-02-01-01-05.wav,48000,16000,3.5368541666666666,1.7545625,sad,3,02,strong,01,Kids are talking by the door,01,male,1,05
265,04-02-01-02-05.wav,48000,16000,3.2699375,1.59475,sad,3,02,strong,01,Kids are talking by the door,02,male,1,05
266,04-02-02-01-05.wav,48000,16000,3.2699166666666666,1.5788125,sad,3,02,strong,02,Dogs are sitting by the door,01,male,1,05
267,04-02-02-02-05.wav,48000,16000,3.1364791666666667,1.317375,sad,3,02,strong,02,Dogs are sitting by the door,02,male,1,05
268,05-01-01-01-05.wav,48000,16000,3.8705416666666665,2.3519375,angry,4,01,normal,01,Kids are talking by the door,01,male,1,05
269,05-01-01-02-05.wav,48000,16000,3.8037916666666667,2.2575,angry,4,01,normal,01,Kids are talking by the door,02,male,1,05
270,05-01-02-01-05.wav,48000,16000,4.070729166666666,2.67575,angry,4,01,normal,02,Dogs are sitting by the door,01,male,1,05
271,05-01-02-02-05.wav,48000,16000,4.404395833333333,2.8505,angry,4,01,normal,02,Dogs are sitting by the door,02,male,1,05
272,05-02-01-01-05.wav,48000,16000,3.403395833333333,2.036875,angry,4,02,strong,01,Kids are talking by the door,01,male,1,05
273,05-02-01-02-05.wav,48000,16000,3.5702291666666666,2.3626875,angry,4,02,strong,01,Kids are talking by the door,02,male,1,05
274,05-02-02-01-05.wav,48000,16000,3.6369583333333333,2.1925625,angry,4,02,strong,02,Dogs are sitting by the door,01,male,1,05
275,05-02-02-02-05.wav,48000,16000,3.636979166666667,2.2378125,angry,4,02,strong,02,Dogs are sitting by the door,02,male,1,05
276,06-01-01-01-05.wav,48000,16000,3.1364791666666667,1.4768125,fearful,5,01,normal,01,Kids are talking by the door,01,male,1,05
277,06-01-01-02-05.wav,48000,16000,3.3700208333333332,1.6115625,fearful,5,01,normal,01,Kids are talking by the door,02,male,1,05
278,06-01-02-01-05.wav,48000,16000,3.136458333333333,1.3318125,fearful,5,01,normal,02,Dogs are sitting by the door,01,male,1,05
279,06-01-02-02-05.wav,48000,16000,3.069729166666667,1.4705625,fearful,5,01,normal,02,Dogs are sitting by the door,02,male,1,05
280,06-02-01-01-05.wav,48000,16000,3.2365625,2.4666875,fearful,5,02,strong,01,Kids are talking by the door,01,male,1,05
281,06-02-01-02-05.wav,48000,16000,3.5702291666666666,3.0254375,fearful,5,02,strong,01,Kids are talking by the door,02,male,1,05
282,06-02-02-01-05.wav,48000,16000,3.2365625,2.4705,fearful,5,02,strong,02,Dogs are sitting by the door,01,male,1,05
283,06-02-02-02-05.wav,48000,16000,3.1031041666666668,2.3869375,fearful,5,02,strong,02,Dogs are sitting by the door,02,male,1,05
284,07-01-01-01-05.wav,48000,16000,4.337666666666666,2.417,disgust,6,01,normal,01,Kids are talking by the door,01,male,1,05
285,07-01-01-02-05.wav,48000,16000,4.104104166666667,2.331375,disgust,6,01,normal,01,Kids are talking by the door,02,male,1,05
286,07-01-02-01-05.wav,48000,16000,3.9038958333333333,2.0815,disgust,6,01,normal,02,Dogs are sitting by the door,01,male,1,05
287,07-01-02-02-05.wav,48000,16000,3.7370625,1.8405,disgust,6,01,normal,02,Dogs are sitting by the door,02,male,1,05
288,07-02-01-01-05.wav,48000,16000,4.337666666666666,2.4823125,disgust,6,02,strong,01,Kids are talking by the door,01,male,1,05
289,07-02-01-02-05.wav,48000,16000,3.9038958333333333,2.2760625,disgust,6,02,strong,01,Kids are talking by the door,02,male,1,05
290,07-02-02-01-05.wav,48000,16000,4.2709375,2.5975625,disgust,6,02,strong,02,Dogs are sitting by the door,01,male,1,05
291,07-02-02-02-05.wav,48000,16000,4.537875,3.371125,disgust,6,02,strong,02,Dogs are sitting by the door,02,male,1,05
292,08-01-01-01-05.wav,48000,16000,3.7370625,2.026875,surprised,7,01,normal,01,Kids are talking by the door,01,male,1,05
293,08-01-01-02-05.wav,48000,16000,3.6703333333333332,1.9371875,surprised,7,01,normal,01,Kids are talking by the door,02,male,1,05
294,08-01-02-01-05.wav,48000,16000,3.069729166666667,1.3305,surprised,7,01,normal,02,Dogs are sitting by the door,01,male,1,05
295,08-01-02-02-05.wav,48000,16000,3.7036875,2.0895,surprised,7,01,normal,02,Dogs are sitting by the door,02,male,1,05
296,08-02-01-01-05.wav,48000,16000,4.137479166666667,2.3234375,surprised,7,02,strong,01,Kids are talking by the door,01,male,1,05
297,08-02-01-02-05.wav,48000,16000,4.104104166666667,2.468625,surprised,7,02,strong,01,Kids are talking by the door,02,male,1,05
298,08-02-02-01-05.wav,48000,16000,3.6703333333333332,1.914,surprised,7,02,strong,02,Dogs are sitting by the door,01,male,1,05
299,08-02-02-02-05.wav,48000,16000,3.536875,2.0135,surprised,7,02,strong,02,Dogs are sitting by the door,02,male,1,05
300,01-01-01-01-06.wav,48000,16000,3.3366666666666664,1.630375,neutral,0,01,normal,01,Kids are talking by the door,01,female,0,06
301,01-01-01-02-06.wav,48000,16000,3.6036041666666665,1.9639375,neutral,0,01,normal,01,Kids are talking by the door,02,female,0,06
302,01-01-02-01-06.wav,48000,16000,3.403395833333333,1.6073125,neutral,0,01,normal,02,Dogs are sitting by the door,01,female,0,06
303,01-01-02-02-06.wav,48000,16000,3.4367708333333336,1.636875,neutral,0,01,normal,02,Dogs are sitting by the door,02,female,0,06
304,02-01-01-01-06.wav,48000,16000,4.037354166666667,2.265125,calm,1,01,normal,01,Kids are talking by the door,01,female,0,06
305,02-01-01-02-06.wav,48000,16000,4.104104166666667,2.76575,calm,1,01,normal,01,Kids are talking by the door,02,female,0,06
306,02-01-02-01-06.wav,48000,16000,3.970625,2.6971875,calm,1,01,normal,02,Dogs are sitting by the door,01,female,0,06
307,02-01-02-02-06.wav,48000,16000,4.2041875,2.304375,calm,1,01,normal,02,Dogs are sitting by the door,02,female,0,06
308,02-02-01-01-06.wav,48000,16000,4.5045,3.044375,calm,1,02,strong,01,Kids are talking by the door,01,female,0,06
309,02-02-01-02-06.wav,48000,16000,4.637979166666667,2.7995625,calm,1,02,strong,01,Kids are talking by the door,02,female,0,06
310,02-02-02-01-06.wav,48000,16000,4.337666666666666,2.5035,calm,1,02,strong,02,Dogs are sitting by the door,01,female,0,06
311,02-02-02-02-06.wav,48000,16000,4.7714375,3.039625,calm,1,02,strong,02,Dogs are sitting by the door,02,female,0,06
312,03-01-01-01-06.wav,48000,16000,3.5368541666666666,2.33775,happy,2,01,normal,01,Kids are talking by the door,01,female,0,06
313,03-01-01-02-06.wav,48000,16000,3.6036041666666665,2.7560625,happy,2,01,normal,01,Kids are talking by the door,02,female,0,06
314,03-01-02-01-06.wav,48000,16000,3.470125,2.149625,happy,2,01,normal,02,Dogs are sitting by the door,01,female,0,06
315,03-01-02-02-06.wav,48000,16000,3.4367708333333336,2.1835625,happy,2,01,normal,02,Dogs are sitting by the door,02,female,0,06
316,03-02-01-01-06.wav,48000,16000,3.5035,3.144875,happy,2,02,strong,01,Kids are talking by the door,01,female,0,06
317,03-02-01-02-06.wav,48000,16000,3.470125,2.5691875,happy,2,02,strong,01,Kids are talking by the door,02,female,0,06
318,03-02-02-01-06.wav,48000,16000,3.5702291666666666,2.733375,happy,2,02,strong,02,Dogs are sitting by the door,01,female,0,06
319,03-02-02-02-06.wav,48000,16000,3.6035833333333334,3.4145,happy,2,02,strong,02,Dogs are sitting by the door,02,female,0,06
320,04-01-01-01-06.wav,48000,16000,3.5702291666666666,1.930125,sad,3,01,normal,01,Kids are talking by the door,01,female,0,06
321,04-01-01-02-06.wav,48000,16000,3.6036041666666665,2.1933125,sad,3,01,normal,01,Kids are talking by the door,02,female,0,06
322,04-01-02-01-06.wav,48000,16000,3.4701458333333335,1.728375,sad,3,01,normal,02,Dogs are sitting by the door,01,female,0,06
323,04-01-02-02-06.wav,48000,16000,3.4367708333333336,1.68175,sad,3,01,normal,02,Dogs are sitting by the door,02,female,0,06
324,04-02-01-01-06.wav,48000,16000,4.2041875,3.0116875,sad,3,02,strong,01,Kids are talking by the door,01,female,0,06
325,04-02-01-02-06.wav,48000,16000,4.104104166666667,2.583375,sad,3,02,strong,01,Kids are talking by the door,02,female,0,06
326,04-02-02-01-06.wav,48000,16000,4.604583333333333,3.3319375,sad,3,02,strong,02,Dogs are sitting by the door,01,female,0,06
327,04-02-02-02-06.wav,48000,16000,4.037354166666667,3.0545,sad,3,02,strong,02,Dogs are sitting by the door,02,female,0,06
328,05-01-01-01-06.wav,48000,16000,3.7704375,2.4540625,angry,4,01,normal,01,Kids are talking by the door,01,female,0,06
329,05-01-01-02-06.wav,48000,16000,3.970625,2.6048125,angry,4,01,normal,01,Kids are talking by the door,02,female,0,06
330,05-01-02-01-06.wav,48000,16000,4.2041875,2.9941875,angry,4,01,normal,02,Dogs are sitting by the door,01,female,0,06
331,05-01-02-02-06.wav,48000,16000,3.9038958333333333,2.6495,angry,4,01,normal,02,Dogs are sitting by the door,02,female,0,06
332,05-02-01-01-06.wav,48000,16000,4.104104166666667,3.03375,angry,4,02,strong,01,Kids are talking by the door,01,female,0,06
333,05-02-01-02-06.wav,48000,16000,4.2041875,3.254625,angry,4,02,strong,01,Kids are talking by the door,02,female,0,06
334,05-02-02-01-06.wav,48000,16000,4.437770833333333,3.2459375,angry,4,02,strong,02,Dogs are sitting by the door,01,female,0,06
335,05-02-02-02-06.wav,48000,16000,4.471125,3.8140625,angry,4,02,strong,02,Dogs are sitting by the door,02,female,0,06
336,06-01-01-01-06.wav,48000,16000,3.6369583333333333,1.9235,fearful,5,01,normal,01,Kids are talking by the door,01,female,0,06
337,06-01-01-02-06.wav,48000,16000,3.4367708333333336,2.1874375,fearful,5,01,normal,01,Kids are talking by the door,02,female,0,06
338,06-01-02-01-06.wav,48000,16000,3.57025,1.8435,fearful,5,01,normal,02,Dogs are sitting by the door,01,female,0,06
339,06-01-02-02-06.wav,48000,16000,3.5035,1.9624375,fearful,5,01,normal,02,Dogs are sitting by the door,02,female,0,06
340,06-02-01-01-06.wav,48000,16000,3.636979166666667,3.637,fearful,5,02,strong,01,Kids are talking by the door,01,female,0,06
341,06-02-01-02-06.wav,48000,16000,3.6036041666666665,3.5384375,fearful,5,02,strong,01,Kids are talking by the door,02,female,0,06
342,06-02-02-01-06.wav,48000,16000,3.7370625,3.63275,fearful,5,02,strong,02,Dogs are sitting by the door,01,female,0,06
343,06-02-02-02-06.wav,48000,16000,3.7370625,3.6816875,fearful,5,02,strong,02,Dogs are sitting by the door,02,female,0,06
344,07-01-01-01-06.wav,48000,16000,3.5035,2.4248125,disgust,6,01,normal,01,Kids are talking by the door,01,female,0,06
345,07-01-01-02-06.wav,48000,16000,4.2709375,2.4740625,disgust,6,01,normal,01,Kids are talking by the door,02,female,0,06
346,07-01-02-01-06.wav,48000,16000,3.7370625,1.883,disgust,6,01,normal,02,Dogs are sitting by the door,01,female,0,06
347,07-01-02-02-06.wav,48000,16000,3.9372708333333333,2.331625,disgust,6,01,normal,02,Dogs are sitting by the door,02,female,0,06
348,07-02-01-01-06.wav,48000,16000,4.3043125,2.88225,disgust,6,02,strong,01,Kids are talking by the door,01,female,0,06
349,07-02-01-02-06.wav,48000,16000,3.9372708333333333,2.15875,disgust,6,02,strong,01,Kids are talking by the door,02,female,0,06
350,07-02-02-01-06.wav,48000,16000,4.037354166666667,2.45725,disgust,6,02,strong,02,Dogs are sitting by the door,01,female,0,06
351,07-02-02-02-06.wav,48000,16000,3.970625,2.532875,disgust,6,02,strong,02,Dogs are sitting by the door,02,female,0,06
352,08-01-01-01-06.wav,48000,16000,3.2365625,1.49275,surprised,7,01,normal,01,Kids are talking by the door,01,female,0,06
353,08-01-01-02-06.wav,48000,16000,3.2365625,1.4829375,surprised,7,01,normal,01,Kids are talking by the door,02,female,0,06
354,08-01-02-01-06.wav,48000,16000,3.2032083333333334,1.479375,surprised,7,01,normal,02,Dogs are sitting by the door,01,female,0,06
355,08-01-02-02-06.wav,48000,16000,3.136458333333333,1.6965,surprised,7,01,normal,02,Dogs are sitting by the door,02,female,0,06
356,08-02-01-01-06.wav,48000,16000,3.2365625,1.821125,surprised,7,02,strong,01,Kids are talking by the door,01,female,0,06
357,08-02-01-02-06.wav,48000,16000,3.370041666666667,1.914625,surprised,7,02,strong,01,Kids are talking by the door,02,female,0,06
358,08-02-02-01-06.wav,48000,16000,3.3033125,2.02925,surprised,7,02,strong,02,Dogs are sitting by the door,01,female,0,06
359,08-02-02-02-06.wav,48000,16000,3.2032083333333334,2.0875625,surprised,7,02,strong,02,Dogs are sitting by the door,02,female,0,06
360,01-01-01-01-07.wav,48000,16000,3.9039166666666665,2.1298125,neutral,0,01,normal,01,Kids are talking by the door,01,male,1,07
361,01-01-01-02-07.wav,48000,16000,3.8038125,2.1278125,neutral,0,01,normal,01,Kids are talking by the door,02,male,1,07
362,01-01-02-01-07.wav,48000,16000,4.137458333333333,2.09525,neutral,0,01,normal,02,Dogs are sitting by the door,01,male,1,07
363,01-01-02-02-07.wav,48000,16000,3.7370625,2.1541875,neutral,0,01,normal,02,Dogs are sitting by the door,02,male,1,07
364,02-01-01-01-07.wav,48000,16000,3.470125,1.7098125,calm,1,01,normal,01,Kids are talking by the door,01,male,1,07
365,02-01-01-02-07.wav,48000,16000,3.7370625,1.93375,calm,1,01,normal,01,Kids are talking by the door,02,male,1,07
366,02-01-02-01-07.wav,48000,16000,3.5035,2.3954375,calm,1,01,normal,02,Dogs are sitting by the door,01,male,1,07
367,02-01-02-02-07.wav,48000,16000,3.536875,1.76225,calm,1,01,normal,02,Dogs are sitting by the door,02,male,1,07
368,02-02-01-01-07.wav,48000,16000,4.004,3.2356875,calm,1,02,strong,01,Kids are talking by the door,01,male,1,07
369,02-02-01-02-07.wav,48000,16000,3.8705416666666665,2.7961875,calm,1,02,strong,01,Kids are talking by the door,02,male,1,07
370,02-02-02-01-07.wav,48000,16000,4.2709375,2.648375,calm,1,02,strong,02,Dogs are sitting by the door,01,male,1,07
371,02-02-02-02-07.wav,48000,16000,4.104104166666667,2.58125,calm,1,02,strong,02,Dogs are sitting by the door,02,male,1,07
372,03-01-01-01-07.wav,48000,16000,3.5035,2.1343125,happy,2,01,normal,01,Kids are talking by the door,01,male,1,07
373,03-01-01-02-07.wav,48000,16000,3.470125,1.7741875,happy,2,01,normal,01,Kids are talking by the door,02,male,1,07
374,03-01-02-01-07.wav,48000,16000,3.403395833333333,2.0464375,happy,2,01,normal,02,Dogs are sitting by the door,01,male,1,07
375,03-01-02-02-07.wav,48000,16000,3.403395833333333,2.0464375,happy,2,01,normal,02,Dogs are sitting by the door,02,male,1,07
376,03-02-01-01-07.wav,48000,16000,4.104104166666667,3.237875,happy,2,02,strong,01,Kids are talking by the door,01,male,1,07
377,03-02-01-02-07.wav,48000,16000,4.037354166666667,4.02825,happy,2,02,strong,01,Kids are talking by the door,02,male,1,07
378,03-02-02-01-07.wav,48000,16000,4.037375,3.305875,happy,2,02,strong,02,Dogs are sitting by the door,01,male,1,07
379,03-02-02-02-07.wav,48000,16000,3.8371666666666666,3.8080625,happy,2,02,strong,02,Dogs are sitting by the door,02,male,1,07
380,04-01-01-01-07.wav,48000,16000,3.536875,1.7301875,sad,3,01,normal,01,Kids are talking by the door,01,male,1,07
381,04-01-01-02-07.wav,48000,16000,3.6035833333333334,1.7443125,sad,3,01,normal,01,Kids are talking by the door,02,male,1,07
382,04-01-02-01-07.wav,48000,16000,3.536875,1.8035,sad,3,01,normal,02,Dogs are sitting by the door,01,male,1,07
383,04-01-02-02-07.wav,48000,16000,3.8705208333333334,2.1106875,sad,3,01,normal,02,Dogs are sitting by the door,02,male,1,07
384,04-02-01-01-07.wav,48000,16000,3.93725,2.9406875,sad,3,02,strong,01,Kids are talking by the door,01,male,1,07
385,04-02-01-02-07.wav,48000,16000,3.8371666666666666,2.8835,sad,3,02,strong,01,Kids are talking by the door,02,male,1,07
386,04-02-02-01-07.wav,48000,16000,3.636979166666667,2.655375,sad,3,02,strong,02,Dogs are sitting by the door,01,male,1,07
387,04-02-02-02-07.wav,48000,16000,3.8371666666666666,2.408375,sad,3,02,strong,02,Dogs are sitting by the door,02,male,1,07
388,05-01-01-01-07.wav,48000,16000,4.004,3.2119375,angry,4,01,normal,01,Kids are talking by the door,01,male,1,07
389,05-01-01-02-07.wav,48000,16000,3.970645833333333,3.0493125,angry,4,01,normal,01,Kids are talking by the door,02,male,1,07
390,05-01-02-01-07.wav,48000,16000,4.004,2.2789375,angry,4,01,normal,02,Dogs are sitting by the door,01,male,1,07
391,05-01-02-02-07.wav,48000,16000,4.004,2.500125,angry,4,01,normal,02,Dogs are sitting by the door,02,male,1,07
392,05-02-01-01-07.wav,48000,16000,3.6036041666666665,3.491375,angry,4,02,strong,01,Kids are talking by the door,01,male,1,07
393,05-02-01-02-07.wav,48000,16000,4.004,3.6951875,angry,4,02,strong,01,Kids are talking by the door,02,male,1,07
394,05-02-02-01-07.wav,48000,16000,3.8371666666666666,2.9475,angry,4,02,strong,02,Dogs are sitting by the door,01,male,1,07
395,05-02-02-02-07.wav,48000,16000,4.337666666666666,4.19875,angry,4,02,strong,02,Dogs are sitting by the door,02,male,1,07
396,06-01-01-01-07.wav,48000,16000,3.4367708333333336,2.5101875,fearful,5,01,normal,01,Kids are talking by the door,01,male,1,07
397,06-01-01-02-07.wav,48000,16000,3.5035,2.2721875,fearful,5,01,normal,01,Kids are talking by the door,02,male,1,07
398,06-01-02-01-07.wav,48000,16000,3.4367708333333336,1.7930625,fearful,5,01,normal,02,Dogs are sitting by the door,01,male,1,07
399,06-01-02-02-07.wav,48000,16000,3.370041666666667,1.605875,fearful,5,01,normal,02,Dogs are sitting by the door,02,male,1,07
400,06-02-01-01-07.wav,48000,16000,3.636979166666667,2.6164375,fearful,5,02,strong,01,Kids are talking by the door,01,male,1,07
401,06-02-01-02-07.wav,48000,16000,3.470125,2.064375,fearful,5,02,strong,01,Kids are talking by the door,02,male,1,07
402,06-02-02-01-07.wav,48000,16000,3.403395833333333,2.1451875,fearful,5,02,strong,02,Dogs are sitting by the door,01,male,1,07
403,06-02-02-02-07.wav,48000,16000,3.5035,2.299625,fearful,5,02,strong,02,Dogs are sitting by the door,02,male,1,07
404,07-01-01-01-07.wav,48000,16000,3.5368541666666666,1.8991875,disgust,6,01,normal,01,Kids are talking by the door,01,male,1,07
405,07-01-01-02-07.wav,48000,16000,3.5035,1.9525,disgust,6,01,normal,01,Kids are talking by the door,02,male,1,07
406,07-01-02-01-07.wav,48000,16000,3.4367708333333336,1.668125,disgust,6,01,normal,02,Dogs are sitting by the door,01,male,1,07
407,07-01-02-02-07.wav,48000,16000,3.5368541666666666,1.8501875,disgust,6,01,normal,02,Dogs are sitting by the door,02,male,1,07
408,07-02-01-01-07.wav,48000,16000,4.137479166666667,2.3625,disgust,6,02,strong,01,Kids are talking by the door,01,male,1,07
409,07-02-01-02-07.wav,48000,16000,4.404395833333333,2.741125,disgust,6,02,strong,01,Kids are talking by the door,02,male,1,07
410,07-02-02-01-07.wav,48000,16000,4.137458333333333,3.0170625,disgust,6,02,strong,02,Dogs are sitting by the door,01,male,1,07
411,07-02-02-02-07.wav,48000,16000,4.771416666666667,3.1841875,disgust,6,02,strong,02,Dogs are sitting by the door,02,male,1,07
412,08-01-01-01-07.wav,48000,16000,3.470125,1.76375,surprised,7,01,normal,01,Kids are talking by the door,01,male,1,07
413,08-01-01-02-07.wav,48000,16000,3.536875,1.85125,surprised,7,01,normal,01,Kids are talking by the door,02,male,1,07
414,08-01-02-01-07.wav,48000,16000,3.4367708333333336,1.7626875,surprised,7,01,normal,02,Dogs are sitting by the door,01,male,1,07
415,08-01-02-02-07.wav,48000,16000,3.4367708333333336,1.7695,surprised,7,01,normal,02,Dogs are sitting by the door,02,male,1,07
416,08-02-01-01-07.wav,48000,16000,3.8705416666666665,3.362875,surprised,7,02,strong,01,Kids are talking by the door,01,male,1,07
417,08-02-01-02-07.wav,48000,16000,3.6369583333333333,1.939875,surprised,7,02,strong,01,Kids are talking by the door,02,male,1,07
418,08-02-02-01-07.wav,48000,16000,3.4367708333333336,2.1396875,surprised,7,02,strong,02,Dogs are sitting by the door,01,male,1,07
419,08-02-02-02-07.wav,48000,16000,3.470125,1.8081875,surprised,7,02,strong,02,Dogs are sitting by the door,02,male,1,07
420,01-01-01-01-08.wav,48000,16000,3.5035,1.7780625,neutral,0,01,normal,01,Kids are talking by the door,01,female,0,08
421,01-01-01-02-08.wav,48000,16000,3.636979166666667,1.9081875,neutral,0,01,normal,01,Kids are talking by the door,02,female,0,08
422,01-01-02-01-08.wav,48000,16000,3.5368541666666666,1.8555,neutral,0,01,normal,02,Dogs are sitting by the door,01,female,0,08
423,01-01-02-02-08.wav,48000,16000,3.5035,1.8630625,neutral,0,01,normal,02,Dogs are sitting by the door,02,female,0,08
424,02-01-01-01-08.wav,48000,16000,3.6036041666666665,1.8805625,calm,1,01,normal,01,Kids are talking by the door,01,female,0,08
425,02-01-01-02-08.wav,48000,16000,3.4034166666666668,1.661625,calm,1,01,normal,01,Kids are talking by the door,02,female,0,08
426,02-01-02-01-08.wav,48000,16000,3.470125,1.6944375,calm,1,01,normal,02,Dogs are sitting by the door,01,female,0,08
427,02-01-02-02-08.wav,48000,16000,3.470125,1.7915,calm,1,01,normal,02,Dogs are sitting by the door,02,female,0,08
428,02-02-01-01-08.wav,48000,16000,3.6369583333333333,2.0925625,calm,1,02,strong,01,Kids are talking by the door,01,female,0,08
429,02-02-01-02-08.wav,48000,16000,3.7370625,2.175125,calm,1,02,strong,01,Kids are talking by the door,02,female,0,08
430,02-02-02-01-08.wav,48000,16000,3.6703333333333332,1.991125,calm,1,02,strong,02,Dogs are sitting by the door,01,female,0,08
431,02-02-02-02-08.wav,48000,16000,3.8038125,2.0806875,calm,1,02,strong,02,Dogs are sitting by the door,02,female,0,08
432,03-01-01-01-08.wav,48000,16000,3.5035,1.9245,happy,2,01,normal,01,Kids are talking by the door,01,female,0,08
433,03-01-01-02-08.wav,48000,16000,3.43675,1.740125,happy,2,01,normal,01,Kids are talking by the door,02,female,0,08
434,03-01-02-01-08.wav,48000,16000,3.470125,1.8040625,happy,2,01,normal,02,Dogs are sitting by the door,01,female,0,08
435,03-01-02-02-08.wav,48000,16000,3.4367708333333336,1.924375,happy,2,01,normal,02,Dogs are sitting by the door,02,female,0,08
436,03-02-01-01-08.wav,48000,16000,3.7704166666666667,2.8275,happy,2,02,strong,01,Kids are talking by the door,01,female,0,08
437,03-02-01-02-08.wav,48000,16000,3.9038958333333333,2.695,happy,2,02,strong,01,Kids are talking by the door,02,female,0,08
438,03-02-02-01-08.wav,48000,16000,3.8371666666666666,2.923625,happy,2,02,strong,02,Dogs are sitting by the door,01,female,0,08
439,03-02-02-02-08.wav,48000,16000,3.9372708333333333,3.0215625,happy,2,02,strong,02,Dogs are sitting by the door,02,female,0,08
440,04-01-01-01-08.wav,48000,16000,4.204208333333334,2.1898125,sad,3,01,normal,01,Kids are talking by the door,01,female,0,08
441,04-01-01-02-08.wav,48000,16000,3.8705208333333334,1.9861875,sad,3,01,normal,01,Kids are talking by the door,02,female,0,08
442,04-01-02-01-08.wav,48000,16000,3.57025,1.5945625,sad,3,01,normal,02,Dogs are sitting by the door,01,female,0,08
443,04-01-02-02-08.wav,48000,16000,3.6036041666666665,1.6044375,sad,3,01,normal,02,Dogs are sitting by the door,02,female,0,08
444,04-02-01-01-08.wav,48000,16000,3.7704166666666667,2.6231875,sad,3,02,strong,01,Kids are talking by the door,01,female,0,08
445,04-02-01-02-08.wav,48000,16000,3.9372708333333333,2.741875,sad,3,02,strong,01,Kids are talking by the door,02,female,0,08
446,04-02-02-01-08.wav,48000,16000,3.6703333333333332,2.0591875,sad,3,02,strong,02,Dogs are sitting by the door,01,female,0,08
447,04-02-02-02-08.wav,48000,16000,3.703708333333333,3.0609375,sad,3,02,strong,02,Dogs are sitting by the door,02,female,0,08
448,05-01-01-01-08.wav,48000,16000,3.703708333333333,2.182125,angry,4,01,normal,01,Kids are talking by the door,01,female,0,08
449,05-01-01-02-08.wav,48000,16000,3.6036041666666665,2.3401875,angry,4,01,normal,01,Kids are talking by the door,02,female,0,08
450,05-01-02-01-08.wav,48000,16000,3.536875,1.723625,angry,4,01,normal,02,Dogs are sitting by the door,01,female,0,08
451,05-01-02-02-08.wav,48000,16000,3.5702291666666666,2.1615625,angry,4,01,normal,02,Dogs are sitting by the door,02,female,0,08
452,05-02-01-01-08.wav,48000,16000,3.970625,2.9626875,angry,4,02,strong,01,Kids are talking by the door,01,female,0,08
453,05-02-01-02-08.wav,48000,16000,3.7704375,2.854,angry,4,02,strong,01,Kids are talking by the door,02,female,0,08
454,05-02-02-01-08.wav,48000,16000,3.6036041666666665,2.019125,angry,4,02,strong,02,Dogs are sitting by the door,01,female,0,08
455,05-02-02-02-08.wav,48000,16000,3.6369583333333333,2.1011875,angry,4,02,strong,02,Dogs are sitting by the door,02,female,0,08
456,06-01-01-01-08.wav,48000,16000,3.970645833333333,3.193625,fearful,5,01,normal,01,Kids are talking by the door,01,female,0,08
457,06-01-01-02-08.wav,48000,16000,3.6703333333333332,3.080875,fearful,5,01,normal,01,Kids are talking by the door,02,female,0,08
458,06-01-02-01-08.wav,48000,16000,3.7704375,3.24375,fearful,5,01,normal,02,Dogs are sitting by the door,01,female,0,08
459,06-01-02-02-08.wav,48000,16000,3.6703333333333332,2.4596875,fearful,5,01,normal,02,Dogs are sitting by the door,02,female,0,08
460,06-02-01-01-08.wav,48000,16000,3.970625,3.14125,fearful,5,02,strong,01,Kids are talking by the door,01,female,0,08
461,06-02-01-02-08.wav,48000,16000,3.9038958333333333,2.8088125,fearful,5,02,strong,01,Kids are talking by the door,02,female,0,08
462,06-02-02-01-08.wav,48000,16000,3.8705208333333334,2.60675,fearful,5,02,strong,02,Dogs are sitting by the door,01,female,0,08
463,06-02-02-02-08.wav,48000,16000,3.9372708333333333,3.3348125,fearful,5,02,strong,02,Dogs are sitting by the door,02,female,0,08
464,07-01-01-01-08.wav,48000,16000,3.9038958333333333,2.176875,disgust,6,01,normal,01,Kids are talking by the door,01,female,0,08
465,07-01-01-02-08.wav,48000,16000,3.6703333333333332,2.1395625,disgust,6,01,normal,01,Kids are talking by the door,02,female,0,08
466,07-01-02-01-08.wav,48000,16000,3.9372708333333333,2.2510625,disgust,6,01,normal,02,Dogs are sitting by the door,01,female,0,08
467,07-01-02-02-08.wav,48000,16000,3.8371666666666666,1.882125,disgust,6,01,normal,02,Dogs are sitting by the door,02,female,0,08
468,07-02-01-01-08.wav,48000,16000,4.070729166666666,2.52725,disgust,6,02,strong,01,Kids are talking by the door,01,female,0,08
469,07-02-01-02-08.wav,48000,16000,3.7704375,2.486375,disgust,6,02,strong,01,Kids are talking by the door,02,female,0,08
470,07-02-02-01-08.wav,48000,16000,3.7370833333333335,1.99325,disgust,6,02,strong,02,Dogs are sitting by the door,01,female,0,08
471,07-02-02-02-08.wav,48000,16000,3.8705208333333334,1.92675,disgust,6,02,strong,02,Dogs are sitting by the door,02,female,0,08
472,08-01-01-01-08.wav,48000,16000,3.703708333333333,2.0489375,surprised,7,01,normal,01,Kids are talking by the door,01,female,0,08
473,08-01-01-02-08.wav,48000,16000,3.8037916666666667,2.01375,surprised,7,01,normal,01,Kids are talking by the door,02,female,0,08
474,08-01-02-01-08.wav,48000,16000,3.7704375,1.95875,surprised,7,01,normal,02,Dogs are sitting by the door,01,female,0,08
475,08-01-02-02-08.wav,48000,16000,3.536875,1.77125,surprised,7,01,normal,02,Dogs are sitting by the door,02,female,0,08
476,08-02-01-01-08.wav,48000,16000,3.8371666666666666,2.54775,surprised,7,02,strong,01,Kids are talking by the door,01,female,0,08
477,08-02-01-02-08.wav,48000,16000,3.7036875,2.3468125,surprised,7,02,strong,01,Kids are talking by the door,02,female,0,08
478,08-02-02-01-08.wav,48000,16000,3.8037916666666667,1.7940625,surprised,7,02,strong,02,Dogs are sitting by the door,01,female,0,08
479,08-02-02-02-08.wav,48000,16000,3.8705416666666665,2.1391875,surprised,7,02,strong,02,Dogs are sitting by the door,02,female,0,08
480,01-01-01-01-09.wav,48000,16000,3.2699375,2.4341875,neutral,0,01,normal,01,Kids are talking by the door,01,male,1,09
481,01-01-01-02-09.wav,48000,16000,3.2032083333333334,1.5695625,neutral,0,01,normal,01,Kids are talking by the door,02,male,1,09
482,01-01-02-01-09.wav,48000,16000,3.3366666666666664,1.49475,neutral,0,01,normal,02,Dogs are sitting by the door,01,male,1,09
483,01-01-02-02-09.wav,48000,16000,3.2365833333333334,1.424625,neutral,0,01,normal,02,Dogs are sitting by the door,02,male,1,09
484,02-01-01-01-09.wav,48000,16000,3.3366666666666664,1.55875,calm,1,01,normal,01,Kids are talking by the door,01,male,1,09
485,02-01-01-02-09.wav,48000,16000,3.3366666666666664,1.638375,calm,1,01,normal,01,Kids are talking by the door,02,male,1,09
486,02-01-02-01-09.wav,48000,16000,3.4701458333333335,2.2346875,calm,1,01,normal,02,Dogs are sitting by the door,01,male,1,09
487,02-01-02-02-09.wav,48000,16000,3.5702291666666666,1.88325,calm,1,01,normal,02,Dogs are sitting by the door,02,male,1,09
488,02-02-01-01-09.wav,48000,16000,3.3366666666666664,1.735875,calm,1,02,strong,01,Kids are talking by the door,01,male,1,09
489,02-02-01-02-09.wav,48000,16000,3.4367708333333336,2.0928125,calm,1,02,strong,01,Kids are talking by the door,02,male,1,09
490,02-02-02-01-09.wav,48000,16000,3.8037916666666667,2.3978125,calm,1,02,strong,02,Dogs are sitting by the door,01,male,1,09
491,02-02-02-02-09.wav,48000,16000,3.636979166666667,1.8688125,calm,1,02,strong,02,Dogs are sitting by the door,02,male,1,09
492,03-01-01-01-09.wav,48000,16000,3.3366666666666664,2.156875,happy,2,01,normal,01,Kids are talking by the door,01,male,1,09
493,03-01-01-02-09.wav,48000,16000,3.5368541666666666,1.7351875,happy,2,01,normal,01,Kids are talking by the door,02,male,1,09
494,03-01-02-01-09.wav,48000,16000,3.3032916666666665,1.5028125,happy,2,01,normal,02,Dogs are sitting by the door,01,male,1,09
495,03-01-02-02-09.wav,48000,16000,3.4701458333333335,1.658375,happy,2,01,normal,02,Dogs are sitting by the door,02,male,1,09
496,03-02-01-01-09.wav,48000,16000,3.7704375,3.0618125,happy,2,02,strong,01,Kids are talking by the door,01,male,1,09
497,03-02-01-02-09.wav,48000,16000,4.170833333333333,3.83925,happy,2,02,strong,01,Kids are talking by the door,02,male,1,09
498,03-02-02-01-09.wav,48000,16000,3.57025,2.37675,happy,2,02,strong,02,Dogs are sitting by the door,01,male,1,09
499,03-02-02-02-09.wav,48000,16000,3.5702291666666666,2.8765,happy,2,02,strong,02,Dogs are sitting by the door,02,male,1,09
500,04-01-01-01-09.wav,48000,16000,3.2699375,1.553,sad,3,01,normal,01,Kids are talking by the door,01,male,1,09
501,04-01-01-02-09.wav,48000,16000,3.43675,1.340125,sad,3,01,normal,01,Kids are talking by the door,02,male,1,09
502,04-01-02-01-09.wav,48000,16000,3.403395833333333,1.5541875,sad,3,01,normal,02,Dogs are sitting by the door,01,male,1,09
503,04-01-02-02-09.wav,48000,16000,3.4034166666666668,1.5284375,sad,3,01,normal,02,Dogs are sitting by the door,02,male,1,09
504,04-02-01-01-09.wav,48000,16000,3.9372708333333333,2.5586875,sad,3,02,strong,01,Kids are talking by the door,01,male,1,09
505,04-02-01-02-09.wav,48000,16000,3.9038958333333333,2.731375,sad,3,02,strong,01,Kids are talking by the door,02,male,1,09
506,04-02-02-01-09.wav,48000,16000,3.636979166666667,2.0559375,sad,3,02,strong,02,Dogs are sitting by the door,01,male,1,09
507,04-02-02-02-09.wav,48000,16000,3.8705416666666665,2.38525,sad,3,02,strong,02,Dogs are sitting by the door,02,male,1,09
508,05-01-01-01-09.wav,48000,16000,3.5702291666666666,1.900125,angry,4,01,normal,01,Kids are talking by the door,01,male,1,09
509,05-01-01-02-09.wav,48000,16000,3.57025,1.8023125,angry,4,01,normal,01,Kids are talking by the door,02,male,1,09
510,05-01-02-01-09.wav,48000,16000,3.7370625,1.968375,angry,4,01,normal,02,Dogs are sitting by the door,01,male,1,09
511,05-01-02-02-09.wav,48000,16000,3.536875,1.77175,angry,4,01,normal,02,Dogs are sitting by the door,02,male,1,09
512,05-02-01-01-09.wav,48000,16000,3.8038125,3.227125,angry,4,02,strong,01,Kids are talking by the door,01,male,1,09
513,05-02-01-02-09.wav,48000,16000,3.7704375,3.2873125,angry,4,02,strong,01,Kids are talking by the door,02,male,1,09
514,05-02-02-01-09.wav,48000,16000,4.371041666666667,3.865125,angry,4,02,strong,02,Dogs are sitting by the door,01,male,1,09
515,05-02-02-02-09.wav,48000,16000,3.970645833333333,3.497875,angry,4,02,strong,02,Dogs are sitting by the door,02,male,1,09
516,06-01-01-01-09.wav,48000,16000,3.1698333333333335,1.3296875,fearful,5,01,normal,01,Kids are talking by the door,01,male,1,09
517,06-01-01-02-09.wav,48000,16000,3.1698333333333335,1.3916875,fearful,5,01,normal,01,Kids are talking by the door,02,male,1,09
518,06-01-02-01-09.wav,48000,16000,3.1364791666666667,1.483375,fearful,5,01,normal,02,Dogs are sitting by the door,01,male,1,09
519,06-01-02-02-09.wav,48000,16000,3.136458333333333,1.290375,fearful,5,01,normal,02,Dogs are sitting by the door,02,male,1,09
520,06-02-01-01-09.wav,48000,16000,3.2365625,3.0415,fearful,5,02,strong,01,Kids are talking by the door,01,male,1,09
521,06-02-01-02-09.wav,48000,16000,3.2699375,1.5586875,fearful,5,02,strong,01,Kids are talking by the door,02,male,1,09
522,06-02-02-01-09.wav,48000,16000,3.2365625,1.977875,fearful,5,02,strong,02,Dogs are sitting by the door,01,male,1,09
523,06-02-02-02-09.wav,48000,16000,3.2365625,2.8773125,fearful,5,02,strong,02,Dogs are sitting by the door,02,male,1,09
524,07-01-01-01-09.wav,48000,16000,3.403395833333333,1.94025,disgust,6,01,normal,01,Kids are talking by the door,01,male,1,09
525,07-01-01-02-09.wav,48000,16000,3.5035,1.6829375,disgust,6,01,normal,01,Kids are talking by the door,02,male,1,09
526,07-01-02-01-09.wav,48000,16000,3.470125,1.73575,disgust,6,01,normal,02,Dogs are sitting by the door,01,male,1,09
527,07-01-02-02-09.wav,48000,16000,3.403395833333333,2.0274375,disgust,6,01,normal,02,Dogs are sitting by the door,02,male,1,09
528,07-02-01-01-09.wav,48000,16000,3.636979166666667,1.9755625,disgust,6,02,strong,01,Kids are talking by the door,01,male,1,09
529,07-02-01-02-09.wav,48000,16000,3.5368541666666666,2.1143125,disgust,6,02,strong,01,Kids are talking by the door,02,male,1,09
530,07-02-02-01-09.wav,48000,16000,3.5702291666666666,2.1083125,disgust,6,02,strong,02,Dogs are sitting by the door,01,male,1,09
531,07-02-02-02-09.wav,48000,16000,3.6035833333333334,2.131,disgust,6,02,strong,02,Dogs are sitting by the door,02,male,1,09
532,08-01-01-01-09.wav,48000,16000,3.069729166666667,1.347625,surprised,7,01,normal,01,Kids are talking by the door,01,male,1,09
533,08-01-01-02-09.wav,48000,16000,3.3366666666666664,1.609,surprised,7,01,normal,01,Kids are talking by the door,02,male,1,09
534,08-01-02-01-09.wav,48000,16000,3.4367708333333336,1.866,surprised,7,01,normal,02,Dogs are sitting by the door,01,male,1,09
535,08-01-02-02-09.wav,48000,16000,3.43675,1.6174375,surprised,7,01,normal,02,Dogs are sitting by the door,02,male,1,09
536,08-02-01-01-09.wav,48000,16000,3.3032916666666665,1.50175,surprised,7,02,strong,01,Kids are talking by the door,01,male,1,09
537,08-02-01-02-09.wav,48000,16000,3.2699375,1.877375,surprised,7,02,strong,01,Kids are talking by the door,02,male,1,09
538,08-02-02-01-09.wav,48000,16000,3.403395833333333,1.5334375,surprised,7,02,strong,02,Dogs are sitting by the door,01,male,1,09
539,08-02-02-02-09.wav,48000,16000,3.43675,1.6544375,surprised,7,02,strong,02,Dogs are sitting by the door,02,male,1,09
540,01-01-01-01-10.wav,48000,16000,3.536875,1.849375,neutral,0,01,normal,01,Kids are talking by the door,01,female,0,10
541,01-01-01-02-10.wav,48000,16000,3.8371666666666666,2.954875,neutral,0,01,normal,01,Kids are talking by the door,02,female,0,10
542,01-01-02-01-10.wav,48000,16000,3.7370625,2.7594375,neutral,0,01,normal,02,Dogs are sitting by the door,01,female,0,10
543,01-01-02-02-10.wav,48000,16000,3.6703333333333332,2.0733125,neutral,0,01,normal,02,Dogs are sitting by the door,02,female,0,10
544,02-01-01-01-10.wav,48000,16000,3.5702291666666666,3.2739375,calm,1,01,normal,01,Kids are talking by the door,01,female,0,10
545,02-01-01-02-10.wav,48000,16000,3.6035833333333334,2.213125,calm,1,01,normal,01,Kids are talking by the door,02,female,0,10
546,02-01-02-01-10.wav,48000,16000,3.6369583333333333,3.20675,calm,1,01,normal,02,Dogs are sitting by the door,01,female,0,10
547,02-01-02-02-10.wav,48000,16000,3.703708333333333,2.906875,calm,1,01,normal,02,Dogs are sitting by the door,02,female,0,10
548,02-02-01-01-10.wav,48000,16000,3.7370625,2.72425,calm,1,02,strong,01,Kids are talking by the door,01,female,0,10
549,02-02-01-02-10.wav,48000,16000,3.7370625,3.01025,calm,1,02,strong,01,Kids are talking by the door,02,female,0,10
550,02-02-02-01-10.wav,48000,16000,3.8037916666666667,2.31525,calm,1,02,strong,02,Dogs are sitting by the door,01,female,0,10
551,02-02-02-02-10.wav,48000,16000,3.8371666666666666,2.175625,calm,1,02,strong,02,Dogs are sitting by the door,02,female,0,10
552,03-01-01-01-10.wav,48000,16000,3.5035,2.1231875,happy,2,01,normal,01,Kids are talking by the door,01,female,0,10
553,03-01-01-02-10.wav,48000,16000,3.470125,2.29375,happy,2,01,normal,01,Kids are talking by the door,02,female,0,10
554,03-01-02-01-10.wav,48000,16000,3.3032916666666665,2.62225,happy,2,01,normal,02,Dogs are sitting by the door,01,female,0,10
555,03-01-02-02-10.wav,48000,16000,3.3366666666666664,2.6149375,happy,2,01,normal,02,Dogs are sitting by the door,02,female,0,10
556,03-02-01-01-10.wav,48000,16000,3.8371666666666666,3.54375,happy,2,02,strong,01,Kids are talking by the door,01,female,0,10
557,03-02-01-02-10.wav,48000,16000,3.5035,2.470875,happy,2,02,strong,01,Kids are talking by the door,02,female,0,10
558,03-02-02-01-10.wav,48000,16000,3.7370625,2.9478125,happy,2,02,strong,02,Dogs are sitting by the door,01,female,0,10
559,03-02-02-02-10.wav,48000,16000,3.970645833333333,2.433625,happy,2,02,strong,02,Dogs are sitting by the door,02,female,0,10
560,04-01-01-01-10.wav,48000,16000,3.3032916666666665,1.96,sad,3,01,normal,01,Kids are talking by the door,01,female,0,10
561,04-01-01-02-10.wav,48000,16000,3.470125,2.3681875,sad,3,01,normal,01,Kids are talking by the door,02,female,0,10
562,04-01-02-01-10.wav,48000,16000,3.536875,1.992125,sad,3,01,normal,02,Dogs are sitting by the door,01,female,0,10
563,04-01-02-02-10.wav,48000,16000,3.8037916666666667,2.091875,sad,3,01,normal,02,Dogs are sitting by the door,02,female,0,10
564,04-02-01-01-10.wav,48000,16000,3.5035,2.4296875,sad,3,02,strong,01,Kids are talking by the door,01,female,0,10
565,04-02-01-02-10.wav,48000,16000,3.5702291666666666,2.8953125,sad,3,02,strong,01,Kids are talking by the door,02,female,0,10
566,04-02-02-01-10.wav,48000,16000,3.6703333333333332,2.221375,sad,3,02,strong,02,Dogs are sitting by the door,01,female,0,10
567,04-02-02-02-10.wav,48000,16000,3.5702291666666666,2.1480625,sad,3,02,strong,02,Dogs are sitting by the door,02,female,0,10
568,05-01-01-01-10.wav,48000,16000,3.9038958333333333,3.69325,angry,4,01,normal,01,Kids are talking by the door,01,female,0,10
569,05-01-01-02-10.wav,48000,16000,4.004,3.2101875,angry,4,01,normal,01,Kids are talking by the door,02,female,0,10
570,05-01-02-01-10.wav,48000,16000,4.104104166666667,2.8249375,angry,4,01,normal,02,Dogs are sitting by the door,01,female,0,10
571,05-01-02-02-10.wav,48000,16000,4.137479166666667,3.036875,angry,4,01,normal,02,Dogs are sitting by the door,02,female,0,10
572,05-02-01-01-10.wav,48000,16000,4.170833333333333,3.1219375,angry,4,02,strong,01,Kids are talking by the door,01,female,0,10
573,05-02-01-02-10.wav,48000,16000,4.471125,3.485625,angry,4,02,strong,01,Kids are talking by the door,02,female,0,10
574,05-02-02-01-10.wav,48000,16000,3.8705208333333334,3.2099375,angry,4,02,strong,02,Dogs are sitting by the door,01,female,0,10
575,05-02-02-02-10.wav,48000,16000,4.137458333333333,3.2249375,angry,4,02,strong,02,Dogs are sitting by the door,02,female,0,10
576,06-01-01-01-10.wav,48000,16000,3.4034166666666668,2.937,fearful,5,01,normal,01,Kids are talking by the door,01,female,0,10
577,06-01-01-02-10.wav,48000,16000,3.3033125,1.703,fearful,5,01,normal,01,Kids are talking by the door,02,female,0,10
578,06-01-02-01-10.wav,48000,16000,3.5368541666666666,2.1805,fearful,5,01,normal,02,Dogs are sitting by the door,01,female,0,10
579,06-01-02-02-10.wav,48000,16000,3.4367708333333336,1.975,fearful,5,01,normal,02,Dogs are sitting by the door,02,female,0,10
580,06-02-01-01-10.wav,48000,16000,3.5035,2.557125,fearful,5,02,strong,01,Kids are talking by the door,01,female,0,10
581,06-02-01-02-10.wav,48000,16000,3.703708333333333,2.5298125,fearful,5,02,strong,01,Kids are talking by the door,02,female,0,10
582,06-02-02-01-10.wav,48000,16000,3.8037916666666667,3.049125,fearful,5,02,strong,02,Dogs are sitting by the door,01,female,0,10
583,06-02-02-02-10.wav,48000,16000,3.8705416666666665,2.3619375,fearful,5,02,strong,02,Dogs are sitting by the door,02,female,0,10
584,07-01-01-01-10.wav,48000,16000,3.703708333333333,2.003125,disgust,6,01,normal,01,Kids are talking by the door,01,female,0,10
585,07-01-01-02-10.wav,48000,16000,4.2041875,2.7013125,disgust,6,01,normal,01,Kids are talking by the door,02,female,0,10
586,07-01-02-01-10.wav,48000,16000,3.8705416666666665,2.756,disgust,6,01,normal,02,Dogs are sitting by the door,01,female,0,10
587,07-01-02-02-10.wav,48000,16000,4.2709375,3.293375,disgust,6,01,normal,02,Dogs are sitting by the door,02,female,0,10
588,07-02-01-01-10.wav,48000,16000,4.671333333333333,3.8936875,disgust,6,02,strong,01,Kids are talking by the door,01,female,0,10
589,07-02-01-02-10.wav,48000,16000,4.537875,3.7598125,disgust,6,02,strong,01,Kids are talking by the door,02,female,0,10
590,07-02-02-01-10.wav,48000,16000,4.2041875,3.5034375,disgust,6,02,strong,02,Dogs are sitting by the door,01,female,0,10
591,07-02-02-02-10.wav,48000,16000,4.871541666666666,3.89625,disgust,6,02,strong,02,Dogs are sitting by the door,02,female,0,10
592,08-01-01-01-10.wav,48000,16000,3.2365625,1.8581875,surprised,7,01,normal,01,Kids are talking by the door,01,female,0,10
593,08-01-01-02-10.wav,48000,16000,3.4034166666666668,2.1325625,surprised,7,01,normal,01,Kids are talking by the door,02,female,0,10
594,08-01-02-01-10.wav,48000,16000,3.5035,1.8430625,surprised,7,01,normal,02,Dogs are sitting by the door,01,female,0,10
595,08-01-02-02-10.wav,48000,16000,3.470125,1.896875,surprised,7,01,normal,02,Dogs are sitting by the door,02,female,0,10
596,08-02-01-01-10.wav,48000,16000,3.5035,2.2784375,surprised,7,02,strong,01,Kids are talking by the door,01,female,0,10
597,08-02-01-02-10.wav,48000,16000,3.403395833333333,2.0061875,surprised,7,02,strong,01,Kids are talking by the door,02,female,0,10
598,08-02-02-01-10.wav,48000,16000,3.6369583333333333,2.144875,surprised,7,02,strong,02,Dogs are sitting by the door,01,female,0,10
599,08-02-02-02-10.wav,48000,16000,3.5035,2.5706875,surprised,7,02,strong,02,Dogs are sitting by the door,02,female,0,10
600,01-01-01-01-11.wav,48000,16000,3.1364791666666667,1.4684375,neutral,0,01,normal,01,Kids are talking by the door,01,male,1,11
601,01-01-01-02-11.wav,48000,16000,3.1031041666666668,1.4970625,neutral,0,01,normal,01,Kids are talking by the door,02,male,1,11
602,01-01-02-01-11.wav,48000,16000,3.2032083333333334,1.45475,neutral,0,01,normal,02,Dogs are sitting by the door,01,male,1,11
603,01-01-02-02-11.wav,48000,16000,3.1698333333333335,2.002625,neutral,0,01,normal,02,Dogs are sitting by the door,02,male,1,11
604,02-01-01-01-11.wav,48000,16000,3.2699166666666666,1.5730625,calm,1,01,normal,01,Kids are talking by the door,01,male,1,11
605,02-01-01-02-11.wav,48000,16000,3.3366666666666664,1.7674375,calm,1,01,normal,01,Kids are talking by the door,02,male,1,11
606,02-01-02-01-11.wav,48000,16000,3.3366666666666664,1.698125,calm,1,01,normal,02,Dogs are sitting by the door,01,male,1,11
607,02-01-02-02-11.wav,48000,16000,3.6703333333333332,2.0283125,calm,1,01,normal,02,Dogs are sitting by the door,02,male,1,11
608,02-02-01-01-11.wav,48000,16000,3.8371666666666666,2.2209375,calm,1,02,strong,01,Kids are talking by the door,01,male,1,11
609,02-02-01-02-11.wav,48000,16000,3.7370833333333335,1.9250625,calm,1,02,strong,01,Kids are talking by the door,02,male,1,11
610,02-02-02-01-11.wav,48000,16000,3.7704375,1.960875,calm,1,02,strong,02,Dogs are sitting by the door,01,male,1,11
611,02-02-02-02-11.wav,48000,16000,3.8371666666666666,2.16475,calm,1,02,strong,02,Dogs are sitting by the door,02,male,1,11
612,03-01-01-01-11.wav,48000,16000,3.1031041666666668,1.49825,happy,2,01,normal,01,Kids are talking by the door,01,male,1,11
613,03-01-01-02-11.wav,48000,16000,3.2032083333333334,1.52325,happy,2,01,normal,01,Kids are talking by the door,02,male,1,11
614,03-01-02-01-11.wav,48000,16000,3.1698333333333335,1.626,happy,2,01,normal,02,Dogs are sitting by the door,01,male,1,11
615,03-01-02-02-11.wav,48000,16000,3.2365833333333334,1.474125,happy,2,01,normal,02,Dogs are sitting by the door,02,male,1,11
616,03-02-01-01-11.wav,48000,16000,4.037375,3.0933125,happy,2,02,strong,01,Kids are talking by the door,01,male,1,11
617,03-02-01-02-11.wav,48000,16000,3.636979166666667,2.873375,happy,2,02,strong,01,Kids are talking by the door,02,male,1,11
618,03-02-02-01-11.wav,48000,16000,3.8705208333333334,2.6440625,happy,2,02,strong,02,Dogs are sitting by the door,01,male,1,11
619,03-02-02-02-11.wav,48000,16000,3.5035,1.8315625,happy,2,02,strong,02,Dogs are sitting by the door,02,male,1,11
620,04-01-01-01-11.wav,48000,16000,3.3366666666666664,1.53575,sad,3,01,normal,01,Kids are talking by the door,01,male,1,11
621,04-01-01-02-11.wav,48000,16000,3.6036041666666665,2.1280625,sad,3,01,normal,01,Kids are talking by the door,02,male,1,11
622,04-01-02-01-11.wav,48000,16000,3.5368541666666666,1.8559375,sad,3,01,normal,02,Dogs are sitting by the door,01,male,1,11
623,04-01-02-02-11.wav,48000,16000,3.4367708333333336,1.6315,sad,3,01,normal,02,Dogs are sitting by the door,02,male,1,11
624,04-02-01-01-11.wav,48000,16000,3.3366666666666664,1.6255,sad,3,02,strong,01,Kids are talking by the door,01,male,1,11
625,04-02-01-02-11.wav,48000,16000,3.6036041666666665,2.790875,sad,3,02,strong,01,Kids are talking by the door,02,male,1,11
626,04-02-02-01-11.wav,48000,16000,3.370041666666667,2.036,sad,3,02,strong,02,Dogs are sitting by the door,01,male,1,11
627,04-02-02-02-11.wav,48000,16000,3.3366666666666664,2.394375,sad,3,02,strong,02,Dogs are sitting by the door,02,male,1,11
628,05-01-01-01-11.wav,48000,16000,3.6036041666666665,1.931125,angry,4,01,normal,01,Kids are talking by the door,01,male,1,11
629,05-01-01-02-11.wav,48000,16000,3.4701458333333335,1.9024375,angry,4,01,normal,01,Kids are talking by the door,02,male,1,11
630,05-01-02-01-11.wav,48000,16000,3.470125,1.864,angry,4,01,normal,02,Dogs are sitting by the door,01,male,1,11
631,05-01-02-02-11.wav,48000,16000,3.7370833333333335,2.249125,angry,4,01,normal,02,Dogs are sitting by the door,02,male,1,11
632,05-02-01-01-11.wav,48000,16000,3.536875,2.078125,angry,4,02,strong,01,Kids are talking by the door,01,male,1,11
633,05-02-01-02-11.wav,48000,16000,3.970625,3.0313125,angry,4,02,strong,01,Kids are talking by the door,02,male,1,11
634,05-02-02-01-11.wav,48000,16000,3.9372708333333333,3.7760625,angry,4,02,strong,02,Dogs are sitting by the door,01,male,1,11
635,05-02-02-02-11.wav,48000,16000,3.7704375,2.83825,angry,4,02,strong,02,Dogs are sitting by the door,02,male,1,11
636,06-01-01-01-11.wav,48000,16000,3.470125,1.7285625,fearful,5,01,normal,01,Kids are talking by the door,01,male,1,11
637,06-01-01-02-11.wav,48000,16000,3.5035,1.79775,fearful,5,01,normal,01,Kids are talking by the door,02,male,1,11
638,06-01-02-01-11.wav,48000,16000,3.1698333333333335,1.732625,fearful,5,01,normal,02,Dogs are sitting by the door,01,male,1,11
639,06-01-02-02-11.wav,48000,16000,3.2032083333333334,1.6583125,fearful,5,01,normal,02,Dogs are sitting by the door,02,male,1,11
640,06-02-01-01-11.wav,48000,16000,3.2032083333333334,2.1233125,fearful,5,02,strong,01,Kids are talking by the door,01,male,1,11
641,06-02-01-02-11.wav,48000,16000,3.2032083333333334,2.4948125,fearful,5,02,strong,01,Kids are talking by the door,02,male,1,11
642,06-02-02-01-11.wav,48000,16000,3.06975,2.365625,fearful,5,02,strong,02,Dogs are sitting by the door,01,male,1,11
643,06-02-02-02-11.wav,48000,16000,3.136458333333333,2.4710625,fearful,5,02,strong,02,Dogs are sitting by the door,02,male,1,11
644,07-01-01-01-11.wav,48000,16000,3.6703333333333332,2.0644375,disgust,6,01,normal,01,Kids are talking by the door,01,male,1,11
645,07-01-01-02-11.wav,48000,16000,3.6036041666666665,1.9131875,disgust,6,01,normal,01,Kids are talking by the door,02,male,1,11
646,07-01-02-01-11.wav,48000,16000,3.470125,1.874,disgust,6,01,normal,02,Dogs are sitting by the door,01,male,1,11
647,07-01-02-02-11.wav,48000,16000,3.6703333333333332,2.1775,disgust,6,01,normal,02,Dogs are sitting by the door,02,male,1,11
648,07-02-01-01-11.wav,48000,16000,3.8038125,2.3731875,disgust,6,02,strong,01,Kids are talking by the door,01,male,1,11
649,07-02-01-02-11.wav,48000,16000,3.8038125,2.9064375,disgust,6,02,strong,01,Kids are talking by the door,02,male,1,11
650,07-02-02-01-11.wav,48000,16000,3.7370625,2.255375,disgust,6,02,strong,02,Dogs are sitting by the door,01,male,1,11
651,07-02-02-02-11.wav,48000,16000,3.7370625,2.261875,disgust,6,02,strong,02,Dogs are sitting by the door,02,male,1,11
652,08-01-01-01-11.wav,48000,16000,3.069729166666667,1.2895625,surprised,7,01,normal,01,Kids are talking by the door,01,male,1,11
653,08-01-01-02-11.wav,48000,16000,3.136458333333333,1.4734375,surprised,7,01,normal,01,Kids are talking by the door,02,male,1,11
654,08-01-02-01-11.wav,48000,16000,3.1698333333333335,1.5755,surprised,7,01,normal,02,Dogs are sitting by the door,01,male,1,11
655,08-01-02-02-11.wav,48000,16000,2.969625,1.9950625,surprised,7,01,normal,02,Dogs are sitting by the door,02,male,1,11
656,08-02-01-01-11.wav,48000,16000,3.069729166666667,1.6275625,surprised,7,02,strong,01,Kids are talking by the door,01,male,1,11
657,08-02-01-02-11.wav,48000,16000,3.1031041666666668,1.8215,surprised,7,02,strong,01,Kids are talking by the door,02,male,1,11
658,08-02-02-01-11.wav,48000,16000,3.069729166666667,1.723,surprised,7,02,strong,02,Dogs are sitting by the door,01,male,1,11
659,08-02-02-02-11.wav,48000,16000,3.069729166666667,1.73225,surprised,7,02,strong,02,Dogs are sitting by the door,02,male,1,11
660,01-01-01-01-12.wav,48000,16000,3.6369583333333333,1.907125,neutral,0,01,normal,01,Kids are talking by the door,01,female,0,12
661,01-01-01-02-12.wav,48000,16000,3.536875,1.9719375,neutral,0,01,normal,01,Kids are talking by the door,02,female,0,12
662,01-01-02-01-12.wav,48000,16000,3.6036041666666665,1.903,neutral,0,01,normal,02,Dogs are sitting by the door,01,female,0,12
663,01-01-02-02-12.wav,48000,16000,3.636979166666667,1.8691875,neutral,0,01,normal,02,Dogs are sitting by the door,02,female,0,12
664,02-01-01-01-12.wav,48000,16000,3.8705208333333334,2.09425,calm,1,01,normal,01,Kids are talking by the door,01,female,0,12
665,02-01-01-02-12.wav,48000,16000,3.7704166666666667,2.0635,calm,1,01,normal,01,Kids are talking by the door,02,female,0,12
666,02-01-02-01-12.wav,48000,16000,3.7704375,2.0469375,calm,1,01,normal,02,Dogs are sitting by the door,01,female,0,12
667,02-01-02-02-12.wav,48000,16000,3.6703333333333332,1.947,calm,1,01,normal,02,Dogs are sitting by the door,02,female,0,12
668,02-02-01-01-12.wav,48000,16000,3.970625,2.2711875,calm,1,02,strong,01,Kids are talking by the door,01,female,0,12
669,02-02-01-02-12.wav,48000,16000,3.7704375,2.086,calm,1,02,strong,01,Kids are talking by the door,02,female,0,12
670,02-02-02-01-12.wav,48000,16000,3.7370833333333335,1.938375,calm,1,02,strong,02,Dogs are sitting by the door,01,female,0,12
671,02-02-02-02-12.wav,48000,16000,3.8038125,2.014625,calm,1,02,strong,02,Dogs are sitting by the door,02,female,0,12
672,03-01-01-01-12.wav,48000,16000,3.703708333333333,2.2430625,happy,2,01,normal,01,Kids are talking by the door,01,female,0,12
673,03-01-01-02-12.wav,48000,16000,3.7370625,1.979125,happy,2,01,normal,01,Kids are talking by the door,02,female,0,12
674,03-01-02-01-12.wav,48000,16000,3.5035,2.173125,happy,2,01,normal,02,Dogs are sitting by the door,01,female,0,12
675,03-01-02-02-12.wav,48000,16000,3.7370833333333335,2.010875,happy,2,01,normal,02,Dogs are sitting by the door,02,female,0,12
676,03-02-01-01-12.wav,48000,16000,4.204208333333334,3.0884375,happy,2,02,strong,01,Kids are talking by the door,01,female,0,12
677,03-02-01-02-12.wav,48000,16000,4.137458333333333,2.9470625,happy,2,02,strong,01,Kids are talking by the door,02,female,0,12
678,03-02-02-01-12.wav,48000,16000,3.9039166666666665,2.3503125,happy,2,02,strong,02,Dogs are sitting by the door,01,female,0,12
679,03-02-02-02-12.wav,48000,16000,3.970625,2.4725625,happy,2,02,strong,02,Dogs are sitting by the door,02,female,0,12
680,04-01-01-01-12.wav,48000,16000,3.6703333333333332,1.8963125,sad,3,01,normal,01,Kids are talking by the door,01,female,0,12
681,04-01-01-02-12.wav,48000,16000,3.6035833333333334,2.284,sad,3,01,normal,01,Kids are talking by the door,02,female,0,12
682,04-01-02-01-12.wav,48000,16000,3.6703333333333332,1.8923125,sad,3,01,normal,02,Dogs are sitting by the door,01,female,0,12
683,04-01-02-02-12.wav,48000,16000,3.5702291666666666,1.7825,sad,3,01,normal,02,Dogs are sitting by the door,02,female,0,12
684,04-02-01-01-12.wav,48000,16000,3.8705208333333334,2.9071875,sad,3,02,strong,01,Kids are talking by the door,01,female,0,12
685,04-02-01-02-12.wav,48000,16000,3.7704375,2.7669375,sad,3,02,strong,01,Kids are talking by the door,02,female,0,12
686,04-02-02-01-12.wav,48000,16000,3.8037916666666667,2.6755,sad,3,02,strong,02,Dogs are sitting by the door,01,female,0,12
687,04-02-02-02-12.wav,48000,16000,3.8705416666666665,2.693875,sad,3,02,strong,02,Dogs are sitting by the door,02,female,0,12
688,05-01-01-01-12.wav,48000,16000,4.2709375,2.453625,angry,4,01,normal,01,Kids are talking by the door,01,female,0,12
689,05-01-01-02-12.wav,48000,16000,3.970625,2.38225,angry,4,01,normal,01,Kids are talking by the door,02,female,0,12
690,05-01-02-01-12.wav,48000,16000,3.7370833333333335,2.002375,angry,4,01,normal,02,Dogs are sitting by the door,01,female,0,12
691,05-01-02-02-12.wav,48000,16000,4.137458333333333,2.097375,angry,4,01,normal,02,Dogs are sitting by the door,02,female,0,12
692,05-02-01-01-12.wav,48000,16000,3.6369583333333333,2.70175,angry,4,02,strong,01,Kids are talking by the door,01,female,0,12
693,05-02-01-02-12.wav,48000,16000,3.6703333333333332,3.1835,angry,4,02,strong,01,Kids are talking by the door,02,female,0,12
694,05-02-02-01-12.wav,48000,16000,3.8038125,2.6505,angry,4,02,strong,02,Dogs are sitting by the door,01,female,0,12
695,05-02-02-02-12.wav,48000,16000,3.8371666666666666,3.231375,angry,4,02,strong,02,Dogs are sitting by the door,02,female,0,12
696,06-01-01-01-12.wav,48000,16000,3.4034166666666668,2.7010625,fearful,5,01,normal,01,Kids are talking by the door,01,female,0,12
697,06-01-01-02-12.wav,48000,16000,3.5035,2.632125,fearful,5,01,normal,01,Kids are talking by the door,02,female,0,12
698,06-01-02-01-12.wav,48000,16000,3.3700208333333332,2.07825,fearful,5,01,normal,02,Dogs are sitting by the door,01,female,0,12
699,06-01-02-02-12.wav,48000,16000,3.2032083333333334,2.217625,fearful,5,01,normal,02,Dogs are sitting by the door,02,female,0,12
700,06-02-01-01-12.wav,48000,16000,3.7370833333333335,2.989125,fearful,5,02,strong,01,Kids are talking by the door,01,female,0,12
701,06-02-01-02-12.wav,48000,16000,3.703708333333333,3.0015625,fearful,5,02,strong,01,Kids are talking by the door,02,female,0,12
702,06-02-02-01-12.wav,48000,16000,3.4701458333333335,2.2595,fearful,5,02,strong,02,Dogs are sitting by the door,01,female,0,12
703,06-02-02-02-12.wav,48000,16000,3.6703333333333332,2.9563125,fearful,5,02,strong,02,Dogs are sitting by the door,02,female,0,12
704,07-01-01-01-12.wav,48000,16000,3.7370625,1.98025,disgust,6,01,normal,01,Kids are talking by the door,01,female,0,12
705,07-01-01-02-12.wav,48000,16000,3.703708333333333,2.63825,disgust,6,01,normal,01,Kids are talking by the door,02,female,0,12
706,07-01-02-01-12.wav,48000,16000,3.6036041666666665,1.979,disgust,6,01,normal,02,Dogs are sitting by the door,01,female,0,12
707,07-01-02-02-12.wav,48000,16000,3.703708333333333,1.97975,disgust,6,01,normal,02,Dogs are sitting by the door,02,female,0,12
708,07-02-01-01-12.wav,48000,16000,3.970645833333333,2.8301875,disgust,6,02,strong,01,Kids are talking by the door,01,female,0,12
709,07-02-01-02-12.wav,48000,16000,4.5378541666666665,3.25175,disgust,6,02,strong,01,Kids are talking by the door,02,female,0,12
710,07-02-02-01-12.wav,48000,16000,4.204208333333334,3.2589375,disgust,6,02,strong,02,Dogs are sitting by the door,01,female,0,12
711,07-02-02-02-12.wav,48000,16000,3.970645833333333,2.4994375,disgust,6,02,strong,02,Dogs are sitting by the door,02,female,0,12
712,08-01-01-01-12.wav,48000,16000,3.536875,1.9660625,surprised,7,01,normal,01,Kids are talking by the door,01,female,0,12
713,08-01-01-02-12.wav,48000,16000,3.6369583333333333,2.0001875,surprised,7,01,normal,01,Kids are talking by the door,02,female,0,12
714,08-01-02-01-12.wav,48000,16000,3.5035,1.7324375,surprised,7,01,normal,02,Dogs are sitting by the door,01,female,0,12
715,08-01-02-02-12.wav,48000,16000,3.6036041666666665,1.745,surprised,7,01,normal,02,Dogs are sitting by the door,02,female,0,12
716,08-02-01-01-12.wav,48000,16000,3.7036875,2.1686875,surprised,7,02,strong,01,Kids are talking by the door,01,female,0,12
717,08-02-01-02-12.wav,48000,16000,3.7370625,2.4288125,surprised,7,02,strong,01,Kids are talking by the door,02,female,0,12
718,08-02-02-01-12.wav,48000,16000,3.7370625,2.2235,surprised,7,02,strong,02,Dogs are sitting by the door,01,female,0,12
719,08-02-02-02-12.wav,48000,16000,3.6703333333333332,1.889375,surprised,7,02,strong,02,Dogs are sitting by the door,02,female,0,12
720,01-01-01-01-13.wav,48000,16000,3.1698333333333335,1.3335,neutral,0,01,normal,01,Kids are talking by the door,01,male,1,13
721,01-01-01-02-13.wav,48000,16000,3.2031875,1.3609375,neutral,0,01,normal,01,Kids are talking by the door,02,male,1,13
722,01-01-02-01-13.wav,48000,16000,3.069729166666667,1.267125,neutral,0,01,normal,02,Dogs are sitting by the door,01,male,1,13
723,01-01-02-02-13.wav,48000,16000,3.136458333333333,1.322625,neutral,0,01,normal,02,Dogs are sitting by the door,02,male,1,13
724,02-01-01-01-13.wav,48000,16000,3.3032916666666665,1.497625,calm,1,01,normal,01,Kids are talking by the door,01,male,1,13
725,02-01-01-02-13.wav,48000,16000,3.1698333333333335,1.436,calm,1,01,normal,01,Kids are talking by the door,02,male,1,13
726,02-01-02-01-13.wav,48000,16000,3.136458333333333,1.3905625,calm,1,01,normal,02,Dogs are sitting by the door,01,male,1,13
727,02-01-02-02-13.wav,48000,16000,2.9362708333333334,1.344,calm,1,01,normal,02,Dogs are sitting by the door,02,male,1,13
728,02-02-01-01-13.wav,48000,16000,3.1364791666666667,1.3735625,calm,1,02,strong,01,Kids are talking by the door,01,male,1,13
729,02-02-01-02-13.wav,48000,16000,3.2032083333333334,1.407625,calm,1,02,strong,01,Kids are talking by the door,02,male,1,13
730,02-02-02-01-13.wav,48000,16000,3.003,1.3138125,calm,1,02,strong,02,Dogs are sitting by the door,01,male,1,13
731,02-02-02-02-13.wav,48000,16000,3.0363541666666665,1.320875,calm,1,02,strong,02,Dogs are sitting by the door,02,male,1,13
732,03-01-01-01-13.wav,48000,16000,3.2365625,1.4258125,happy,2,01,normal,01,Kids are talking by the door,01,male,1,13
733,03-01-01-02-13.wav,48000,16000,3.2032083333333334,1.489375,happy,2,01,normal,01,Kids are talking by the door,02,male,1,13
734,03-01-02-01-13.wav,48000,16000,3.1364791666666667,1.3415625,happy,2,01,normal,02,Dogs are sitting by the door,01,male,1,13
735,03-01-02-02-13.wav,48000,16000,3.2032083333333334,1.582875,happy,2,01,normal,02,Dogs are sitting by the door,02,male,1,13
736,03-02-01-01-13.wav,48000,16000,3.4367708333333336,1.8233125,happy,2,02,strong,01,Kids are talking by the door,01,male,1,13
737,03-02-01-02-13.wav,48000,16000,3.6036041666666665,2.3030625,happy,2,02,strong,01,Kids are talking by the door,02,male,1,13
738,03-02-02-01-13.wav,48000,16000,3.3700208333333332,1.963625,happy,2,02,strong,02,Dogs are sitting by the door,01,male,1,13
739,03-02-02-02-13.wav,48000,16000,3.3366666666666664,1.5949375,happy,2,02,strong,02,Dogs are sitting by the door,02,male,1,13
740,04-01-01-01-13.wav,48000,16000,3.5702291666666666,1.758875,sad,3,01,normal,01,Kids are talking by the door,01,male,1,13
741,04-01-01-02-13.wav,48000,16000,3.5368541666666666,1.689125,sad,3,01,normal,01,Kids are talking by the door,02,male,1,13
742,04-01-02-01-13.wav,48000,16000,3.4367708333333336,1.606875,sad,3,01,normal,02,Dogs are sitting by the door,01,male,1,13
743,04-01-02-02-13.wav,48000,16000,3.370041666666667,1.5301875,sad,3,01,normal,02,Dogs are sitting by the door,02,male,1,13
744,04-02-01-01-13.wav,48000,16000,3.3366666666666664,1.5748125,sad,3,02,strong,01,Kids are talking by the door,01,male,1,13
745,04-02-01-02-13.wav,48000,16000,3.3032916666666665,1.54425,sad,3,02,strong,01,Kids are talking by the door,02,male,1,13
746,04-02-02-01-13.wav,48000,16000,3.4367708333333336,1.6686875,sad,3,02,strong,02,Dogs are sitting by the door,01,male,1,13
747,04-02-02-02-13.wav,48000,16000,3.2031875,1.4203125,sad,3,02,strong,02,Dogs are sitting by the door,02,male,1,13
748,05-01-01-01-13.wav,48000,16000,3.4367708333333336,1.6425,angry,4,01,normal,01,Kids are talking by the door,01,male,1,13
749,05-01-01-02-13.wav,48000,16000,3.5368541666666666,1.7143125,angry,4,01,normal,01,Kids are talking by the door,02,male,1,13
750,05-01-02-01-13.wav,48000,16000,3.6036041666666665,1.8605625,angry,4,01,normal,02,Dogs are sitting by the door,01,male,1,13
751,05-01-02-02-13.wav,48000,16000,3.3700208333333332,1.5985625,angry,4,01,normal,02,Dogs are sitting by the door,02,male,1,13
752,05-02-01-01-13.wav,48000,16000,3.6703333333333332,2.002125,angry,4,02,strong,01,Kids are talking by the door,01,male,1,13
753,05-02-01-02-13.wav,48000,16000,4.2709375,2.6691875,angry,4,02,strong,01,Kids are talking by the door,02,male,1,13
754,05-02-02-01-13.wav,48000,16000,3.5702291666666666,2.172375,angry,4,02,strong,02,Dogs are sitting by the door,01,male,1,13
755,05-02-02-02-13.wav,48000,16000,4.170833333333333,2.6825625,angry,4,02,strong,02,Dogs are sitting by the door,02,male,1,13
756,06-01-01-01-13.wav,48000,16000,3.1364791666666667,1.3225625,fearful,5,01,normal,01,Kids are talking by the door,01,male,1,13
757,06-01-01-02-13.wav,48000,16000,3.1698333333333335,1.3479375,fearful,5,01,normal,01,Kids are talking by the door,02,male,1,13
758,06-01-02-01-13.wav,48000,16000,3.2032083333333334,1.4188125,fearful,5,01,normal,02,Dogs are sitting by the door,01,male,1,13
759,06-01-02-02-13.wav,48000,16000,3.2365625,1.694,fearful,5,01,normal,02,Dogs are sitting by the door,02,male,1,13
760,06-02-01-01-13.wav,48000,16000,3.370041666666667,1.5253125,fearful,5,02,strong,01,Kids are talking by the door,01,male,1,13
761,06-02-01-02-13.wav,48000,16000,3.2699375,1.7821875,fearful,5,02,strong,01,Kids are talking by the door,02,male,1,13
762,06-02-02-01-13.wav,48000,16000,3.5035,1.8326875,fearful,5,02,strong,02,Dogs are sitting by the door,01,male,1,13
763,06-02-02-02-13.wav,48000,16000,3.2032083333333334,1.473375,fearful,5,02,strong,02,Dogs are sitting by the door,02,male,1,13
764,07-01-01-01-13.wav,48000,16000,3.136458333333333,1.3401875,disgust,6,01,normal,01,Kids are talking by the door,01,male,1,13
765,07-01-01-02-13.wav,48000,16000,3.1698333333333335,1.3615625,disgust,6,01,normal,01,Kids are talking by the door,02,male,1,13
766,07-01-02-01-13.wav,48000,16000,3.2699375,1.443125,disgust,6,01,normal,02,Dogs are sitting by the door,01,male,1,13
767,07-01-02-02-13.wav,48000,16000,3.2365625,1.4291875,disgust,6,01,normal,02,Dogs are sitting by the door,02,male,1,13
768,07-02-01-01-13.wav,48000,16000,3.403395833333333,1.7818125,disgust,6,02,strong,01,Kids are talking by the door,01,male,1,13
769,07-02-01-02-13.wav,48000,16000,3.703708333333333,2.0950625,disgust,6,02,strong,01,Kids are talking by the door,02,male,1,13
770,07-02-02-01-13.wav,48000,16000,3.403395833333333,1.5691875,disgust,6,02,strong,02,Dogs are sitting by the door,01,male,1,13
771,07-02-02-02-13.wav,48000,16000,3.4367708333333336,1.621625,disgust,6,02,strong,02,Dogs are sitting by the door,02,male,1,13
772,08-01-01-01-13.wav,48000,16000,3.403395833333333,1.634625,surprised,7,01,normal,01,Kids are talking by the door,01,male,1,13
773,08-01-01-02-13.wav,48000,16000,3.136458333333333,1.3636875,surprised,7,01,normal,01,Kids are talking by the door,02,male,1,13
774,08-01-02-01-13.wav,48000,16000,3.1364791666666667,1.323375,surprised,7,01,normal,02,Dogs are sitting by the door,01,male,1,13
775,08-01-02-02-13.wav,48000,16000,3.036375,1.223875,surprised,7,01,normal,02,Dogs are sitting by the door,02,male,1,13
776,08-02-01-01-13.wav,48000,16000,3.3366666666666664,1.55,surprised,7,02,strong,01,Kids are talking by the door,01,male,1,13
777,08-02-01-02-13.wav,48000,16000,3.3032916666666665,1.534625,surprised,7,02,strong,01,Kids are talking by the door,02,male,1,13
778,08-02-02-01-13.wav,48000,16000,3.3366666666666664,1.56975,surprised,7,02,strong,02,Dogs are sitting by the door,01,male,1,13
779,08-02-02-02-13.wav,48000,16000,3.3032916666666665,1.529625,surprised,7,02,strong,02,Dogs are sitting by the door,02,male,1,13
780,01-01-01-01-14.wav,48000,16000,3.470125,1.5625625,neutral,0,01,normal,01,Kids are talking by the door,01,female,0,14
781,01-01-01-02-14.wav,48000,16000,3.3366666666666664,1.6155,neutral,0,01,normal,01,Kids are talking by the door,02,female,0,14
782,01-01-02-01-14.wav,48000,16000,3.4701458333333335,1.6380625,neutral,0,01,normal,02,Dogs are sitting by the door,01,female,0,14
783,01-01-02-02-14.wav,48000,16000,3.5702291666666666,1.7483125,neutral,0,01,normal,02,Dogs are sitting by the door,02,female,0,14
784,02-01-01-01-14.wav,48000,16000,3.7370625,1.8974375,calm,1,01,normal,01,Kids are talking by the door,01,female,0,14
785,02-01-01-02-14.wav,48000,16000,3.5702291666666666,1.679,calm,1,01,normal,01,Kids are talking by the door,02,female,0,14
786,02-01-02-01-14.wav,48000,16000,3.4034166666666668,1.6248125,calm,1,01,normal,02,Dogs are sitting by the door,01,female,0,14
787,02-01-02-02-14.wav,48000,16000,3.5035,1.6268125,calm,1,01,normal,02,Dogs are sitting by the door,02,female,0,14
788,02-02-01-01-14.wav,48000,16000,3.8705208333333334,1.9374375,calm,1,02,strong,01,Kids are talking by the door,01,female,0,14
789,02-02-01-02-14.wav,48000,16000,3.9038958333333333,1.9621875,calm,1,02,strong,01,Kids are talking by the door,02,female,0,14
790,02-02-02-01-14.wav,48000,16000,3.7370625,1.82425,calm,1,02,strong,02,Dogs are sitting by the door,01,female,0,14
791,02-02-02-02-14.wav,48000,16000,3.7704375,1.9124375,calm,1,02,strong,02,Dogs are sitting by the door,02,female,0,14
792,03-01-01-01-14.wav,48000,16000,3.703708333333333,2.3900625,happy,2,01,normal,01,Kids are talking by the door,01,female,0,14
793,03-01-01-02-14.wav,48000,16000,3.6703333333333332,2.0929375,happy,2,01,normal,01,Kids are talking by the door,02,female,0,14
794,03-01-02-01-14.wav,48000,16000,3.403395833333333,1.9835,happy,2,01,normal,02,Dogs are sitting by the door,01,female,0,14
795,03-01-02-02-14.wav,48000,16000,3.470125,1.60675,happy,2,01,normal,02,Dogs are sitting by the door,02,female,0,14
796,03-02-01-01-14.wav,48000,16000,3.7704166666666667,2.1990625,happy,2,02,strong,01,Kids are talking by the door,01,female,0,14
797,03-02-01-02-14.wav,48000,16000,3.7370625,2.2659375,happy,2,02,strong,01,Kids are talking by the door,02,female,0,14
798,03-02-02-01-14.wav,48000,16000,3.8371666666666666,2.3774375,happy,2,02,strong,02,Dogs are sitting by the door,01,female,0,14
799,03-02-02-02-14.wav,48000,16000,3.7370625,2.6076875,happy,2,02,strong,02,Dogs are sitting by the door,02,female,0,14
800,04-01-01-01-14.wav,48000,16000,3.7370625,2.0375625,sad,3,01,normal,01,Kids are talking by the door,01,female,0,14
801,04-01-01-02-14.wav,48000,16000,3.6036041666666665,1.6941875,sad,3,01,normal,01,Kids are talking by the door,02,female,0,14
802,04-01-02-01-14.wav,48000,16000,3.6036041666666665,2.20125,sad,3,01,normal,02,Dogs are sitting by the door,01,female,0,14
803,04-01-02-02-14.wav,48000,16000,3.536875,1.9539375,sad,3,01,normal,02,Dogs are sitting by the door,02,female,0,14
804,04-02-01-01-14.wav,48000,16000,3.8705208333333334,1.9665625,sad,3,02,strong,01,Kids are talking by the door,01,female,0,14
805,04-02-01-02-14.wav,48000,16000,3.6703333333333332,1.77625,sad,3,02,strong,01,Kids are talking by the door,02,female,0,14
806,04-02-02-01-14.wav,48000,16000,3.6703333333333332,1.9300625,sad,3,02,strong,02,Dogs are sitting by the door,01,female,0,14
807,04-02-02-02-14.wav,48000,16000,3.9039166666666665,2.4079375,sad,3,02,strong,02,Dogs are sitting by the door,02,female,0,14
808,05-01-01-01-14.wav,48000,16000,3.6035833333333334,1.981125,angry,4,01,normal,01,Kids are talking by the door,01,female,0,14
809,05-01-01-02-14.wav,48000,16000,3.703708333333333,1.9144375,angry,4,01,normal,01,Kids are talking by the door,02,female,0,14
810,05-01-02-01-14.wav,48000,16000,3.7370625,2.105875,angry,4,01,normal,02,Dogs are sitting by the door,01,female,0,14
811,05-01-02-02-14.wav,48000,16000,3.9039166666666665,2.397625,angry,4,01,normal,02,Dogs are sitting by the door,02,female,0,14
812,05-02-01-01-14.wav,48000,16000,4.2709375,2.7309375,angry,4,02,strong,01,Kids are talking by the door,01,female,0,14
813,05-02-01-02-14.wav,48000,16000,4.371020833333334,2.8459375,angry,4,02,strong,01,Kids are talking by the door,02,female,0,14
814,05-02-02-01-14.wav,48000,16000,4.170833333333333,2.3800625,angry,4,02,strong,02,Dogs are sitting by the door,01,female,0,14
815,05-02-02-02-14.wav,48000,16000,4.404416666666667,2.8768125,angry,4,02,strong,02,Dogs are sitting by the door,02,female,0,14
816,06-01-01-01-14.wav,48000,16000,3.3700208333333332,1.814125,fearful,5,01,normal,01,Kids are talking by the door,01,female,0,14
817,06-01-01-02-14.wav,48000,16000,3.5702291666666666,2.0475,fearful,5,01,normal,01,Kids are talking by the door,02,female,0,14
818,06-01-02-01-14.wav,48000,16000,3.370041666666667,1.5851875,fearful,5,01,normal,02,Dogs are sitting by the door,01,female,0,14
819,06-01-02-02-14.wav,48000,16000,3.3700208333333332,1.7070625,fearful,5,01,normal,02,Dogs are sitting by the door,02,female,0,14
820,06-02-01-01-14.wav,48000,16000,3.3700208333333332,2.0853125,fearful,5,02,strong,01,Kids are talking by the door,01,female,0,14
821,06-02-01-02-14.wav,48000,16000,3.403395833333333,2.1456875,fearful,5,02,strong,01,Kids are talking by the door,02,female,0,14
822,06-02-02-01-14.wav,48000,16000,3.5035,2.2038125,fearful,5,02,strong,02,Dogs are sitting by the door,01,female,0,14
823,06-02-02-02-14.wav,48000,16000,3.470125,2.4180625,fearful,5,02,strong,02,Dogs are sitting by the door,02,female,0,14
824,07-01-01-01-14.wav,48000,16000,3.7704166666666667,2.3161875,disgust,6,01,normal,01,Kids are talking by the door,01,female,0,14
825,07-01-01-02-14.wav,48000,16000,3.6369583333333333,1.7746875,disgust,6,01,normal,01,Kids are talking by the door,02,female,0,14
826,07-01-02-01-14.wav,48000,16000,3.7370625,1.9048125,disgust,6,01,normal,02,Dogs are sitting by the door,01,female,0,14
827,07-01-02-02-14.wav,48000,16000,3.7704375,2.422375,disgust,6,01,normal,02,Dogs are sitting by the door,02,female,0,14
828,07-02-01-01-14.wav,48000,16000,3.93725,2.99875,disgust,6,02,strong,01,Kids are talking by the door,01,female,0,14
829,07-02-01-02-14.wav,48000,16000,3.7370625,2.2431875,disgust,6,02,strong,01,Kids are talking by the door,02,female,0,14
830,07-02-02-01-14.wav,48000,16000,3.6703333333333332,2.4441875,disgust,6,02,strong,02,Dogs are sitting by the door,01,female,0,14
831,07-02-02-02-14.wav,48000,16000,3.8037916666666667,1.9381875,disgust,6,02,strong,02,Dogs are sitting by the door,02,female,0,14
832,08-01-01-01-14.wav,48000,16000,3.636979166666667,1.7598125,surprised,7,01,normal,01,Kids are talking by the door,01,female,0,14
833,08-01-01-02-14.wav,48000,16000,3.57025,1.6883125,surprised,7,01,normal,01,Kids are talking by the door,02,female,0,14
834,08-01-02-01-14.wav,48000,16000,3.2032083333333334,1.476875,surprised,7,01,normal,02,Dogs are sitting by the door,01,female,0,14
835,08-01-02-02-14.wav,48000,16000,3.3032916666666665,1.4733125,surprised,7,01,normal,02,Dogs are sitting by the door,02,female,0,14
836,08-02-01-01-14.wav,48000,16000,3.970625,2.0768125,surprised,7,02,strong,01,Kids are talking by the door,01,female,0,14
837,08-02-01-02-14.wav,48000,16000,3.703708333333333,1.9151875,surprised,7,02,strong,01,Kids are talking by the door,02,female,0,14
838,08-02-02-01-14.wav,48000,16000,3.703708333333333,1.9755625,surprised,7,02,strong,02,Dogs are sitting by the door,01,female,0,14
839,08-02-02-02-14.wav,48000,16000,3.7370625,2.02225,surprised,7,02,strong,02,Dogs are sitting by the door,02,female,0,14
840,01-01-01-01-15.wav,48000,16000,3.370041666666667,1.65425,neutral,0,01,normal,01,Kids are talking by the door,01,male,1,15
841,01-01-01-02-15.wav,48000,16000,3.4367708333333336,1.5851875,neutral,0,01,normal,01,Kids are talking by the door,02,male,1,15
842,01-01-02-01-15.wav,48000,16000,3.43675,1.7153125,neutral,0,01,normal,02,Dogs are sitting by the door,01,male,1,15
843,01-01-02-02-15.wav,48000,16000,3.403395833333333,1.6004375,neutral,0,01,normal,02,Dogs are sitting by the door,02,male,1,15
844,02-01-01-01-15.wav,48000,16000,3.57025,2.1005625,calm,1,01,normal,01,Kids are talking by the door,01,male,1,15
845,02-01-01-02-15.wav,48000,16000,3.5702291666666666,1.7959375,calm,1,01,normal,01,Kids are talking by the door,02,male,1,15
846,02-01-02-01-15.wav,48000,16000,3.7370625,3.1830625,calm,1,01,normal,02,Dogs are sitting by the door,01,male,1,15
847,02-01-02-02-15.wav,48000,16000,3.5702291666666666,1.7385625,calm,1,01,normal,02,Dogs are sitting by the door,02,male,1,15
848,02-02-01-01-15.wav,48000,16000,3.6703333333333332,2.015,calm,1,02,strong,01,Kids are talking by the door,01,male,1,15
849,02-02-01-02-15.wav,48000,16000,3.8038125,2.500375,calm,1,02,strong,01,Kids are talking by the door,02,male,1,15
850,02-02-02-01-15.wav,48000,16000,3.9372708333333333,2.7705625,calm,1,02,strong,02,Dogs are sitting by the door,01,male,1,15
851,02-02-02-02-15.wav,48000,16000,3.6035833333333334,2.6376875,calm,1,02,strong,02,Dogs are sitting by the door,02,male,1,15
852,03-01-01-01-15.wav,48000,16000,3.403395833333333,1.6674375,happy,2,01,normal,01,Kids are talking by the door,01,male,1,15
853,03-01-01-02-15.wav,48000,16000,3.3366666666666664,2.1438125,happy,2,01,normal,01,Kids are talking by the door,02,male,1,15
854,03-01-02-01-15.wav,48000,16000,3.3366666666666664,1.681,happy,2,01,normal,02,Dogs are sitting by the door,01,male,1,15
855,03-01-02-02-15.wav,48000,16000,3.4367708333333336,1.9051875,happy,2,01,normal,02,Dogs are sitting by the door,02,male,1,15
856,03-02-01-01-15.wav,48000,16000,3.5702291666666666,2.85375,happy,2,02,strong,01,Kids are talking by the door,01,male,1,15
857,03-02-01-02-15.wav,48000,16000,3.470125,2.0083125,happy,2,02,strong,01,Kids are talking by the door,02,male,1,15
858,03-02-02-01-15.wav,48000,16000,3.8037916666666667,2.547625,happy,2,02,strong,02,Dogs are sitting by the door,01,male,1,15
859,03-02-02-02-15.wav,48000,16000,3.370041666666667,1.8888125,happy,2,02,strong,02,Dogs are sitting by the door,02,male,1,15
860,04-01-01-01-15.wav,48000,16000,3.5035,2.028375,sad,3,01,normal,01,Kids are talking by the door,01,male,1,15
861,04-01-01-02-15.wav,48000,16000,3.3032916666666665,2.1795625,sad,3,01,normal,01,Kids are talking by the door,02,male,1,15
862,04-01-02-01-15.wav,48000,16000,3.3033125,1.5854375,sad,3,01,normal,02,Dogs are sitting by the door,01,male,1,15
863,04-01-02-02-15.wav,48000,16000,3.3700208333333332,2.4145625,sad,3,01,normal,02,Dogs are sitting by the door,02,male,1,15
864,04-02-01-01-15.wav,48000,16000,3.2699166666666666,2.2044375,sad,3,02,strong,01,Kids are talking by the door,01,male,1,15
865,04-02-01-02-15.wav,48000,16000,3.403395833333333,2.2244375,sad,3,02,strong,01,Kids are talking by the door,02,male,1,15
866,04-02-02-01-15.wav,48000,16000,3.536875,1.83125,sad,3,02,strong,02,Dogs are sitting by the door,01,male,1,15
867,04-02-02-02-15.wav,48000,16000,3.4367708333333336,2.5805625,sad,3,02,strong,02,Dogs are sitting by the door,02,male,1,15
868,05-01-01-01-15.wav,48000,16000,3.636979166666667,2.0436875,angry,4,01,normal,01,Kids are talking by the door,01,male,1,15
869,05-01-01-02-15.wav,48000,16000,3.6036041666666665,2.0125625,angry,4,01,normal,01,Kids are talking by the door,02,male,1,15
870,05-01-02-01-15.wav,48000,16000,3.703708333333333,2.62525,angry,4,01,normal,02,Dogs are sitting by the door,01,male,1,15
871,05-01-02-02-15.wav,48000,16000,3.536875,1.731625,angry,4,01,normal,02,Dogs are sitting by the door,02,male,1,15
872,05-02-01-01-15.wav,48000,16000,3.536875,1.871125,angry,4,02,strong,01,Kids are talking by the door,01,male,1,15
873,05-02-01-02-15.wav,48000,16000,3.7370833333333335,2.2324375,angry,4,02,strong,01,Kids are talking by the door,02,male,1,15
874,05-02-02-01-15.wav,48000,16000,3.4701458333333335,2.6783125,angry,4,02,strong,02,Dogs are sitting by the door,01,male,1,15
875,05-02-02-02-15.wav,48000,16000,3.6036041666666665,2.1781875,angry,4,02,strong,02,Dogs are sitting by the door,02,male,1,15
876,06-01-01-01-15.wav,48000,16000,3.3032916666666665,2.409375,fearful,5,01,normal,01,Kids are talking by the door,01,male,1,15
877,06-01-01-02-15.wav,48000,16000,3.3033125,2.428875,fearful,5,01,normal,01,Kids are talking by the door,02,male,1,15
878,06-01-02-01-15.wav,48000,16000,3.2699375,2.32175,fearful,5,01,normal,02,Dogs are sitting by the door,01,male,1,15
879,06-01-02-02-15.wav,48000,16000,3.3032916666666665,2.888625,fearful,5,01,normal,02,Dogs are sitting by the door,02,male,1,15
880,06-02-01-01-15.wav,48000,16000,3.3366666666666664,2.3885,fearful,5,02,strong,01,Kids are talking by the door,01,male,1,15
881,06-02-01-02-15.wav,48000,16000,3.4701458333333335,2.720875,fearful,5,02,strong,01,Kids are talking by the door,02,male,1,15
882,06-02-02-01-15.wav,48000,16000,3.3700208333333332,3.11775,fearful,5,02,strong,02,Dogs are sitting by the door,01,male,1,15
883,06-02-02-02-15.wav,48000,16000,3.5035,2.2441875,fearful,5,02,strong,02,Dogs are sitting by the door,02,male,1,15
884,07-01-01-01-15.wav,48000,16000,3.7370625,2.8271875,disgust,6,01,normal,01,Kids are talking by the door,01,male,1,15
885,07-01-01-02-15.wav,48000,16000,3.6369583333333333,2.5553125,disgust,6,01,normal,01,Kids are talking by the door,02,male,1,15
886,07-01-02-01-15.wav,48000,16000,3.6703333333333332,2.6440625,disgust,6,01,normal,02,Dogs are sitting by the door,01,male,1,15
887,07-01-02-02-15.wav,48000,16000,4.070729166666666,2.6625,disgust,6,01,normal,02,Dogs are sitting by the door,02,male,1,15
888,07-02-01-01-15.wav,48000,16000,3.7036875,2.589875,disgust,6,02,strong,01,Kids are talking by the door,01,male,1,15
889,07-02-01-02-15.wav,48000,16000,3.370041666666667,3.142625,disgust,6,02,strong,01,Kids are talking by the door,02,male,1,15
890,07-02-02-01-15.wav,48000,16000,3.3033125,2.6276875,disgust,6,02,strong,02,Dogs are sitting by the door,01,male,1,15
891,07-02-02-02-15.wav,48000,16000,3.4701458333333335,2.434,disgust,6,02,strong,02,Dogs are sitting by the door,02,male,1,15
892,08-01-01-01-15.wav,48000,16000,3.636979166666667,2.9341875,surprised,7,01,normal,01,Kids are talking by the door,01,male,1,15
893,08-01-01-02-15.wav,48000,16000,3.4367708333333336,2.0881875,surprised,7,01,normal,01,Kids are talking by the door,02,male,1,15
894,08-01-02-01-15.wav,48000,16000,3.703708333333333,1.8905625,surprised,7,01,normal,02,Dogs are sitting by the door,01,male,1,15
895,08-01-02-02-15.wav,48000,16000,3.370041666666667,1.831875,surprised,7,01,normal,02,Dogs are sitting by the door,02,male,1,15
896,08-02-01-01-15.wav,48000,16000,3.3700208333333332,1.96125,surprised,7,02,strong,01,Kids are talking by the door,01,male,1,15
897,08-02-01-02-15.wav,48000,16000,3.3032916666666665,2.0418125,surprised,7,02,strong,01,Kids are talking by the door,02,male,1,15
898,08-02-02-01-15.wav,48000,16000,3.2032083333333334,2.0598125,surprised,7,02,strong,02,Dogs are sitting by the door,01,male,1,15
899,08-02-02-02-15.wav,48000,16000,3.3366666666666664,2.2795625,surprised,7,02,strong,02,Dogs are sitting by the door,02,male,1,15
900,01-01-01-01-16.wav,48000,16000,3.7370625,2.006875,neutral,0,01,normal,01,Kids are talking by the door,01,female,0,16
901,01-01-01-02-16.wav,48000,16000,3.7370833333333335,1.9286875,neutral,0,01,normal,01,Kids are talking by the door,02,female,0,16
902,01-01-02-01-16.wav,48000,16000,3.6036041666666665,2.0409375,neutral,0,01,normal,02,Dogs are sitting by the door,01,female,0,16
903,01-01-02-02-16.wav,48000,16000,3.5702291666666666,1.96275,neutral,0,01,normal,02,Dogs are sitting by the door,02,female,0,16
904,02-01-01-01-16.wav,48000,16000,3.7036875,1.8594375,calm,1,01,normal,01,Kids are talking by the door,01,female,0,16
905,02-01-01-02-16.wav,48000,16000,3.8705208333333334,2.18725,calm,1,01,normal,01,Kids are talking by the door,02,female,0,16
906,02-01-02-01-16.wav,48000,16000,3.8037916666666667,2.0084375,calm,1,01,normal,02,Dogs are sitting by the door,01,female,0,16
907,02-01-02-02-16.wav,48000,16000,3.6703333333333332,2.0190625,calm,1,01,normal,02,Dogs are sitting by the door,02,female,0,16
908,02-02-01-01-16.wav,48000,16000,3.8705208333333334,2.1753125,calm,1,02,strong,01,Kids are talking by the door,01,female,0,16
909,02-02-01-02-16.wav,48000,16000,3.9372708333333333,2.176125,calm,1,02,strong,01,Kids are talking by the door,02,female,0,16
910,02-02-02-01-16.wav,48000,16000,3.8038125,1.9913125,calm,1,02,strong,02,Dogs are sitting by the door,01,female,0,16
911,02-02-02-02-16.wav,48000,16000,3.8037916666666667,2.0066875,calm,1,02,strong,02,Dogs are sitting by the door,02,female,0,16
912,03-01-01-01-16.wav,48000,16000,3.703708333333333,2.023125,happy,2,01,normal,01,Kids are talking by the door,01,female,0,16
913,03-01-01-02-16.wav,48000,16000,3.6703333333333332,2.0805625,happy,2,01,normal,01,Kids are talking by the door,02,female,0,16
914,03-01-02-01-16.wav,48000,16000,3.7370625,1.915125,happy,2,01,normal,02,Dogs are sitting by the door,01,female,0,16
915,03-01-02-02-16.wav,48000,16000,3.6703333333333332,2.02475,happy,2,01,normal,02,Dogs are sitting by the door,02,female,0,16
916,03-02-01-01-16.wav,48000,16000,3.7704375,2.0759375,happy,2,02,strong,01,Kids are talking by the door,01,female,0,16
917,03-02-01-02-16.wav,48000,16000,3.5702291666666666,2.4110625,happy,2,02,strong,01,Kids are talking by the door,02,female,0,16
918,03-02-02-01-16.wav,48000,16000,3.7704166666666667,2.0953125,happy,2,02,strong,02,Dogs are sitting by the door,01,female,0,16
919,03-02-02-02-16.wav,48000,16000,3.8038125,2.127,happy,2,02,strong,02,Dogs are sitting by the door,02,female,0,16
920,04-01-01-01-16.wav,48000,16000,3.5702291666666666,1.7691875,sad,3,01,normal,01,Kids are talking by the door,01,female,0,16
921,04-01-01-02-16.wav,48000,16000,3.6369583333333333,1.9320625,sad,3,01,normal,01,Kids are talking by the door,02,female,0,16
922,04-01-02-01-16.wav,48000,16000,3.4034166666666668,1.609,sad,3,01,normal,02,Dogs are sitting by the door,01,female,0,16
923,04-01-02-02-16.wav,48000,16000,3.5035,1.7319375,sad,3,01,normal,02,Dogs are sitting by the door,02,female,0,16
924,04-02-01-01-16.wav,48000,16000,3.7370625,2.549625,sad,3,02,strong,01,Kids are talking by the door,01,female,0,16
925,04-02-01-02-16.wav,48000,16000,3.8038125,2.335625,sad,3,02,strong,01,Kids are talking by the door,02,female,0,16
926,04-02-02-01-16.wav,48000,16000,3.8705416666666665,2.4246875,sad,3,02,strong,02,Dogs are sitting by the door,01,female,0,16
927,04-02-02-02-16.wav,48000,16000,3.7370625,2.5245,sad,3,02,strong,02,Dogs are sitting by the door,02,female,0,16
928,05-01-01-01-16.wav,48000,16000,3.970645833333333,2.1505,angry,4,01,normal,01,Kids are talking by the door,01,female,0,16
929,05-01-01-02-16.wav,48000,16000,4.004,2.310625,angry,4,01,normal,01,Kids are talking by the door,02,female,0,16
930,05-01-02-01-16.wav,48000,16000,3.9038958333333333,2.21325,angry,4,01,normal,02,Dogs are sitting by the door,01,female,0,16
931,05-01-02-02-16.wav,48000,16000,3.9038958333333333,2.5074375,angry,4,01,normal,02,Dogs are sitting by the door,02,female,0,16
932,05-02-01-01-16.wav,48000,16000,3.970645833333333,2.4460625,angry,4,02,strong,01,Kids are talking by the door,01,female,0,16
933,05-02-01-02-16.wav,48000,16000,3.7370625,2.273125,angry,4,02,strong,01,Kids are talking by the door,02,female,0,16
934,05-02-02-01-16.wav,48000,16000,3.8037916666666667,2.0665,angry,4,02,strong,02,Dogs are sitting by the door,01,female,0,16
935,05-02-02-02-16.wav,48000,16000,4.07075,2.683,angry,4,02,strong,02,Dogs are sitting by the door,02,female,0,16
936,06-01-01-01-16.wav,48000,16000,3.7036875,2.153375,fearful,5,01,normal,01,Kids are talking by the door,01,female,0,16
937,06-01-01-02-16.wav,48000,16000,3.5035,1.9079375,fearful,5,01,normal,01,Kids are talking by the door,02,female,0,16
938,06-01-02-01-16.wav,48000,16000,3.6369583333333333,2.21575,fearful,5,01,normal,02,Dogs are sitting by the door,01,female,0,16
939,06-01-02-02-16.wav,48000,16000,3.5702291666666666,2.13275,fearful,5,01,normal,02,Dogs are sitting by the door,02,female,0,16
940,06-02-01-01-16.wav,48000,16000,3.7370625,2.844375,fearful,5,02,strong,01,Kids are talking by the door,01,female,0,16
941,06-02-01-02-16.wav,48000,16000,3.7370625,3.030125,fearful,5,02,strong,01,Kids are talking by the door,02,female,0,16
942,06-02-02-01-16.wav,48000,16000,3.5368541666666666,2.685625,fearful,5,02,strong,02,Dogs are sitting by the door,01,female,0,16
943,06-02-02-02-16.wav,48000,16000,3.5035,2.7488125,fearful,5,02,strong,02,Dogs are sitting by the door,02,female,0,16
944,07-01-01-01-16.wav,48000,16000,3.7704375,2.33675,disgust,6,01,normal,01,Kids are talking by the door,01,female,0,16
945,07-01-01-02-16.wav,48000,16000,3.7370625,2.2491875,disgust,6,01,normal,01,Kids are talking by the door,02,female,0,16
946,07-01-02-01-16.wav,48000,16000,3.470125,1.7639375,disgust,6,01,normal,02,Dogs are sitting by the door,01,female,0,16
947,07-01-02-02-16.wav,48000,16000,3.5702291666666666,2.0475,disgust,6,01,normal,02,Dogs are sitting by the door,02,female,0,16
948,07-02-01-01-16.wav,48000,16000,4.2709166666666665,2.5623125,disgust,6,02,strong,01,Kids are talking by the door,01,female,0,16
949,07-02-01-02-16.wav,48000,16000,4.237583333333333,2.9303125,disgust,6,02,strong,01,Kids are talking by the door,02,female,0,16
950,07-02-02-01-16.wav,48000,16000,4.137458333333333,2.846875,disgust,6,02,strong,02,Dogs are sitting by the door,01,female,0,16
951,07-02-02-02-16.wav,48000,16000,4.137479166666667,2.2833125,disgust,6,02,strong,02,Dogs are sitting by the door,02,female,0,16
952,08-01-01-01-16.wav,48000,16000,3.536875,1.7809375,surprised,7,01,normal,01,Kids are talking by the door,01,female,0,16
953,08-01-01-02-16.wav,48000,16000,3.43675,1.8183125,surprised,7,01,normal,01,Kids are talking by the door,02,female,0,16
954,08-01-02-01-16.wav,48000,16000,3.5035,1.688375,surprised,7,01,normal,02,Dogs are sitting by the door,01,female,0,16
955,08-01-02-02-16.wav,48000,16000,3.4367708333333336,1.59,surprised,7,01,normal,02,Dogs are sitting by the door,02,female,0,16
956,08-02-01-01-16.wav,48000,16000,3.536875,1.7405,surprised,7,02,strong,01,Kids are talking by the door,01,female,0,16
957,08-02-01-02-16.wav,48000,16000,3.5368541666666666,1.8125625,surprised,7,02,strong,01,Kids are talking by the door,02,female,0,16
958,08-02-02-01-16.wav,48000,16000,3.57025,2.3596875,surprised,7,02,strong,02,Dogs are sitting by the door,01,female,0,16
959,08-02-02-02-16.wav,48000,16000,3.5702291666666666,1.843,surprised,7,02,strong,02,Dogs are sitting by the door,02,female,0,16
960,01-01-01-01-17.wav,48000,16000,3.8371666666666666,1.988625,neutral,0,01,normal,01,Kids are talking by the door,01,male,1,17
961,01-01-01-02-17.wav,48000,16000,3.5035,1.5859375,neutral,0,01,normal,01,Kids are talking by the door,02,male,1,17
962,01-01-02-01-17.wav,48000,16000,3.5035,1.670875,neutral,0,01,normal,02,Dogs are sitting by the door,01,male,1,17
963,01-01-02-02-17.wav,48000,16000,3.470125,1.7295,neutral,0,01,normal,02,Dogs are sitting by the door,02,male,1,17
964,02-01-01-01-17.wav,48000,16000,3.5035,1.7503125,calm,1,01,normal,01,Kids are talking by the door,01,male,1,17
965,02-01-01-02-17.wav,48000,16000,3.536875,1.9149375,calm,1,01,normal,01,Kids are talking by the door,02,male,1,17
966,02-01-02-01-17.wav,48000,16000,3.7370833333333335,1.7613125,calm,1,01,normal,02,Dogs are sitting by the door,01,male,1,17
967,02-01-02-02-17.wav,48000,16000,3.7704375,1.8335,calm,1,01,normal,02,Dogs are sitting by the door,02,male,1,17
968,02-02-01-01-17.wav,48000,16000,3.8705416666666665,2.3725,calm,1,02,strong,01,Kids are talking by the door,01,male,1,17
969,02-02-01-02-17.wav,48000,16000,3.6036041666666665,1.7218125,calm,1,02,strong,01,Kids are talking by the door,02,male,1,17
970,02-02-02-01-17.wav,48000,16000,3.8371666666666666,2.1310625,calm,1,02,strong,02,Dogs are sitting by the door,01,male,1,17
971,02-02-02-02-17.wav,48000,16000,3.536875,1.69325,calm,1,02,strong,02,Dogs are sitting by the door,02,male,1,17
972,03-01-01-01-17.wav,48000,16000,3.470125,1.6641875,happy,2,01,normal,01,Kids are talking by the door,01,male,1,17
973,03-01-01-02-17.wav,48000,16000,3.536875,2.3816875,happy,2,01,normal,01,Kids are talking by the door,02,male,1,17
974,03-01-02-01-17.wav,48000,16000,3.4701458333333335,1.8475,happy,2,01,normal,02,Dogs are sitting by the door,01,male,1,17
975,03-01-02-02-17.wav,48000,16000,3.5368541666666666,2.814125,happy,2,01,normal,02,Dogs are sitting by the door,02,male,1,17
976,03-02-01-01-17.wav,48000,16000,3.7370625,2.3956875,happy,2,02,strong,01,Kids are talking by the door,01,male,1,17
977,03-02-01-02-17.wav,48000,16000,4.104104166666667,3.403125,happy,2,02,strong,01,Kids are talking by the door,02,male,1,17
978,03-02-02-01-17.wav,48000,16000,3.7370625,2.8993125,happy,2,02,strong,02,Dogs are sitting by the door,01,male,1,17
979,03-02-02-02-17.wav,48000,16000,3.8037916666666667,2.673625,happy,2,02,strong,02,Dogs are sitting by the door,02,male,1,17
980,04-01-01-01-17.wav,48000,16000,3.6703333333333332,2.0671875,sad,3,01,normal,01,Kids are talking by the door,01,male,1,17
981,04-01-01-02-17.wav,48000,16000,3.5035,2.446875,sad,3,01,normal,01,Kids are talking by the door,02,male,1,17
982,04-01-02-01-17.wav,48000,16000,3.5702291666666666,1.7815625,sad,3,01,normal,02,Dogs are sitting by the door,01,male,1,17
983,04-01-02-02-17.wav,48000,16000,3.6036041666666665,2.1184375,sad,3,01,normal,02,Dogs are sitting by the door,02,male,1,17
984,04-02-01-01-17.wav,48000,16000,3.6703333333333332,2.8623125,sad,3,02,strong,01,Kids are talking by the door,01,male,1,17
985,04-02-01-02-17.wav,48000,16000,3.703708333333333,2.48,sad,3,02,strong,01,Kids are talking by the door,02,male,1,17
986,04-02-02-01-17.wav,48000,16000,3.6036041666666665,3.05175,sad,3,02,strong,02,Dogs are sitting by the door,01,male,1,17
987,04-02-02-02-17.wav,48000,16000,3.5702291666666666,2.8354375,sad,3,02,strong,02,Dogs are sitting by the door,02,male,1,17
988,05-01-01-01-17.wav,48000,16000,3.4701458333333335,1.8528125,angry,4,01,normal,01,Kids are talking by the door,01,male,1,17
989,05-01-01-02-17.wav,48000,16000,3.703708333333333,2.342,angry,4,01,normal,01,Kids are talking by the door,02,male,1,17
990,05-01-02-01-17.wav,48000,16000,3.6036041666666665,2.1801875,angry,4,01,normal,02,Dogs are sitting by the door,01,male,1,17
991,05-01-02-02-17.wav,48000,16000,3.536875,1.77475,angry,4,01,normal,02,Dogs are sitting by the door,02,male,1,17
992,05-02-01-01-17.wav,48000,16000,3.5035,2.1128125,angry,4,02,strong,01,Kids are talking by the door,01,male,1,17
993,05-02-01-02-17.wav,48000,16000,3.7370625,2.9538125,angry,4,02,strong,01,Kids are talking by the door,02,male,1,17
994,05-02-02-01-17.wav,48000,16000,3.636979166666667,2.1583125,angry,4,02,strong,02,Dogs are sitting by the door,01,male,1,17
995,05-02-02-02-17.wav,48000,16000,3.8038125,3.2020625,angry,4,02,strong,02,Dogs are sitting by the door,02,male,1,17
996,06-01-01-01-17.wav,48000,16000,3.470125,2.692625,fearful,5,01,normal,01,Kids are talking by the door,01,male,1,17
997,06-01-01-02-17.wav,48000,16000,3.5035,2.9780625,fearful,5,01,normal,01,Kids are talking by the door,02,male,1,17
998,06-01-02-01-17.wav,48000,16000,3.536875,3.5345,fearful,5,01,normal,02,Dogs are sitting by the door,01,male,1,17
999,06-01-02-02-17.wav,48000,16000,3.6369583333333333,3.1495625,fearful,5,01,normal,02,Dogs are sitting by the door,02,male,1,17
1000,06-02-01-01-17.wav,48000,16000,3.703708333333333,3.277875,fearful,5,02,strong,01,Kids are talking by the door,01,male,1,17
1001,06-02-01-02-17.wav,48000,16000,3.7370625,2.7278125,fearful,5,02,strong,01,Kids are talking by the door,02,male,1,17
1002,06-02-02-01-17.wav,48000,16000,3.6703333333333332,2.9231875,fearful,5,02,strong,02,Dogs are sitting by the door,01,male,1,17
1003,06-02-02-02-17.wav,48000,16000,3.8371666666666666,3.5156875,fearful,5,02,strong,02,Dogs are sitting by the door,02,male,1,17
1004,07-01-01-01-17.wav,48000,16000,3.8371666666666666,1.9784375,disgust,6,01,normal,01,Kids are talking by the door,01,male,1,17
1005,07-01-01-02-17.wav,48000,16000,3.703708333333333,1.7806875,disgust,6,01,normal,01,Kids are talking by the door,02,male,1,17
1006,07-01-02-01-17.wav,48000,16000,3.5702291666666666,1.7175625,disgust,6,01,normal,02,Dogs are sitting by the door,01,male,1,17
1007,07-01-02-02-17.wav,48000,16000,3.5035,2.1461875,disgust,6,01,normal,02,Dogs are sitting by the door,02,male,1,17
1008,07-02-01-01-17.wav,48000,16000,4.204208333333334,2.3495625,disgust,6,02,strong,01,Kids are talking by the door,01,male,1,17
1009,07-02-01-02-17.wav,48000,16000,4.170833333333333,2.2345,disgust,6,02,strong,01,Kids are talking by the door,02,male,1,17
1010,07-02-02-01-17.wav,48000,16000,4.471145833333333,3.82325,disgust,6,02,strong,02,Dogs are sitting by the door,01,male,1,17
1011,07-02-02-02-17.wav,48000,16000,4.604604166666666,3.449875,disgust,6,02,strong,02,Dogs are sitting by the door,02,male,1,17
1012,08-01-01-01-17.wav,48000,16000,3.403395833333333,1.9343125,surprised,7,01,normal,01,Kids are talking by the door,01,male,1,17
1013,08-01-01-02-17.wav,48000,16000,3.6369583333333333,2.482625,surprised,7,01,normal,01,Kids are talking by the door,02,male,1,17
1014,08-01-02-01-17.wav,48000,16000,3.370041666666667,2.072625,surprised,7,01,normal,02,Dogs are sitting by the door,01,male,1,17
1015,08-01-02-02-17.wav,48000,16000,3.4367708333333336,2.500375,surprised,7,01,normal,02,Dogs are sitting by the door,02,male,1,17
1016,08-02-01-01-17.wav,48000,16000,3.536875,2.6459375,surprised,7,02,strong,01,Kids are talking by the door,01,male,1,17
1017,08-02-01-02-17.wav,48000,16000,3.6703333333333332,2.83025,surprised,7,02,strong,01,Kids are talking by the door,02,male,1,17
1018,08-02-02-01-17.wav,48000,16000,3.4367708333333336,2.63825,surprised,7,02,strong,02,Dogs are sitting by the door,01,male,1,17
1019,08-02-02-02-17.wav,48000,16000,3.5368541666666666,2.5545625,surprised,7,02,strong,02,Dogs are sitting by the door,02,male,1,17
1020,01-01-01-01-18.wav,48000,16000,3.4701458333333335,1.8158125,neutral,0,01,normal,01,Kids are talking by the door,01,female,0,18
1021,01-01-01-02-18.wav,48000,16000,3.536875,1.7288125,neutral,0,01,normal,01,Kids are talking by the door,02,female,0,18
1022,01-01-02-01-18.wav,48000,16000,3.470125,1.79325,neutral,0,01,normal,02,Dogs are sitting by the door,01,female,0,18
1023,01-01-02-02-18.wav,48000,16000,3.4701458333333335,1.7118125,neutral,0,01,normal,02,Dogs are sitting by the door,02,female,0,18
1024,02-01-01-01-18.wav,48000,16000,3.470125,1.767125,calm,1,01,normal,01,Kids are talking by the door,01,female,0,18
1025,02-01-01-02-18.wav,48000,16000,3.4034166666666668,1.7303125,calm,1,01,normal,01,Kids are talking by the door,02,female,0,18
1026,02-01-02-01-18.wav,48000,16000,3.636979166666667,1.9406875,calm,1,01,normal,02,Dogs are sitting by the door,01,female,0,18
1027,02-01-02-02-18.wav,48000,16000,3.5035,1.8100625,calm,1,01,normal,02,Dogs are sitting by the door,02,female,0,18
1028,02-02-01-01-18.wav,48000,16000,3.6036041666666665,1.9038125,calm,1,02,strong,01,Kids are talking by the door,01,female,0,18
1029,02-02-01-02-18.wav,48000,16000,3.6036041666666665,2.018875,calm,1,02,strong,01,Kids are talking by the door,02,female,0,18
1030,02-02-02-01-18.wav,48000,16000,3.6035833333333334,1.8561875,calm,1,02,strong,02,Dogs are sitting by the door,01,female,0,18
1031,02-02-02-02-18.wav,48000,16000,3.6036041666666665,1.86675,calm,1,02,strong,02,Dogs are sitting by the door,02,female,0,18
1032,03-01-01-01-18.wav,48000,16000,3.403395833333333,1.7139375,happy,2,01,normal,01,Kids are talking by the door,01,female,0,18
1033,03-01-01-02-18.wav,48000,16000,3.3700208333333332,1.83075,happy,2,01,normal,01,Kids are talking by the door,02,female,0,18
1034,03-01-02-01-18.wav,48000,16000,3.43675,1.7811875,happy,2,01,normal,02,Dogs are sitting by the door,01,female,0,18
1035,03-01-02-02-18.wav,48000,16000,3.5035,1.784875,happy,2,01,normal,02,Dogs are sitting by the door,02,female,0,18
1036,03-02-01-01-18.wav,48000,16000,3.7704375,2.4013125,happy,2,02,strong,01,Kids are talking by the door,01,female,0,18
1037,03-02-01-02-18.wav,48000,16000,3.93725,2.818,happy,2,02,strong,01,Kids are talking by the door,02,female,0,18
1038,03-02-02-01-18.wav,48000,16000,3.7704375,2.5425,happy,2,02,strong,02,Dogs are sitting by the door,01,female,0,18
1039,03-02-02-02-18.wav,48000,16000,3.8371666666666666,2.419,happy,2,02,strong,02,Dogs are sitting by the door,02,female,0,18
1040,04-01-01-01-18.wav,48000,16000,3.5702291666666666,2.07625,sad,3,01,normal,01,Kids are talking by the door,01,female,0,18
1041,04-01-01-02-18.wav,48000,16000,3.6369583333333333,2.0150625,sad,3,01,normal,01,Kids are talking by the door,02,female,0,18
1042,04-01-02-01-18.wav,48000,16000,3.536875,1.8018125,sad,3,01,normal,02,Dogs are sitting by the door,01,female,0,18
1043,04-01-02-02-18.wav,48000,16000,3.6369583333333333,1.837,sad,3,01,normal,02,Dogs are sitting by the door,02,female,0,18
1044,04-02-01-01-18.wav,48000,16000,3.8037916666666667,2.72375,sad,3,02,strong,01,Kids are talking by the door,01,female,0,18
1045,04-02-01-02-18.wav,48000,16000,3.8371666666666666,2.814,sad,3,02,strong,01,Kids are talking by the door,02,female,0,18
1046,04-02-02-01-18.wav,48000,16000,4.137479166666667,3.0980625,sad,3,02,strong,02,Dogs are sitting by the door,01,female,0,18
1047,04-02-02-02-18.wav,48000,16000,3.8371666666666666,2.7273125,sad,3,02,strong,02,Dogs are sitting by the door,02,female,0,18
1048,05-01-01-01-18.wav,48000,16000,3.9038958333333333,2.212375,angry,4,01,normal,01,Kids are talking by the door,01,female,0,18
1049,05-01-01-02-18.wav,48000,16000,4.170833333333333,2.8435,angry,4,01,normal,01,Kids are talking by the door,02,female,0,18
1050,05-01-02-01-18.wav,48000,16000,3.5702291666666666,1.8603125,angry,4,01,normal,02,Dogs are sitting by the door,01,female,0,18
1051,05-01-02-02-18.wav,48000,16000,3.636979166666667,2.005375,angry,4,01,normal,02,Dogs are sitting by the door,02,female,0,18
1052,05-02-01-01-18.wav,48000,16000,3.703708333333333,1.944625,angry,4,02,strong,01,Kids are talking by the door,01,female,0,18
1053,05-02-01-02-18.wav,48000,16000,3.7704375,1.9630625,angry,4,02,strong,01,Kids are talking by the door,02,female,0,18
1054,05-02-02-01-18.wav,48000,16000,3.8371666666666666,2.0564375,angry,4,02,strong,02,Dogs are sitting by the door,01,female,0,18
1055,05-02-02-02-18.wav,48000,16000,4.2375625,2.4469375,angry,4,02,strong,02,Dogs are sitting by the door,02,female,0,18
1056,06-01-01-01-18.wav,48000,16000,3.4367708333333336,2.0445,fearful,5,01,normal,01,Kids are talking by the door,01,female,0,18
1057,06-01-01-02-18.wav,48000,16000,3.403395833333333,1.7680625,fearful,5,01,normal,01,Kids are talking by the door,02,female,0,18
1058,06-01-02-01-18.wav,48000,16000,3.470125,1.9436875,fearful,5,01,normal,02,Dogs are sitting by the door,01,female,0,18
1059,06-01-02-02-18.wav,48000,16000,3.4701458333333335,2.205875,fearful,5,01,normal,02,Dogs are sitting by the door,02,female,0,18
1060,06-02-01-01-18.wav,48000,16000,3.7370833333333335,2.481625,fearful,5,02,strong,01,Kids are talking by the door,01,female,0,18
1061,06-02-01-02-18.wav,48000,16000,4.170833333333333,2.7590625,fearful,5,02,strong,01,Kids are talking by the door,02,female,0,18
1062,06-02-02-01-18.wav,48000,16000,3.8038125,2.3101875,fearful,5,02,strong,02,Dogs are sitting by the door,01,female,0,18
1063,06-02-02-02-18.wav,48000,16000,3.8037916666666667,2.5643125,fearful,5,02,strong,02,Dogs are sitting by the door,02,female,0,18
1064,07-01-01-01-18.wav,48000,16000,4.3043125,2.5864375,disgust,6,01,normal,01,Kids are talking by the door,01,female,0,18
1065,07-01-01-02-18.wav,48000,16000,4.07075,2.4815625,disgust,6,01,normal,01,Kids are talking by the door,02,female,0,18
1066,07-01-02-01-18.wav,48000,16000,3.6703333333333332,2.2144375,disgust,6,01,normal,02,Dogs are sitting by the door,01,female,0,18
1067,07-01-02-02-18.wav,48000,16000,4.371041666666667,2.8165625,disgust,6,01,normal,02,Dogs are sitting by the door,02,female,0,18
1068,07-02-01-01-18.wav,48000,16000,4.771416666666667,3.419375,disgust,6,02,strong,01,Kids are talking by the door,01,female,0,18
1069,07-02-01-02-18.wav,48000,16000,4.471145833333333,2.5989375,disgust,6,02,strong,01,Kids are talking by the door,02,female,0,18
1070,07-02-02-01-18.wav,48000,16000,4.637958333333334,2.95825,disgust,6,02,strong,02,Dogs are sitting by the door,01,female,0,18
1071,07-02-02-02-18.wav,48000,16000,4.571229166666667,2.696625,disgust,6,02,strong,02,Dogs are sitting by the door,02,female,0,18
1072,08-01-01-01-18.wav,48000,16000,3.3700208333333332,2.006875,surprised,7,01,normal,01,Kids are talking by the door,01,female,0,18
1073,08-01-01-02-18.wav,48000,16000,3.5035,1.8125625,surprised,7,01,normal,01,Kids are talking by the door,02,female,0,18
1074,08-01-02-01-18.wav,48000,16000,3.5035,1.8493125,surprised,7,01,normal,02,Dogs are sitting by the door,01,female,0,18
1075,08-01-02-02-18.wav,48000,16000,3.5035,1.7274375,surprised,7,01,normal,02,Dogs are sitting by the door,02,female,0,18
1076,08-02-01-01-18.wav,48000,16000,3.636979166666667,1.8785625,surprised,7,02,strong,01,Kids are talking by the door,01,female,0,18
1077,08-02-01-02-18.wav,48000,16000,3.536875,1.6581875,surprised,7,02,strong,01,Kids are talking by the door,02,female,0,18
1078,08-02-02-01-18.wav,48000,16000,3.8705416666666665,2.0096875,surprised,7,02,strong,02,Dogs are sitting by the door,01,female,0,18
1079,08-02-02-02-18.wav,48000,16000,3.6369583333333333,1.776625,surprised,7,02,strong,02,Dogs are sitting by the door,02,female,0,18
1080,01-01-01-01-19.wav,48000,16000,3.370041666666667,1.5465,neutral,0,01,normal,01,Kids are talking by the door,01,male,1,19
1081,01-01-01-02-19.wav,48000,16000,3.2365625,1.70225,neutral,0,01,normal,01,Kids are talking by the door,02,male,1,19
1082,01-01-02-01-19.wav,48000,16000,3.3366666666666664,1.5636875,neutral,0,01,normal,02,Dogs are sitting by the door,01,male,1,19
1083,01-01-02-02-19.wav,48000,16000,3.3032916666666665,1.4885,neutral,0,01,normal,02,Dogs are sitting by the door,02,male,1,19
1084,02-01-01-01-19.wav,48000,16000,3.6703333333333332,1.992,calm,1,01,normal,01,Kids are talking by the door,01,male,1,19
1085,02-01-01-02-19.wav,48000,16000,3.6703333333333332,1.83475,calm,1,01,normal,01,Kids are talking by the door,02,male,1,19
1086,02-01-02-01-19.wav,48000,16000,3.3366666666666664,1.6058125,calm,1,01,normal,02,Dogs are sitting by the door,01,male,1,19
1087,02-01-02-02-19.wav,48000,16000,3.470125,1.700375,calm,1,01,normal,02,Dogs are sitting by the door,02,male,1,19
1088,02-02-01-01-19.wav,48000,16000,4.471145833333333,2.968125,calm,1,02,strong,01,Kids are talking by the door,01,male,1,19
1089,02-02-01-02-19.wav,48000,16000,4.037375,2.316875,calm,1,02,strong,01,Kids are talking by the door,02,male,1,19
1090,02-02-02-01-19.wav,48000,16000,4.604604166666666,2.7521875,calm,1,02,strong,02,Dogs are sitting by the door,01,male,1,19
1091,02-02-02-02-19.wav,48000,16000,4.304291666666667,2.4608125,calm,1,02,strong,02,Dogs are sitting by the door,02,male,1,19
1092,03-01-01-01-19.wav,48000,16000,3.6369583333333333,2.46725,happy,2,01,normal,01,Kids are talking by the door,01,male,1,19
1093,03-01-01-02-19.wav,48000,16000,3.703708333333333,2.5675,happy,2,01,normal,01,Kids are talking by the door,02,male,1,19
1094,03-01-02-01-19.wav,48000,16000,3.2699375,2.066625,happy,2,01,normal,02,Dogs are sitting by the door,01,male,1,19
1095,03-01-02-02-19.wav,48000,16000,3.3033125,2.296875,happy,2,01,normal,02,Dogs are sitting by the door,02,male,1,19
1096,03-02-01-01-19.wav,48000,16000,3.7704375,2.910625,happy,2,02,strong,01,Kids are talking by the door,01,male,1,19
1097,03-02-01-02-19.wav,48000,16000,3.8037916666666667,3.431375,happy,2,02,strong,01,Kids are talking by the door,02,male,1,19
1098,03-02-02-01-19.wav,48000,16000,4.404395833333333,3.743375,happy,2,02,strong,02,Dogs are sitting by the door,01,male,1,19
1099,03-02-02-02-19.wav,48000,16000,4.004,2.4180625,happy,2,02,strong,02,Dogs are sitting by the door,02,male,1,19
1100,04-01-01-01-19.wav,48000,16000,3.4367708333333336,1.6925625,sad,3,01,normal,01,Kids are talking by the door,01,male,1,19
1101,04-01-01-02-19.wav,48000,16000,3.6703333333333332,1.8730625,sad,3,01,normal,01,Kids are talking by the door,02,male,1,19
1102,04-01-02-01-19.wav,48000,16000,3.1698333333333335,1.511875,sad,3,01,normal,02,Dogs are sitting by the door,01,male,1,19
1103,04-01-02-02-19.wav,48000,16000,3.6703333333333332,1.9188125,sad,3,01,normal,02,Dogs are sitting by the door,02,male,1,19
1104,04-02-01-01-19.wav,48000,16000,4.004,3.258125,sad,3,02,strong,01,Kids are talking by the door,01,male,1,19
1105,04-02-01-02-19.wav,48000,16000,3.703708333333333,2.46725,sad,3,02,strong,01,Kids are talking by the door,02,male,1,19
1106,04-02-02-01-19.wav,48000,16000,3.4034166666666668,2.10225,sad,3,02,strong,02,Dogs are sitting by the door,01,male,1,19
1107,04-02-02-02-19.wav,48000,16000,3.7370833333333335,3.0983125,sad,3,02,strong,02,Dogs are sitting by the door,02,male,1,19
1108,05-01-01-01-19.wav,48000,16000,3.7704375,2.4825625,angry,4,01,normal,01,Kids are talking by the door,01,male,1,19
1109,05-01-01-02-19.wav,48000,16000,3.703708333333333,2.4815625,angry,4,01,normal,01,Kids are talking by the door,02,male,1,19
1110,05-01-02-01-19.wav,48000,16000,3.3033125,1.7625,angry,4,01,normal,02,Dogs are sitting by the door,01,male,1,19
1111,05-01-02-02-19.wav,48000,16000,3.5702291666666666,2.7365,angry,4,01,normal,02,Dogs are sitting by the door,02,male,1,19
1112,05-02-01-01-19.wav,48000,16000,3.970645833333333,2.3575,angry,4,02,strong,01,Kids are talking by the door,01,male,1,19
1113,05-02-01-02-19.wav,48000,16000,4.804791666666667,3.532375,angry,4,02,strong,01,Kids are talking by the door,02,male,1,19
1114,05-02-02-01-19.wav,48000,16000,4.337666666666666,3.8709375,angry,4,02,strong,02,Dogs are sitting by the door,01,male,1,19
1115,05-02-02-02-19.wav,48000,16000,4.104104166666667,2.48975,angry,4,02,strong,02,Dogs are sitting by the door,02,male,1,19
1116,06-01-01-01-19.wav,48000,16000,3.7036875,2.0810625,fearful,5,01,normal,01,Kids are talking by the door,01,male,1,19
1117,06-01-01-02-19.wav,48000,16000,3.5035,2.4326875,fearful,5,01,normal,01,Kids are talking by the door,02,male,1,19
1118,06-01-02-01-19.wav,48000,16000,3.7704375,2.70225,fearful,5,01,normal,02,Dogs are sitting by the door,01,male,1,19
1119,06-01-02-02-19.wav,48000,16000,3.536875,2.422875,fearful,5,01,normal,02,Dogs are sitting by the door,02,male,1,19
1120,06-02-01-01-19.wav,48000,16000,3.8371666666666666,3.0808125,fearful,5,02,strong,01,Kids are talking by the door,01,male,1,19
1121,06-02-01-02-19.wav,48000,16000,4.371020833333334,2.7200625,fearful,5,02,strong,01,Kids are talking by the door,02,male,1,19
1122,06-02-02-01-19.wav,48000,16000,3.5702291666666666,2.699375,fearful,5,02,strong,02,Dogs are sitting by the door,01,male,1,19
1123,06-02-02-02-19.wav,48000,16000,4.037354166666667,4.037375,fearful,5,02,strong,02,Dogs are sitting by the door,02,male,1,19
1124,07-01-01-01-19.wav,48000,16000,4.3043125,3.279625,disgust,6,01,normal,01,Kids are talking by the door,01,male,1,19
1125,07-01-01-02-19.wav,48000,16000,4.838166666666667,3.0806875,disgust,6,01,normal,01,Kids are talking by the door,02,male,1,19
1126,07-01-02-01-19.wav,48000,16000,4.170833333333333,3.2384375,disgust,6,01,normal,02,Dogs are sitting by the door,01,male,1,19
1127,07-01-02-02-19.wav,48000,16000,3.9372708333333333,2.5690625,disgust,6,01,normal,02,Dogs are sitting by the door,02,male,1,19
1128,07-02-01-01-19.wav,48000,16000,4.8048125,3.491625,disgust,6,02,strong,01,Kids are talking by the door,01,male,1,19
1129,07-02-01-02-19.wav,48000,16000,5.2719375,4.1389375,disgust,6,02,strong,01,Kids are talking by the door,02,male,1,19
1130,07-02-02-01-19.wav,48000,16000,4.904895833333334,3.5474375,disgust,6,02,strong,02,Dogs are sitting by the door,01,male,1,19
1131,07-02-02-02-19.wav,48000,16000,4.938270833333333,4.4439375,disgust,6,02,strong,02,Dogs are sitting by the door,02,male,1,19
1132,08-01-01-01-19.wav,48000,16000,3.7370625,2.173,surprised,7,01,normal,01,Kids are talking by the door,01,male,1,19
1133,08-01-01-02-19.wav,48000,16000,3.5368541666666666,2.1688125,surprised,7,01,normal,01,Kids are talking by the door,02,male,1,19
1134,08-01-02-01-19.wav,48000,16000,4.1040833333333335,2.877375,surprised,7,01,normal,02,Dogs are sitting by the door,01,male,1,19
1135,08-01-02-02-19.wav,48000,16000,3.06975,1.2079375,surprised,7,01,normal,02,Dogs are sitting by the door,02,male,1,19
1136,08-02-01-01-19.wav,48000,16000,4.104104166666667,2.5036875,surprised,7,02,strong,01,Kids are talking by the door,01,male,1,19
1137,08-02-01-02-19.wav,48000,16000,4.637979166666667,2.899625,surprised,7,02,strong,01,Kids are talking by the door,02,male,1,19
1138,08-02-02-01-19.wav,48000,16000,3.2365833333333334,2.162875,surprised,7,02,strong,02,Dogs are sitting by the door,01,male,1,19
1139,08-02-02-02-19.wav,48000,16000,3.2699375,1.561125,surprised,7,02,strong,02,Dogs are sitting by the door,02,male,1,19
1140,01-01-01-01-20.wav,48000,16000,3.470125,1.6256875,neutral,0,01,normal,01,Kids are talking by the door,01,female,0,20
1141,01-01-01-02-20.wav,48000,16000,3.5702291666666666,1.891875,neutral,0,01,normal,01,Kids are talking by the door,02,female,0,20
1142,01-01-02-01-20.wav,48000,16000,3.4367708333333336,1.555875,neutral,0,01,normal,02,Dogs are sitting by the door,01,female,0,20
1143,01-01-02-02-20.wav,48000,16000,3.536875,1.7728125,neutral,0,01,normal,02,Dogs are sitting by the door,02,female,0,20
1144,02-01-01-01-20.wav,48000,16000,3.6369583333333333,1.7485625,calm,1,01,normal,01,Kids are talking by the door,01,female,0,20
1145,02-01-01-02-20.wav,48000,16000,3.5702291666666666,1.610125,calm,1,01,normal,01,Kids are talking by the door,02,female,0,20
1146,02-01-02-01-20.wav,48000,16000,3.3366666666666664,1.485625,calm,1,01,normal,02,Dogs are sitting by the door,01,female,0,20
1147,02-01-02-02-20.wav,48000,16000,3.5035,1.60925,calm,1,01,normal,02,Dogs are sitting by the door,02,female,0,20
1148,02-02-01-01-20.wav,48000,16000,3.8705416666666665,1.737125,calm,1,02,strong,01,Kids are talking by the door,01,female,0,20
1149,02-02-01-02-20.wav,48000,16000,4.07075,2.099875,calm,1,02,strong,01,Kids are talking by the door,02,female,0,20
1150,02-02-02-01-20.wav,48000,16000,3.6369583333333333,1.809125,calm,1,02,strong,02,Dogs are sitting by the door,01,female,0,20
1151,02-02-02-02-20.wav,48000,16000,3.636979166666667,1.6799375,calm,1,02,strong,02,Dogs are sitting by the door,02,female,0,20
1152,03-01-01-01-20.wav,48000,16000,3.536875,1.6925625,happy,2,01,normal,01,Kids are talking by the door,01,female,0,20
1153,03-01-01-02-20.wav,48000,16000,3.7036875,1.83275,happy,2,01,normal,01,Kids are talking by the door,02,female,0,20
1154,03-01-02-01-20.wav,48000,16000,3.470125,1.869625,happy,2,01,normal,02,Dogs are sitting by the door,01,female,0,20
1155,03-01-02-02-20.wav,48000,16000,3.403395833333333,1.5435625,happy,2,01,normal,02,Dogs are sitting by the door,02,female,0,20
1156,03-02-01-01-20.wav,48000,16000,3.6703333333333332,1.8573125,happy,2,02,strong,01,Kids are talking by the door,01,female,0,20
1157,03-02-01-02-20.wav,48000,16000,4.304291666666667,3.375875,happy,2,02,strong,01,Kids are talking by the door,02,female,0,20
1158,03-02-02-01-20.wav,48000,16000,3.57025,1.9525,happy,2,02,strong,02,Dogs are sitting by the door,01,female,0,20
1159,03-02-02-02-20.wav,48000,16000,3.703708333333333,2.17225,happy,2,02,strong,02,Dogs are sitting by the door,02,female,0,20
1160,04-01-01-01-20.wav,48000,16000,3.6035833333333334,2.1411875,sad,3,01,normal,01,Kids are talking by the door,01,female,0,20
1161,04-01-01-02-20.wav,48000,16000,3.5035,1.4706875,sad,3,01,normal,01,Kids are talking by the door,02,female,0,20
1162,04-01-02-01-20.wav,48000,16000,3.470125,1.577625,sad,3,01,normal,02,Dogs are sitting by the door,01,female,0,20
1163,04-01-02-02-20.wav,48000,16000,3.370041666666667,1.500875,sad,3,01,normal,02,Dogs are sitting by the door,02,female,0,20
1164,04-02-01-01-20.wav,48000,16000,3.7704375,2.242625,sad,3,02,strong,01,Kids are talking by the door,01,female,0,20
1165,04-02-01-02-20.wav,48000,16000,4.2375625,3.0223125,sad,3,02,strong,01,Kids are talking by the door,02,female,0,20
1166,04-02-02-01-20.wav,48000,16000,3.8038125,1.8790625,sad,3,02,strong,02,Dogs are sitting by the door,01,female,0,20
1167,04-02-02-02-20.wav,48000,16000,3.970625,2.737125,sad,3,02,strong,02,Dogs are sitting by the door,02,female,0,20
1168,05-01-01-01-20.wav,48000,16000,3.2365833333333334,1.328875,angry,4,01,normal,01,Kids are talking by the door,01,female,0,20
1169,05-01-01-02-20.wav,48000,16000,3.7370625,1.8381875,angry,4,01,normal,01,Kids are talking by the door,02,female,0,20
1170,05-01-02-01-20.wav,48000,16000,3.6703333333333332,2.0801875,angry,4,01,normal,02,Dogs are sitting by the door,01,female,0,20
1171,05-01-02-02-20.wav,48000,16000,3.8037916666666667,2.6679375,angry,4,01,normal,02,Dogs are sitting by the door,02,female,0,20
1172,05-02-01-01-20.wav,48000,16000,4.137479166666667,3.3945,angry,4,02,strong,01,Kids are talking by the door,01,female,0,20
1173,05-02-01-02-20.wav,48000,16000,4.070729166666666,3.1635,angry,4,02,strong,01,Kids are talking by the door,02,female,0,20
1174,05-02-02-01-20.wav,48000,16000,4.404416666666667,2.8245,angry,4,02,strong,02,Dogs are sitting by the door,01,female,0,20
1175,05-02-02-02-20.wav,48000,16000,3.5368541666666666,2.186625,angry,4,02,strong,02,Dogs are sitting by the door,02,female,0,20
1176,06-01-01-01-20.wav,48000,16000,3.8038125,1.607125,fearful,5,01,normal,01,Kids are talking by the door,01,female,0,20
1177,06-01-01-02-20.wav,48000,16000,4.371020833333334,2.026125,fearful,5,01,normal,01,Kids are talking by the door,02,female,0,20
1178,06-01-02-01-20.wav,48000,16000,3.9372708333333333,1.621375,fearful,5,01,normal,02,Dogs are sitting by the door,01,female,0,20
1179,06-01-02-02-20.wav,48000,16000,3.3032916666666665,1.529375,fearful,5,01,normal,02,Dogs are sitting by the door,02,female,0,20
1180,06-02-01-01-20.wav,48000,16000,4.2375625,4.2375625,fearful,5,02,strong,01,Kids are talking by the door,01,female,0,20
1181,06-02-01-02-20.wav,48000,16000,4.170833333333333,4.170875,fearful,5,02,strong,01,Kids are talking by the door,02,female,0,20
1182,06-02-02-01-20.wav,48000,16000,3.8705416666666665,2.3725625,fearful,5,02,strong,02,Dogs are sitting by the door,01,female,0,20
1183,06-02-02-02-20.wav,48000,16000,3.9039166666666665,3.780125,fearful,5,02,strong,02,Dogs are sitting by the door,02,female,0,20
1184,07-01-01-01-20.wav,48000,16000,3.8705208333333334,2.0245,disgust,6,01,normal,01,Kids are talking by the door,01,female,0,20
1185,07-01-01-02-20.wav,48000,16000,3.7370625,2.226375,disgust,6,01,normal,01,Kids are talking by the door,02,female,0,20
1186,07-01-02-01-20.wav,48000,16000,3.6369583333333333,1.87275,disgust,6,01,normal,02,Dogs are sitting by the door,01,female,0,20
1187,07-01-02-02-20.wav,48000,16000,3.8371666666666666,2.2279375,disgust,6,01,normal,02,Dogs are sitting by the door,02,female,0,20
1188,07-02-01-01-20.wav,48000,16000,4.104104166666667,2.3500625,disgust,6,02,strong,01,Kids are talking by the door,01,female,0,20
1189,07-02-01-02-20.wav,48000,16000,4.1040833333333335,2.3833125,disgust,6,02,strong,01,Kids are talking by the door,02,female,0,20
1190,07-02-02-01-20.wav,48000,16000,4.7380625,3.02075,disgust,6,02,strong,02,Dogs are sitting by the door,01,female,0,20
1191,07-02-02-02-20.wav,48000,16000,3.8705208333333334,2.825875,disgust,6,02,strong,02,Dogs are sitting by the door,02,female,0,20
1192,08-01-01-01-20.wav,48000,16000,3.2365833333333334,1.3628125,surprised,7,01,normal,01,Kids are talking by the door,01,female,0,20
1193,08-01-01-02-20.wav,48000,16000,3.57025,2.0585,surprised,7,01,normal,01,Kids are talking by the door,02,female,0,20
1194,08-01-02-01-20.wav,48000,16000,3.1364791666666667,1.375125,surprised,7,01,normal,02,Dogs are sitting by the door,01,female,0,20
1195,08-01-02-02-20.wav,48000,16000,3.2031875,1.3714375,surprised,7,01,normal,02,Dogs are sitting by the door,02,female,0,20
1196,08-02-01-01-20.wav,48000,16000,3.7370625,2.6301875,surprised,7,02,strong,01,Kids are talking by the door,01,female,0,20
1197,08-02-01-02-20.wav,48000,16000,3.2365833333333334,1.651375,surprised,7,02,strong,01,Kids are talking by the door,02,female,0,20
1198,08-02-02-01-20.wav,48000,16000,3.5368541666666666,2.626375,surprised,7,02,strong,02,Dogs are sitting by the door,01,female,0,20
1199,08-02-02-02-20.wav,48000,16000,3.4367708333333336,1.9835625,surprised,7,02,strong,02,Dogs are sitting by the door,02,female,0,20
1200,01-01-01-01-21.wav,48000,16000,3.8371666666666666,2.1114375,neutral,0,01,normal,01,Kids are talking by the door,01,male,1,21
1201,01-01-01-02-21.wav,48000,16000,3.970625,2.2816875,neutral,0,01,normal,01,Kids are talking by the door,02,male,1,21
1202,01-01-02-01-21.wav,48000,16000,3.6036041666666665,1.9455,neutral,0,01,normal,02,Dogs are sitting by the door,01,male,1,21
1203,01-01-02-02-21.wav,48000,16000,3.6703333333333332,1.9429375,neutral,0,01,normal,02,Dogs are sitting by the door,02,male,1,21
1204,02-01-01-01-21.wav,48000,16000,4.037375,2.459125,calm,1,01,normal,01,Kids are talking by the door,01,male,1,21
1205,02-01-01-02-21.wav,48000,16000,4.004,2.5014375,calm,1,01,normal,01,Kids are talking by the door,02,male,1,21
1206,02-01-02-01-21.wav,48000,16000,3.8038125,2.122375,calm,1,01,normal,02,Dogs are sitting by the door,01,male,1,21
1207,02-01-02-02-21.wav,48000,16000,4.070729166666666,2.535125,calm,1,01,normal,02,Dogs are sitting by the door,02,male,1,21
1208,02-02-01-01-21.wav,48000,16000,4.004,2.8223125,calm,1,02,strong,01,Kids are talking by the door,01,male,1,21
1209,02-02-01-02-21.wav,48000,16000,4.170833333333333,3.079875,calm,1,02,strong,01,Kids are talking by the door,02,male,1,21
1210,02-02-02-01-21.wav,48000,16000,4.137479166666667,2.68175,calm,1,02,strong,02,Dogs are sitting by the door,01,male,1,21
1211,02-02-02-02-21.wav,48000,16000,3.970625,2.7324375,calm,1,02,strong,02,Dogs are sitting by the door,02,male,1,21
1212,03-01-01-01-21.wav,48000,16000,3.8371666666666666,2.0405,happy,2,01,normal,01,Kids are talking by the door,01,male,1,21
1213,03-01-01-02-21.wav,48000,16000,3.8037916666666667,2.28425,happy,2,01,normal,01,Kids are talking by the door,02,male,1,21
1214,03-01-02-01-21.wav,48000,16000,3.703708333333333,2.369125,happy,2,01,normal,02,Dogs are sitting by the door,01,male,1,21
1215,03-01-02-02-21.wav,48000,16000,3.8371666666666666,2.5154375,happy,2,01,normal,02,Dogs are sitting by the door,02,male,1,21
1216,03-02-01-01-21.wav,48000,16000,3.8037916666666667,2.1243125,happy,2,02,strong,01,Kids are talking by the door,01,male,1,21
1217,03-02-01-02-21.wav,48000,16000,3.9372708333333333,2.2705625,happy,2,02,strong,01,Kids are talking by the door,02,male,1,21
1218,03-02-02-01-21.wav,48000,16000,3.6703333333333332,2.0513125,happy,2,02,strong,02,Dogs are sitting by the door,01,male,1,21
1219,03-02-02-02-21.wav,48000,16000,3.8037916666666667,2.4720625,happy,2,02,strong,02,Dogs are sitting by the door,02,male,1,21
1220,04-01-01-01-21.wav,48000,16000,4.304291666666667,2.5055,sad,3,01,normal,01,Kids are talking by the door,01,male,1,21
1221,04-01-01-02-21.wav,48000,16000,4.604604166666666,2.7063125,sad,3,01,normal,01,Kids are talking by the door,02,male,1,21
1222,04-01-02-01-21.wav,48000,16000,4.07075,2.4183125,sad,3,01,normal,02,Dogs are sitting by the door,01,male,1,21
1223,04-01-02-02-21.wav,48000,16000,4.2041875,2.4053125,sad,3,01,normal,02,Dogs are sitting by the door,02,male,1,21
1224,04-02-01-01-21.wav,48000,16000,4.170833333333333,2.6609375,sad,3,02,strong,01,Kids are talking by the door,01,male,1,21
1225,04-02-01-02-21.wav,48000,16000,4.2709166666666665,2.7645625,sad,3,02,strong,01,Kids are talking by the door,02,male,1,21
1226,04-02-02-01-21.wav,48000,16000,4.2709375,2.7485625,sad,3,02,strong,02,Dogs are sitting by the door,01,male,1,21
1227,04-02-02-02-21.wav,48000,16000,4.137479166666667,2.609125,sad,3,02,strong,02,Dogs are sitting by the door,02,male,1,21
1228,05-01-01-01-21.wav,48000,16000,4.137479166666667,2.80925,angry,4,01,normal,01,Kids are talking by the door,01,male,1,21
1229,05-01-01-02-21.wav,48000,16000,4.004,2.3566875,angry,4,01,normal,01,Kids are talking by the door,02,male,1,21
1230,05-01-02-01-21.wav,48000,16000,4.070729166666666,2.8789375,angry,4,01,normal,02,Dogs are sitting by the door,01,male,1,21
1231,05-01-02-02-21.wav,48000,16000,3.9372708333333333,2.6511875,angry,4,01,normal,02,Dogs are sitting by the door,02,male,1,21
1232,05-02-01-01-21.wav,48000,16000,4.371041666666667,3.589875,angry,4,02,strong,01,Kids are talking by the door,01,male,1,21
1233,05-02-01-02-21.wav,48000,16000,4.471125,3.6523125,angry,4,02,strong,01,Kids are talking by the door,02,male,1,21
1234,05-02-02-01-21.wav,48000,16000,4.1040833333333335,2.8178125,angry,4,02,strong,02,Dogs are sitting by the door,01,male,1,21
1235,05-02-02-02-21.wav,48000,16000,4.2375625,3.2376875,angry,4,02,strong,02,Dogs are sitting by the door,02,male,1,21
1236,06-01-01-01-21.wav,48000,16000,3.6703333333333332,2.617625,fearful,5,01,normal,01,Kids are talking by the door,01,male,1,21
1237,06-01-01-02-21.wav,48000,16000,3.7704166666666667,2.54025,fearful,5,01,normal,01,Kids are talking by the door,02,male,1,21
1238,06-01-02-01-21.wav,48000,16000,3.970625,2.4479375,fearful,5,01,normal,02,Dogs are sitting by the door,01,male,1,21
1239,06-01-02-02-21.wav,48000,16000,4.070729166666666,2.1513125,fearful,5,01,normal,02,Dogs are sitting by the door,02,male,1,21
1240,06-02-01-01-21.wav,48000,16000,3.970625,2.7628125,fearful,5,02,strong,01,Kids are talking by the door,01,male,1,21
1241,06-02-01-02-21.wav,48000,16000,3.8371666666666666,2.78525,fearful,5,02,strong,01,Kids are talking by the door,02,male,1,21
1242,06-02-02-01-21.wav,48000,16000,3.7704375,2.4196875,fearful,5,02,strong,02,Dogs are sitting by the door,01,male,1,21
1243,06-02-02-02-21.wav,48000,16000,3.6369583333333333,2.1685,fearful,5,02,strong,02,Dogs are sitting by the door,02,male,1,21
1244,07-01-01-01-21.wav,48000,16000,3.8037916666666667,2.108,disgust,6,01,normal,01,Kids are talking by the door,01,male,1,21
1245,07-01-01-02-21.wav,48000,16000,4.07075,2.4589375,disgust,6,01,normal,01,Kids are talking by the door,02,male,1,21
1246,07-01-02-01-21.wav,48000,16000,3.636979166666667,2.1926875,disgust,6,01,normal,02,Dogs are sitting by the door,01,male,1,21
1247,07-01-02-02-21.wav,48000,16000,3.6036041666666665,1.8615,disgust,6,01,normal,02,Dogs are sitting by the door,02,male,1,21
1248,07-02-01-01-21.wav,48000,16000,4.070729166666666,2.2699375,disgust,6,02,strong,01,Kids are talking by the door,01,male,1,21
1249,07-02-01-02-21.wav,48000,16000,4.037354166666667,2.302625,disgust,6,02,strong,01,Kids are talking by the door,02,male,1,21
1250,07-02-02-01-21.wav,48000,16000,4.170833333333333,2.517125,disgust,6,02,strong,02,Dogs are sitting by the door,01,male,1,21
1251,07-02-02-02-21.wav,48000,16000,3.970625,2.44975,disgust,6,02,strong,02,Dogs are sitting by the door,02,male,1,21
1252,08-01-01-01-21.wav,48000,16000,3.5035,1.87125,surprised,7,01,normal,01,Kids are talking by the door,01,male,1,21
1253,08-01-01-02-21.wav,48000,16000,3.470125,1.7939375,surprised,7,01,normal,01,Kids are talking by the door,02,male,1,21
1254,08-01-02-01-21.wav,48000,16000,3.4701458333333335,1.89425,surprised,7,01,normal,02,Dogs are sitting by the door,01,male,1,21
1255,08-01-02-02-21.wav,48000,16000,3.5702291666666666,1.9611875,surprised,7,01,normal,02,Dogs are sitting by the door,02,male,1,21
1256,08-02-01-01-21.wav,48000,16000,3.6369583333333333,2.1059375,surprised,7,02,strong,01,Kids are talking by the door,01,male,1,21
1257,08-02-01-02-21.wav,48000,16000,3.636979166666667,2.214375,surprised,7,02,strong,01,Kids are talking by the door,02,male,1,21
1258,08-02-02-01-21.wav,48000,16000,3.4701458333333335,2.09575,surprised,7,02,strong,02,Dogs are sitting by the door,01,male,1,21
1259,08-02-02-02-21.wav,48000,16000,3.536875,2.090625,surprised,7,02,strong,02,Dogs are sitting by the door,02,male,1,21
1260,01-01-01-01-22.wav,48000,16000,3.636979166666667,2.0376875,neutral,0,01,normal,01,Kids are talking by the door,01,female,0,22
1261,01-01-01-02-22.wav,48000,16000,3.4367708333333336,2.03875,neutral,0,01,normal,01,Kids are talking by the door,02,female,0,22
1262,01-01-02-01-22.wav,48000,16000,3.6035833333333334,1.9675,neutral,0,01,normal,02,Dogs are sitting by the door,01,female,0,22
1263,01-01-02-02-22.wav,48000,16000,3.5368541666666666,2.00575,neutral,0,01,normal,02,Dogs are sitting by the door,02,female,0,22
1264,02-01-01-01-22.wav,48000,16000,3.5368541666666666,2.0425,calm,1,01,normal,01,Kids are talking by the door,01,female,0,22
1265,02-01-01-02-22.wav,48000,16000,3.5702291666666666,2.2190625,calm,1,01,normal,01,Kids are talking by the door,02,female,0,22
1266,02-01-02-01-22.wav,48000,16000,3.5702291666666666,2.032625,calm,1,01,normal,02,Dogs are sitting by the door,01,female,0,22
1267,02-01-02-02-22.wav,48000,16000,3.536875,2.019375,calm,1,01,normal,02,Dogs are sitting by the door,02,female,0,22
1268,02-02-01-01-22.wav,48000,16000,3.703708333333333,2.3879375,calm,1,02,strong,01,Kids are talking by the door,01,female,0,22
1269,02-02-01-02-22.wav,48000,16000,3.8371666666666666,2.247875,calm,1,02,strong,01,Kids are talking by the door,02,female,0,22
1270,02-02-02-01-22.wav,48000,16000,3.6369583333333333,2.232125,calm,1,02,strong,02,Dogs are sitting by the door,01,female,0,22
1271,02-02-02-02-22.wav,48000,16000,3.7704375,2.305625,calm,1,02,strong,02,Dogs are sitting by the door,02,female,0,22
1272,03-01-01-01-22.wav,48000,16000,3.536875,2.488125,happy,2,01,normal,01,Kids are talking by the door,01,female,0,22
1273,03-01-01-02-22.wav,48000,16000,3.4367708333333336,2.052125,happy,2,01,normal,01,Kids are talking by the door,02,female,0,22
1274,03-01-02-01-22.wav,48000,16000,3.5035,1.946875,happy,2,01,normal,02,Dogs are sitting by the door,01,female,0,22
1275,03-01-02-02-22.wav,48000,16000,3.5035,1.9296875,happy,2,01,normal,02,Dogs are sitting by the door,02,female,0,22
1276,03-02-01-01-22.wav,48000,16000,3.7370833333333335,2.3039375,happy,2,02,strong,01,Kids are talking by the door,01,female,0,22
1277,03-02-01-02-22.wav,48000,16000,3.8371666666666666,2.6430625,happy,2,02,strong,01,Kids are talking by the door,02,female,0,22
1278,03-02-02-01-22.wav,48000,16000,3.6703333333333332,2.3895,happy,2,02,strong,02,Dogs are sitting by the door,01,female,0,22
1279,03-02-02-02-22.wav,48000,16000,3.9372708333333333,2.7008125,happy,2,02,strong,02,Dogs are sitting by the door,02,female,0,22
1280,04-01-01-01-22.wav,48000,16000,3.6036041666666665,1.9760625,sad,3,01,normal,01,Kids are talking by the door,01,female,0,22
1281,04-01-01-02-22.wav,48000,16000,3.703708333333333,2.2325625,sad,3,01,normal,01,Kids are talking by the door,02,female,0,22
1282,04-01-02-01-22.wav,48000,16000,3.6703333333333332,2.38675,sad,3,01,normal,02,Dogs are sitting by the door,01,female,0,22
1283,04-01-02-02-22.wav,48000,16000,3.703708333333333,2.494375,sad,3,01,normal,02,Dogs are sitting by the door,02,female,0,22
1284,04-02-01-01-22.wav,48000,16000,3.7370625,2.3973125,sad,3,02,strong,01,Kids are talking by the door,01,female,0,22
1285,04-02-01-02-22.wav,48000,16000,3.636979166666667,2.475,sad,3,02,strong,01,Kids are talking by the door,02,female,0,22
1286,04-02-02-01-22.wav,48000,16000,3.7370833333333335,2.1923125,sad,3,02,strong,02,Dogs are sitting by the door,01,female,0,22
1287,04-02-02-02-22.wav,48000,16000,3.8371666666666666,2.1258125,sad,3,02,strong,02,Dogs are sitting by the door,02,female,0,22
1288,05-01-01-01-22.wav,48000,16000,3.703708333333333,2.3814375,angry,4,01,normal,01,Kids are talking by the door,01,female,0,22
1289,05-01-01-02-22.wav,48000,16000,3.7370625,2.141875,angry,4,01,normal,01,Kids are talking by the door,02,female,0,22
1290,05-01-02-01-22.wav,48000,16000,3.8705208333333334,2.54025,angry,4,01,normal,02,Dogs are sitting by the door,01,female,0,22
1291,05-01-02-02-22.wav,48000,16000,4.037354166666667,2.8020625,angry,4,01,normal,02,Dogs are sitting by the door,02,female,0,22
1292,05-02-01-01-22.wav,48000,16000,3.8705416666666665,2.5929375,angry,4,02,strong,01,Kids are talking by the door,01,female,0,22
1293,05-02-01-02-22.wav,48000,16000,3.9038958333333333,2.553625,angry,4,02,strong,01,Kids are talking by the door,02,female,0,22
1294,05-02-02-01-22.wav,48000,16000,4.237583333333333,2.921,angry,4,02,strong,02,Dogs are sitting by the door,01,female,0,22
1295,05-02-02-02-22.wav,48000,16000,4.204208333333334,2.9925,angry,4,02,strong,02,Dogs are sitting by the door,02,female,0,22
1296,06-01-01-01-22.wav,48000,16000,3.57025,2.3809375,fearful,5,01,normal,01,Kids are talking by the door,01,female,0,22
1297,06-01-01-02-22.wav,48000,16000,3.6036041666666665,2.181,fearful,5,01,normal,01,Kids are talking by the door,02,female,0,22
1298,06-01-02-01-22.wav,48000,16000,3.6703333333333332,2.601875,fearful,5,01,normal,02,Dogs are sitting by the door,01,female,0,22
1299,06-01-02-02-22.wav,48000,16000,3.536875,2.2834375,fearful,5,01,normal,02,Dogs are sitting by the door,02,female,0,22
1300,06-02-01-01-22.wav,48000,16000,3.5702291666666666,2.382,fearful,5,02,strong,01,Kids are talking by the door,01,female,0,22
1301,06-02-01-02-22.wav,48000,16000,3.5702291666666666,2.1736875,fearful,5,02,strong,01,Kids are talking by the door,02,female,0,22
1302,06-02-02-01-22.wav,48000,16000,3.6703333333333332,2.372,fearful,5,02,strong,02,Dogs are sitting by the door,01,female,0,22
1303,06-02-02-02-22.wav,48000,16000,3.6036041666666665,2.359375,fearful,5,02,strong,02,Dogs are sitting by the door,02,female,0,22
1304,07-01-01-01-22.wav,48000,16000,3.7036875,2.01675,disgust,6,01,normal,01,Kids are talking by the door,01,female,0,22
1305,07-01-01-02-22.wav,48000,16000,3.9038958333333333,2.50075,disgust,6,01,normal,01,Kids are talking by the door,02,female,0,22
1306,07-01-02-01-22.wav,48000,16000,3.8037916666666667,2.1696875,disgust,6,01,normal,02,Dogs are sitting by the door,01,female,0,22
1307,07-01-02-02-22.wav,48000,16000,3.8371666666666666,2.4266875,disgust,6,01,normal,02,Dogs are sitting by the door,02,female,0,22
1308,07-02-01-01-22.wav,48000,16000,4.2375625,2.9369375,disgust,6,02,strong,01,Kids are talking by the door,01,female,0,22
1309,07-02-01-02-22.wav,48000,16000,4.170833333333333,2.4864375,disgust,6,02,strong,01,Kids are talking by the door,02,female,0,22
1310,07-02-02-01-22.wav,48000,16000,4.204208333333334,2.6541875,disgust,6,02,strong,02,Dogs are sitting by the door,01,female,0,22
1311,07-02-02-02-22.wav,48000,16000,4.1040833333333335,2.761,disgust,6,02,strong,02,Dogs are sitting by the door,02,female,0,22
1312,08-01-01-01-22.wav,48000,16000,3.536875,1.970375,surprised,7,01,normal,01,Kids are talking by the door,01,female,0,22
1313,08-01-01-02-22.wav,48000,16000,3.5702291666666666,2.0571875,surprised,7,01,normal,01,Kids are talking by the door,02,female,0,22
1314,08-01-02-01-22.wav,48000,16000,3.4367708333333336,1.9669375,surprised,7,01,normal,02,Dogs are sitting by the door,01,female,0,22
1315,08-01-02-02-22.wav,48000,16000,3.6036041666666665,2.2108125,surprised,7,01,normal,02,Dogs are sitting by the door,02,female,0,22
1316,08-02-01-01-22.wav,48000,16000,3.5702291666666666,2.1785625,surprised,7,02,strong,01,Kids are talking by the door,01,female,0,22
1317,08-02-01-02-22.wav,48000,16000,3.7370833333333335,2.420125,surprised,7,02,strong,01,Kids are talking by the door,02,female,0,22
1318,08-02-02-01-22.wav,48000,16000,3.703708333333333,2.4760625,surprised,7,02,strong,02,Dogs are sitting by the door,01,female,0,22
1319,08-02-02-02-22.wav,48000,16000,3.6369583333333333,2.3475625,surprised,7,02,strong,02,Dogs are sitting by the door,02,female,0,22
1320,01-01-01-01-23.wav,48000,16000,3.8037916666666667,2.0648125,neutral,0,01,normal,01,Kids are talking by the door,01,male,1,23
1321,01-01-01-02-23.wav,48000,16000,3.7370625,1.8824375,neutral,0,01,normal,01,Kids are talking by the door,02,male,1,23
1322,01-01-02-01-23.wav,48000,16000,3.6703333333333332,1.79475,neutral,0,01,normal,02,Dogs are sitting by the door,01,male,1,23
1323,01-01-02-02-23.wav,48000,16000,3.8371666666666666,2.3550625,neutral,0,01,normal,02,Dogs are sitting by the door,02,male,1,23
1324,02-01-01-01-23.wav,48000,16000,3.970625,2.00325,calm,1,01,normal,01,Kids are talking by the door,01,male,1,23
1325,02-01-01-02-23.wav,48000,16000,4.070729166666666,1.8889375,calm,1,01,normal,01,Kids are talking by the door,02,male,1,23
1326,02-01-02-01-23.wav,48000,16000,4.170833333333333,1.8769375,calm,1,01,normal,02,Dogs are sitting by the door,01,male,1,23
1327,02-01-02-02-23.wav,48000,16000,4.004,1.971,calm,1,01,normal,02,Dogs are sitting by the door,02,male,1,23
1328,02-02-01-01-23.wav,48000,16000,4.604604166666666,2.450125,calm,1,02,strong,01,Kids are talking by the door,01,male,1,23
1329,02-02-01-02-23.wav,48000,16000,4.604583333333333,2.33875,calm,1,02,strong,01,Kids are talking by the door,02,male,1,23
1330,02-02-02-01-23.wav,48000,16000,4.104104166666667,1.8653125,calm,1,02,strong,02,Dogs are sitting by the door,01,male,1,23
1331,02-02-02-02-23.wav,48000,16000,4.571229166666667,2.3095625,calm,1,02,strong,02,Dogs are sitting by the door,02,male,1,23
1332,03-01-01-01-23.wav,48000,16000,3.3366666666666664,1.6185,happy,2,01,normal,01,Kids are talking by the door,01,male,1,23
1333,03-01-01-02-23.wav,48000,16000,3.2699375,1.586875,happy,2,01,normal,01,Kids are talking by the door,02,male,1,23
1334,03-01-02-01-23.wav,48000,16000,3.2365625,1.524125,happy,2,01,normal,02,Dogs are sitting by the door,01,male,1,23
1335,03-01-02-02-23.wav,48000,16000,3.2699375,1.48125,happy,2,01,normal,02,Dogs are sitting by the door,02,male,1,23
1336,03-02-01-01-23.wav,48000,16000,3.2365833333333334,1.416,happy,2,02,strong,01,Kids are talking by the door,01,male,1,23
1337,03-02-01-02-23.wav,48000,16000,3.2031875,1.4044375,happy,2,02,strong,01,Kids are talking by the door,02,male,1,23
1338,03-02-02-01-23.wav,48000,16000,3.2365625,1.4045,happy,2,02,strong,02,Dogs are sitting by the door,01,male,1,23
1339,03-02-02-02-23.wav,48000,16000,3.2365625,1.4660625,happy,2,02,strong,02,Dogs are sitting by the door,02,male,1,23
1340,04-01-01-01-23.wav,48000,16000,3.6036041666666665,1.884,sad,3,01,normal,01,Kids are talking by the door,01,male,1,23
1341,04-01-01-02-23.wav,48000,16000,3.8705416666666665,2.0931875,sad,3,01,normal,01,Kids are talking by the door,02,male,1,23
1342,04-01-02-01-23.wav,48000,16000,3.5702291666666666,1.7165,sad,3,01,normal,02,Dogs are sitting by the door,01,male,1,23
1343,04-01-02-02-23.wav,48000,16000,3.6703333333333332,1.9214375,sad,3,01,normal,02,Dogs are sitting by the door,02,male,1,23
1344,04-02-01-01-23.wav,48000,16000,4.2709375,3.1868125,sad,3,02,strong,01,Kids are talking by the door,01,male,1,23
1345,04-02-01-02-23.wav,48000,16000,4.371020833333334,2.78525,sad,3,02,strong,01,Kids are talking by the door,02,male,1,23
1346,04-02-02-01-23.wav,48000,16000,3.9372708333333333,2.067875,sad,3,02,strong,02,Dogs are sitting by the door,01,male,1,23
1347,04-02-02-02-23.wav,48000,16000,4.7380625,3.69075,sad,3,02,strong,02,Dogs are sitting by the door,02,male,1,23
1348,05-01-01-01-23.wav,48000,16000,3.3033125,1.4351875,angry,4,01,normal,01,Kids are talking by the door,01,male,1,23
1349,05-01-01-02-23.wav,48000,16000,3.3033125,1.4879375,angry,4,01,normal,01,Kids are talking by the door,02,male,1,23
1350,05-01-02-01-23.wav,48000,16000,3.2699375,1.5626875,angry,4,01,normal,02,Dogs are sitting by the door,01,male,1,23
1351,05-01-02-02-23.wav,48000,16000,3.3366666666666664,1.5041875,angry,4,01,normal,02,Dogs are sitting by the door,02,male,1,23
1352,05-02-01-01-23.wav,48000,16000,3.403395833333333,1.6650625,angry,4,02,strong,01,Kids are talking by the door,01,male,1,23
1353,05-02-01-02-23.wav,48000,16000,3.3366666666666664,1.6023125,angry,4,02,strong,01,Kids are talking by the door,02,male,1,23
1354,05-02-02-01-23.wav,48000,16000,3.2365625,1.64975,angry,4,02,strong,02,Dogs are sitting by the door,01,male,1,23
1355,05-02-02-02-23.wav,48000,16000,3.3032916666666665,1.658875,angry,4,02,strong,02,Dogs are sitting by the door,02,male,1,23
1356,06-01-01-01-23.wav,48000,16000,3.4367708333333336,1.6941875,fearful,5,01,normal,01,Kids are talking by the door,01,male,1,23
1357,06-01-01-02-23.wav,48000,16000,3.2365625,1.3884375,fearful,5,01,normal,01,Kids are talking by the door,02,male,1,23
1358,06-01-02-01-23.wav,48000,16000,3.136458333333333,1.3096875,fearful,5,01,normal,02,Dogs are sitting by the door,01,male,1,23
1359,06-01-02-02-23.wav,48000,16000,3.1031041666666668,1.274625,fearful,5,01,normal,02,Dogs are sitting by the door,02,male,1,23
1360,06-02-01-01-23.wav,48000,16000,3.5702291666666666,2.483375,fearful,5,02,strong,01,Kids are talking by the door,01,male,1,23
1361,06-02-01-02-23.wav,48000,16000,3.4367708333333336,2.0266875,fearful,5,02,strong,01,Kids are talking by the door,02,male,1,23
1362,06-02-02-01-23.wav,48000,16000,3.57025,1.8470625,fearful,5,02,strong,02,Dogs are sitting by the door,01,male,1,23
1363,06-02-02-02-23.wav,48000,16000,3.536875,2.627,fearful,5,02,strong,02,Dogs are sitting by the door,02,male,1,23
1364,07-01-01-01-23.wav,48000,16000,3.5702291666666666,1.719,disgust,6,01,normal,01,Kids are talking by the door,01,male,1,23
1365,07-01-01-02-23.wav,48000,16000,3.5702291666666666,1.70725,disgust,6,01,normal,01,Kids are talking by the door,02,male,1,23
1366,07-01-02-01-23.wav,48000,16000,3.470125,1.607875,disgust,6,01,normal,02,Dogs are sitting by the door,01,male,1,23
1367,07-01-02-02-23.wav,48000,16000,3.3366666666666664,1.47625,disgust,6,01,normal,02,Dogs are sitting by the door,02,male,1,23
1368,07-02-01-01-23.wav,48000,16000,4.070729166666666,1.98825,disgust,6,02,strong,01,Kids are talking by the door,01,male,1,23
1369,07-02-01-02-23.wav,48000,16000,3.8705208333333334,2.1243125,disgust,6,02,strong,01,Kids are talking by the door,02,male,1,23
1370,07-02-02-01-23.wav,48000,16000,3.7370625,1.8780625,disgust,6,02,strong,02,Dogs are sitting by the door,01,male,1,23
1371,07-02-02-02-23.wav,48000,16000,3.8705208333333334,1.944375,disgust,6,02,strong,02,Dogs are sitting by the door,02,male,1,23
1372,08-01-01-01-23.wav,48000,16000,3.2699375,1.4779375,surprised,7,01,normal,01,Kids are talking by the door,01,male,1,23
1373,08-01-01-02-23.wav,48000,16000,3.2365625,1.5401875,surprised,7,01,normal,01,Kids are talking by the door,02,male,1,23
1374,08-01-02-01-23.wav,48000,16000,3.3032916666666665,1.486875,surprised,7,01,normal,02,Dogs are sitting by the door,01,male,1,23
1375,08-01-02-02-23.wav,48000,16000,3.3033125,1.54925,surprised,7,01,normal,02,Dogs are sitting by the door,02,male,1,23
1376,08-02-01-01-23.wav,48000,16000,3.5035,1.8083125,surprised,7,02,strong,01,Kids are talking by the door,01,male,1,23
1377,08-02-01-02-23.wav,48000,16000,3.3700208333333332,1.668125,surprised,7,02,strong,01,Kids are talking by the door,02,male,1,23
1378,08-02-02-01-23.wav,48000,16000,3.3366666666666664,1.507,surprised,7,02,strong,02,Dogs are sitting by the door,01,male,1,23
1379,08-02-02-02-23.wav,48000,16000,3.3032916666666665,1.4830625,surprised,7,02,strong,02,Dogs are sitting by the door,02,male,1,23
1380,01-01-01-01-24.wav,48000,16000,3.703708333333333,1.837625,neutral,0,01,normal,01,Kids are talking by the door,01,female,0,24
1381,01-01-01-02-24.wav,48000,16000,3.6369583333333333,1.7838125,neutral,0,01,normal,01,Kids are talking by the door,02,female,0,24
1382,01-01-02-01-24.wav,48000,16000,3.636979166666667,1.7956875,neutral,0,01,normal,02,Dogs are sitting by the door,01,female,0,24
1383,01-01-02-02-24.wav,48000,16000,3.6036041666666665,1.84,neutral,0,01,normal,02,Dogs are sitting by the door,02,female,0,24
1384,02-01-01-01-24.wav,48000,16000,3.5702291666666666,1.7198125,calm,1,01,normal,01,Kids are talking by the door,01,female,0,24
1385,02-01-01-02-24.wav,48000,16000,3.5035,1.727375,calm,1,01,normal,01,Kids are talking by the door,02,female,0,24
1386,02-01-02-01-24.wav,48000,16000,3.8705416666666665,2.1644375,calm,1,01,normal,02,Dogs are sitting by the door,01,female,0,24
1387,02-01-02-02-24.wav,48000,16000,3.7036875,1.8420625,calm,1,01,normal,02,Dogs are sitting by the door,02,female,0,24
1388,02-02-01-01-24.wav,48000,16000,4.104104166666667,2.3155,calm,1,02,strong,01,Kids are talking by the door,01,female,0,24
1389,02-02-01-02-24.wav,48000,16000,4.070729166666666,2.206875,calm,1,02,strong,01,Kids are talking by the door,02,female,0,24
1390,02-02-02-01-24.wav,48000,16000,4.037375,2.144625,calm,1,02,strong,02,Dogs are sitting by the door,01,female,0,24
1391,02-02-02-02-24.wav,48000,16000,4.104104166666667,2.28525,calm,1,02,strong,02,Dogs are sitting by the door,02,female,0,24
1392,03-01-01-01-24.wav,48000,16000,3.6036041666666665,1.93075,happy,2,01,normal,01,Kids are talking by the door,01,female,0,24
1393,03-01-01-02-24.wav,48000,16000,3.9038958333333333,2.0811875,happy,2,01,normal,01,Kids are talking by the door,02,female,0,24
1394,03-01-02-01-24.wav,48000,16000,3.5035,1.663125,happy,2,01,normal,02,Dogs are sitting by the door,01,female,0,24
1395,03-01-02-02-24.wav,48000,16000,3.7370625,2.138125,happy,2,01,normal,02,Dogs are sitting by the door,02,female,0,24
1396,03-02-01-01-24.wav,48000,16000,4.004,2.4920625,happy,2,02,strong,01,Kids are talking by the door,01,female,0,24
1397,03-02-01-02-24.wav,48000,16000,3.7704375,2.2070625,happy,2,02,strong,01,Kids are talking by the door,02,female,0,24
1398,03-02-02-01-24.wav,48000,16000,3.8705416666666665,2.5185,happy,2,02,strong,02,Dogs are sitting by the door,01,female,0,24
1399,03-02-02-02-24.wav,48000,16000,3.8705416666666665,2.4574375,happy,2,02,strong,02,Dogs are sitting by the door,02,female,0,24
1400,04-01-01-01-24.wav,48000,16000,4.104104166666667,2.281,sad,3,01,normal,01,Kids are talking by the door,01,female,0,24
1401,04-01-01-02-24.wav,48000,16000,3.970625,2.1226875,sad,3,01,normal,01,Kids are talking by the door,02,female,0,24
1402,04-01-02-01-24.wav,48000,16000,3.536875,1.6528125,sad,3,01,normal,02,Dogs are sitting by the door,01,female,0,24
1403,04-01-02-02-24.wav,48000,16000,3.8371666666666666,1.9823125,sad,3,01,normal,02,Dogs are sitting by the door,02,female,0,24
1404,04-02-01-01-24.wav,48000,16000,4.404395833333333,2.7035,sad,3,02,strong,01,Kids are talking by the door,01,female,0,24
1405,04-02-01-02-24.wav,48000,16000,4.57125,2.800875,sad,3,02,strong,01,Kids are talking by the door,02,female,0,24
1406,04-02-02-01-24.wav,48000,16000,4.204208333333334,3.1366875,sad,3,02,strong,02,Dogs are sitting by the door,01,female,0,24
1407,04-02-02-02-24.wav,48000,16000,4.671333333333333,2.661,sad,3,02,strong,02,Dogs are sitting by the door,02,female,0,24
1408,05-01-01-01-24.wav,48000,16000,4.104104166666667,2.347,angry,4,01,normal,01,Kids are talking by the door,01,female,0,24
1409,05-01-01-02-24.wav,48000,16000,3.7370625,1.9841875,angry,4,01,normal,01,Kids are talking by the door,02,female,0,24
1410,05-01-02-01-24.wav,48000,16000,3.6703333333333332,2.0860625,angry,4,01,normal,02,Dogs are sitting by the door,01,female,0,24
1411,05-01-02-02-24.wav,48000,16000,4.2041875,2.7253125,angry,4,01,normal,02,Dogs are sitting by the door,02,female,0,24
1412,05-02-01-01-24.wav,48000,16000,4.371041666666667,2.8291875,angry,4,02,strong,01,Kids are talking by the door,01,female,0,24
1413,05-02-01-02-24.wav,48000,16000,4.371041666666667,2.472875,angry,4,02,strong,01,Kids are talking by the door,02,female,0,24
1414,05-02-02-01-24.wav,48000,16000,4.170833333333333,2.4555,angry,4,02,strong,02,Dogs are sitting by the door,01,female,0,24
1415,05-02-02-02-24.wav,48000,16000,5.105104166666667,3.3554375,angry,4,02,strong,02,Dogs are sitting by the door,02,female,0,24
1416,06-01-01-01-24.wav,48000,16000,4.104104166666667,3.003625,fearful,5,01,normal,01,Kids are talking by the door,01,female,0,24
1417,06-01-01-02-24.wav,48000,16000,4.070729166666666,2.65475,fearful,5,01,normal,01,Kids are talking by the door,02,female,0,24
1418,06-01-02-01-24.wav,48000,16000,3.93725,2.6340625,fearful,5,01,normal,02,Dogs are sitting by the door,01,female,0,24
1419,06-01-02-02-24.wav,48000,16000,4.004,2.267625,fearful,5,01,normal,02,Dogs are sitting by the door,02,female,0,24
1420,06-02-01-01-24.wav,48000,16000,3.8371666666666666,2.733875,fearful,5,02,strong,01,Kids are talking by the door,01,female,0,24
1421,06-02-01-02-24.wav,48000,16000,4.070729166666666,2.20675,fearful,5,02,strong,01,Kids are talking by the door,02,female,0,24
1422,06-02-02-01-24.wav,48000,16000,3.6035833333333334,2.6655625,fearful,5,02,strong,02,Dogs are sitting by the door,01,female,0,24
1423,06-02-02-02-24.wav,48000,16000,3.8371666666666666,2.400625,fearful,5,02,strong,02,Dogs are sitting by the door,02,female,0,24
1424,07-01-01-01-24.wav,48000,16000,4.304291666666667,2.6594375,disgust,6,01,normal,01,Kids are talking by the door,01,female,0,24
1425,07-01-01-02-24.wav,48000,16000,4.104104166666667,2.3933125,disgust,6,01,normal,01,Kids are talking by the door,02,female,0,24
1426,07-01-02-01-24.wav,48000,16000,4.004,2.5336875,disgust,6,01,normal,02,Dogs are sitting by the door,01,female,0,24
1427,07-01-02-02-24.wav,48000,16000,4.070729166666666,2.4489375,disgust,6,01,normal,02,Dogs are sitting by the door,02,female,0,24
1428,07-02-01-01-24.wav,48000,16000,4.337666666666666,2.6985625,disgust,6,02,strong,01,Kids are talking by the door,01,female,0,24
1429,07-02-01-02-24.wav,48000,16000,4.637958333333334,3.180875,disgust,6,02,strong,01,Kids are talking by the door,02,female,0,24
1430,07-02-02-01-24.wav,48000,16000,4.2375625,2.5428125,disgust,6,02,strong,02,Dogs are sitting by the door,01,female,0,24
1431,07-02-02-02-24.wav,48000,16000,4.437770833333333,2.9890625,disgust,6,02,strong,02,Dogs are sitting by the door,02,female,0,24
1432,08-01-01-01-24.wav,48000,16000,3.3033125,1.456875,surprised,7,01,normal,01,Kids are talking by the door,01,female,0,24
1433,08-01-01-02-24.wav,48000,16000,3.4701458333333335,1.8929375,surprised,7,01,normal,01,Kids are talking by the door,02,female,0,24
1434,08-01-02-01-24.wav,48000,16000,3.370041666666667,1.8179375,surprised,7,01,normal,02,Dogs are sitting by the door,01,female,0,24
1435,08-01-02-02-24.wav,48000,16000,3.403395833333333,1.873125,surprised,7,01,normal,02,Dogs are sitting by the door,02,female,0,24
1436,08-02-01-01-24.wav,48000,16000,3.9372708333333333,2.400875,surprised,7,02,strong,01,Kids are talking by the door,01,female,0,24
1437,08-02-01-02-24.wav,48000,16000,3.970625,2.3946875,surprised,7,02,strong,01,Kids are talking by the door,02,female,0,24
1438,08-02-02-01-24.wav,48000,16000,3.6703333333333332,2.489875,surprised,7,02,strong,02,Dogs are sitting by the door,01,female,0,24
1439,08-02-02-02-24.wav,48000,16000,3.6369583333333333,2.39475,surprised,7,02,strong,02,Dogs are sitting by the door,02,female,0,24
